store_id,sku_id,avg_daily_demand,on_hand,lead_time_days,demand_std,safety_stock,reorder_point,on_hand_units,target_stock,recommended_order_qty,max_sellable_units,days_cover_without_plan,stockout_days_without_plan,total_stock_with_plan,days_cover_with_plan,stockout_days_with_plan,stockout_days_reduced,lost_sales_avoided_units,lost_sales_avoided_value,inventory_value_before,inventory_value_after,inventory_value_change,best_case_demand,best_case_stockout_days,worst_case_demand,worst_case_stockout_days
ST001,SKU0001,0.27358490566037735,0.0,7,1.0398051117791167,4.539258467273081,6.454352806895722,0.0,8.20754716981132,5.471698113207547,5.471698113207547,0.0,30.0,5.471698113207547,20.0,10.0,20.0,5.471698113207547,547.1698113207548,0.0,547.1698113207548,547.1698113207548,0.2188679245283019,5.0,0.3283018867924528,13.333333333333332
ST001,SKU0002,0.2641509433962264,0.0,7,1.073611849621824,4.686841431873845,6.53589803564743,0.0,7.9245283018867925,5.283018867924528,5.283018867924528,0.0,30.0,5.283018867924528,20.0,10.0,20.0,5.283018867924528,528.3018867924528,0.0,528.3018867924528,528.3018867924528,0.21132075471698114,5.0000000000000036,0.3169811320754717,13.333333333333332
ST001,SKU0003,0.5734597156398105,0.0,7,2.4471668501385566,10.683081588544018,14.697299598022692,0.0,17.203791469194314,11.469194312796208,11.469194312796208,0.0,30.0,11.469194312796208,20.0,10.0,20.0,11.469194312796208,1146.9194312796208,0.0,1146.9194312796208,1146.9194312796208,0.4587677725118484,5.0000000000000036,0.6881516587677725,13.333333333333332
ST001,SKU0004,0.5829383886255924,0.0,7,2.0762816789808833,9.06398620760005,13.144554927979197,0.0,17.488151658767773,11.65876777251185,11.65876777251185,0.0,30.0,11.65876777251185,20.0,10.0,20.0,11.65876777251185,1165.8767772511849,0.0,1165.8767772511849,1165.8767772511849,0.466350710900474,5.0,0.6995260663507109,13.333333333333332
ST001,SKU0005,0.4858490566037736,0.0,7,2.122947904799361,9.267707134033813,12.668650530260228,0.0,14.575471698113208,9.716981132075471,9.716981132075471,0.0,30.0,9.716981132075471,20.0,10.0,20.0,9.716981132075471,971.6981132075471,0.0,971.6981132075471,971.6981132075471,0.3886792452830189,5.0000000000000036,0.5830188679245283,13.333333333333332
ST001,SKU0006,0.7061611374407583,0.0,7,3.2158698671560875,14.038846663448194,18.981974625533503,0.0,21.184834123222746,14.123222748815165,14.123222748815165,0.0,30.0,14.123222748815165,20.0,10.0,20.0,14.123222748815165,1412.3222748815165,0.0,1412.3222748815165,1412.3222748815165,0.5649289099526066,5.0,0.8473933649289099,13.333333333333336
ST001,SKU0007,1.0758293838862558,0.0,7,6.4130769414116475,27.996221097401637,35.527026784605425,0.0,32.274881516587676,21.516587677725116,21.516587677725116,0.0,30.0,21.516587677725116,20.0,10.0,20.0,21.516587677725116,2151.6587677725115,0.0,2151.6587677725115,2151.6587677725115,0.8606635071090047,5.0000000000000036,1.290995260663507,13.333333333333332
ST001,SKU0008,0.5094339622641509,0.0,7,2.0153217988609957,8.797866481063322,12.363904216912378,0.0,15.283018867924529,10.18867924528302,10.18867924528302,0.0,30.0,10.18867924528302,20.0,10.0,20.0,10.18867924528302,1018.867924528302,0.0,1018.867924528302,1018.867924528302,0.4075471698113208,5.0,0.6113207547169811,13.333333333333332
ST001,SKU0009,0.24528301886792453,0.0,7,1.0193513480177159,4.449967772997994,6.166948905073466,0.0,7.3584905660377355,4.90566037735849,4.90566037735849,0.0,30.0,4.90566037735849,20.0,10.0,20.0,4.90566037735849,490.566037735849,0.0,490.566037735849,490.566037735849,0.19622641509433963,5.0000000000000036,0.2943396226415094,13.333333333333332
ST001,SKU0010,0.36018957345971564,0.0,7,1.1518630714279112,5.028446331805516,7.5497733460235255,0.0,10.80568720379147,7.203791469194313,7.203791469194313,0.0,30.0,7.203791469194313,20.0,10.0,20.0,7.203791469194313,720.3791469194313,0.0,720.3791469194313,720.3791469194313,0.28815165876777254,5.0000000000000036,0.43222748815165873,13.333333333333332
ST001,SKU0011,0.5235849056603774,0.0,7,2.0754512733421437,9.060361080367823,12.725455419990464,0.0,15.707547169811322,10.471698113207548,10.471698113207548,0.0,30.0,10.471698113207548,20.0,10.0,20.0,10.471698113207548,1047.169811320755,0.0,1047.169811320755,1047.169811320755,0.41886792452830196,5.0000000000000036,0.6283018867924529,13.333333333333332
ST001,SKU0012,0.6839622641509434,0.0,7,2.7345650179565704,11.937715319392437,16.72545116844904,0.0,20.5188679245283,13.679245283018869,13.679245283018869,0.0,30.0,13.679245283018869,20.0,10.0,20.0,13.679245283018869,1367.9245283018868,0.0,1367.9245283018868,1367.9245283018868,0.5471698113207547,4.9999999999999964,0.8207547169811321,13.333333333333332
ST001,SKU0013,0.5213270142180095,0.0,7,2.0709487455845417,9.040705341983486,12.689994441509553,0.0,15.639810426540286,10.42654028436019,10.42654028436019,0.0,30.0,10.42654028436019,20.0,10.0,20.0,10.42654028436019,1042.654028436019,0.0,1042.654028436019,1042.654028436019,0.41706161137440767,5.0000000000000036,0.6255924170616114,13.333333333333332
ST001,SKU0014,0.5639810426540285,0.0,7,2.182054793869399,9.525737647296316,13.473604945874515,0.0,16.919431279620856,11.27962085308057,11.27962085308057,0.0,30.0,11.27962085308057,20.0,10.0,20.0,11.27962085308057,1127.9620853080569,0.0,1127.9620853080569,1127.9620853080569,0.4511848341232228,5.0,0.6767772511848341,13.333333333333332
ST001,SKU0015,0.981042654028436,0.0,7,8.232318475321785,35.93810120865338,42.80539978685243,0.0,29.431279620853083,19.620853080568722,19.620853080568722,0.0,30.0,19.620853080568722,20.0,10.0,20.0,19.620853080568722,1962.0853080568722,0.0,1962.0853080568722,1962.0853080568722,0.7848341232227489,5.0,1.1772511848341232,13.333333333333332
ST001,SKU0016,0.5801886792452831,0.0,7,2.3076596055802234,10.07406415447521,14.13538490919219,0.0,17.40566037735849,11.60377358490566,11.60377358490566,0.0,30.0,11.60377358490566,20.0,10.0,20.0,11.60377358490566,1160.377358490566,0.0,1160.377358490566,1160.377358490566,0.4641509433962265,5.0000000000000036,0.6962264150943397,13.333333333333336
ST001,SKU0017,0.5117370892018779,0.0,7,2.1513714990159833,9.391790040779076,12.973949665192222,0.0,15.352112676056336,10.234741784037558,10.234741784037558,0.0,30.0,10.234741784037558,20.0,10.0,20.0,10.234741784037558,1023.4741784037558,0.0,1023.4741784037558,1023.4741784037558,0.40938967136150234,5.0,0.6140845070422535,13.333333333333332
ST001,SKU0018,0.22169811320754718,0.0,7,1.008448173610812,4.402370077827971,5.954256870280801,0.0,6.650943396226415,4.433962264150944,4.433962264150944,0.0,30.0,4.433962264150944,20.000000000000004,9.999999999999996,20.000000000000004,4.433962264150944,443.3962264150944,0.0,443.3962264150944,443.3962264150944,0.17735849056603775,5.0,0.2660377358490566,13.333333333333332
ST001,SKU0019,0.976303317535545,0.0,7,3.8955906188234324,17.006160578752976,23.84028380150179,0.0,29.28909952606635,19.5260663507109,19.5260663507109,0.0,30.0,19.5260663507109,20.0,10.0,20.0,19.5260663507109,1952.6066350710898,0.0,1952.6066350710898,1952.6066350710898,0.7810426540284361,5.0000000000000036,1.171563981042654,13.333333333333332
ST001,SKU0020,0.5071090047393365,0.0,7,1.8267057735988785,7.974465172457008,11.524228205632363,0.0,15.213270142180095,10.142180094786731,10.142180094786731,0.0,30.0,10.142180094786731,20.0,10.0,20.0,10.142180094786731,1014.2180094786731,0.0,1014.2180094786731,1014.2180094786731,0.4056872037914692,5.0,0.6085308056872037,13.333333333333329
ST001,SKU0021,0.6919431279620853,0.0,7,2.834293649569195,12.373079629828073,17.21668152556267,0.0,20.75829383886256,13.838862559241708,13.838862559241708,0.0,30.0,13.838862559241708,20.0,10.0,20.0,13.838862559241708,1383.8862559241709,0.0,1383.8862559241709,1383.8862559241709,0.5535545023696683,5.0,0.8303317535545024,13.333333333333332
ST001,SKU0022,0.5545023696682464,0.0,7,1.9199742343866608,8.381627673933924,12.263144261611648,0.0,16.635071090047393,11.090047393364928,11.090047393364928,0.0,30.0,11.090047393364928,20.0,10.0,20.0,11.090047393364928,1109.0047393364928,0.0,1109.0047393364928,1109.0047393364928,0.44360189573459713,5.0,0.6654028436018956,13.333333333333332
ST001,SKU0023,0.8199052132701422,0.0,7,3.495000782140566,15.257389787508284,20.99672628039928,0.0,24.597156398104268,16.398104265402843,16.398104265402843,0.0,30.0,16.398104265402843,20.0,10.0,20.0,16.398104265402843,1639.8104265402842,0.0,1639.8104265402842,1639.8104265402842,0.6559241706161139,5.000000000000007,0.9838862559241706,13.333333333333332
ST001,SKU0024,0.5545023696682464,0.0,7,2.177944884025191,9.507795878354509,13.389312466032234,0.0,16.635071090047393,11.090047393364928,11.090047393364928,0.0,30.0,11.090047393364928,20.0,10.0,20.0,11.090047393364928,1109.0047393364928,0.0,1109.0047393364928,1109.0047393364928,0.44360189573459713,5.0,0.6654028436018956,13.333333333333332
ST001,SKU0025,0.5402843601895735,0.0,7,1.9053903273887514,8.317961778684655,12.099952300011669,0.0,16.208530805687204,10.80568720379147,10.80568720379147,0.0,30.0,10.80568720379147,20.0,10.0,20.0,10.80568720379147,1080.568720379147,0.0,1080.568720379147,1080.568720379147,0.4322274881516588,5.0,0.6483412322274882,13.333333333333332
ST001,SKU0026,0.2112676056338028,0.0,7,0.8781760625964212,3.833668523784035,5.312541763220655,0.0,6.338028169014084,4.225352112676056,4.225352112676056,0.0,30.0,4.225352112676056,20.0,10.0,20.0,4.225352112676056,422.53521126760563,0.0,422.53521126760563,422.53521126760563,0.16901408450704225,5.0,0.2535211267605634,13.333333333333336
ST001,SKU0027,0.22274881516587677,0.0,7,1.00600768170693,4.391716135648312,5.9509578418094495,0.0,6.682464454976303,4.454976303317536,4.454976303317536,0.0,30.0,4.454976303317536,20.0,10.0,20.0,4.454976303317536,445.49763033175356,0.0,445.49763033175356,445.49763033175356,0.17819905213270143,5.0,0.2672985781990521,13.333333333333332
ST001,SKU0028,0.2796208530805687,0.0,7,1.2620889140594063,5.5096361084370535,7.466982080001035,0.0,8.388625592417062,5.592417061611375,5.592417061611375,0.0,30.0,5.592417061611375,20.0,10.0,20.0,5.592417061611375,559.2417061611375,0.0,559.2417061611375,559.2417061611375,0.22369668246445498,5.0,0.33554502369668243,13.333333333333329
ST001,SKU0029,0.6244131455399061,0.0,7,2.4895565374246713,10.868133330220232,15.239025348999576,0.0,18.732394366197184,12.488262910798122,12.488262910798122,0.0,30.0,12.488262910798122,20.0,10.0,20.0,12.488262910798122,1248.826291079812,0.0,1248.826291079812,1248.826291079812,0.4995305164319249,5.0000000000000036,0.7492957746478873,13.333333333333332
ST001,SKU0030,0.23113207547169812,0.0,7,0.9481199363756768,4.139007781775498,5.756932310077385,0.0,6.933962264150944,4.622641509433962,4.622641509433962,0.0,30.0,4.622641509433962,20.0,10.0,20.0,4.622641509433962,462.26415094339626,0.0,462.26415094339626,462.26415094339626,0.1849056603773585,5.0,0.27735849056603773,13.333333333333332
ST001,SKU0031,0.5545023696682464,0.0,7,2.267916206091288,9.900564754823586,13.78208134250131,0.0,16.635071090047393,11.090047393364928,11.090047393364928,0.0,30.0,11.090047393364928,20.0,10.0,20.0,11.090047393364928,1109.0047393364928,0.0,1109.0047393364928,1109.0047393364928,0.44360189573459713,5.0,0.6654028436018956,13.333333333333332
ST001,SKU0032,0.6208530805687204,0.0,7,2.7444040435953263,11.980667484114942,16.326639048095984,0.0,18.62559241706161,12.417061611374407,12.417061611374407,0.0,30.0,12.417061611374407,20.0,10.0,20.0,12.417061611374407,1241.7061611374406,0.0,1241.7061611374406,1241.7061611374406,0.4966824644549763,5.0,0.7450236966824644,13.333333333333332
ST001,SKU0033,0.9150943396226415,0.0,7,3.1005821943087546,13.535559519332256,19.941219896690747,0.0,27.452830188679247,18.30188679245283,18.30188679245283,0.0,30.0,18.30188679245283,20.0,10.0,20.0,18.30188679245283,1830.188679245283,0.0,1830.188679245283,1830.188679245283,0.7320754716981133,5.0000000000000036,1.0981132075471698,13.333333333333332
ST001,SKU0034,0.2641509433962264,0.0,7,1.2528782921827655,5.4694272338424135,7.318483837615998,0.0,7.9245283018867925,5.283018867924528,5.283018867924528,0.0,30.0,5.283018867924528,20.0,10.0,20.0,5.283018867924528,528.3018867924528,0.0,528.3018867924528,528.3018867924528,0.21132075471698114,5.0000000000000036,0.3169811320754717,13.333333333333332
ST001,SKU0035,0.21800947867298578,0.0,7,0.8279969058518294,3.6146119337045883,5.140678284415489,0.0,6.540284360189574,4.360189573459715,4.360189573459715,0.0,30.0,4.360189573459715,20.0,10.0,20.0,4.360189573459715,436.01895734597156,0.0,436.01895734597156,436.01895734597156,0.17440758293838865,5.0000000000000036,0.2616113744075829,13.333333333333332
ST001,SKU0036,0.985781990521327,0.0,7,4.005328204833658,17.485218876151347,24.385692809800638,0.0,29.57345971563981,19.715639810426538,19.715639810426538,0.0,30.0,19.715639810426538,19.999999999999996,10.000000000000004,19.999999999999996,19.715639810426538,1971.5639810426537,0.0,1971.5639810426537,1971.5639810426537,0.7886255924170616,5.0000000000000036,1.1829383886255924,13.333333333333336
ST001,SKU0037,0.7075471698113207,0.0,7,2.594076303774116,11.324413289824724,16.27724347850397,0.0,21.22641509433962,14.150943396226413,14.150943396226413,0.0,30.0,14.150943396226413,20.0,10.0,20.0,14.150943396226413,1415.0943396226414,0.0,1415.0943396226414,1415.0943396226414,0.5660377358490566,5.0000000000000036,0.8490566037735848,13.333333333333336
ST001,SKU0038,0.981042654028436,0.0,7,3.4750294076289845,15.170204958516948,22.037503536716,0.0,29.431279620853083,19.620853080568722,19.620853080568722,0.0,30.0,19.620853080568722,20.0,10.0,20.0,19.620853080568722,1962.0853080568722,0.0,1962.0853080568722,1962.0853080568722,0.7848341232227489,5.0,1.1772511848341232,13.333333333333332
ST001,SKU0039,0.23222748815165878,0.0,7,1.0365254529770962,4.524941150673852,6.150533567735463,0.0,6.966824644549764,4.644549763033176,4.644549763033176,0.0,30.0,4.644549763033176,20.0,10.0,20.0,4.644549763033176,464.4549763033176,0.0,464.4549763033176,464.4549763033176,0.18578199052132705,5.0000000000000036,0.2786729857819905,13.333333333333332
ST001,SKU0040,0.4881516587677725,0.0,7,2.0779114733731574,9.071101058172758,12.488162669547165,0.0,14.644549763033176,9.76303317535545,9.76303317535545,0.0,30.0,9.76303317535545,20.0,10.0,20.0,9.76303317535545,976.3033175355449,0.0,976.3033175355449,976.3033175355449,0.39052132701421804,5.0000000000000036,0.585781990521327,13.333333333333332
ST001,SKU0041,0.2688679245283019,0.0,7,1.0523603087537183,4.594068049885855,6.4761435215839676,0.0,8.066037735849056,5.377358490566038,5.377358490566038,0.0,30.0,5.377358490566038,20.0,10.0,20.0,5.377358490566038,537.7358490566038,0.0,537.7358490566038,537.7358490566038,0.21509433962264152,5.0,0.32264150943396225,13.333333333333332
ST001,SKU0042,0.5377358490566038,0.0,7,2.0775237187410163,9.069408319334265,12.83355926273049,0.0,16.132075471698112,10.754716981132075,10.754716981132075,0.0,30.0,10.754716981132075,20.0,10.0,20.0,10.754716981132075,1075.4716981132076,0.0,1075.4716981132076,1075.4716981132076,0.43018867924528303,5.0,0.6452830188679245,13.333333333333332
ST001,SKU0043,0.2938388625592417,0.0,7,1.154250922875395,5.038870472616899,7.09574251053159,0.0,8.81516587677725,5.8767772511848335,5.8767772511848335,0.0,30.0,5.8767772511848335,20.0,10.0,20.0,5.8767772511848335,587.6777251184833,0.0,587.6777251184833,587.6777251184833,0.23507109004739335,5.0,0.35260663507109,13.333333333333336
ST001,SKU0044,0.8578199052132701,0.0,7,3.480376688121696,15.193548456234415,21.198287792727307,0.0,25.734597156398102,17.156398104265403,17.156398104265403,0.0,30.0,17.156398104265403,20.0,10.0,20.0,17.156398104265403,1715.6398104265402,0.0,1715.6398104265402,1715.6398104265402,0.6862559241706161,5.0,1.0293838862559241,13.333333333333332
ST001,SKU0045,0.5213270142180095,0.0,7,2.3367193409279516,10.200924128752689,13.850213228278756,0.0,15.639810426540286,10.42654028436019,10.42654028436019,0.0,30.0,10.42654028436019,20.0,10.0,20.0,10.42654028436019,1042.654028436019,0.0,1042.654028436019,1042.654028436019,0.41706161137440767,5.0000000000000036,0.6255924170616114,13.333333333333332
ST001,SKU0046,0.49056603773584906,0.0,7,1.59528501379509,6.964200237670586,10.39816250182153,0.0,14.716981132075471,9.81132075471698,9.81132075471698,0.0,30.0,9.81132075471698,20.0,10.0,20.0,9.81132075471698,981.132075471698,0.0,981.132075471698,981.132075471698,0.39245283018867927,5.0000000000000036,0.5886792452830188,13.333333333333332
ST001,SKU0047,0.7061611374407583,0.0,7,2.855055658302711,12.463715964342681,17.40684392642799,0.0,21.184834123222746,14.123222748815165,14.123222748815165,0.0,30.0,14.123222748815165,20.0,10.0,20.0,14.123222748815165,1412.3222748815165,0.0,1412.3222748815165,1412.3222748815165,0.5649289099526066,5.0,0.8473933649289099,13.333333333333336
ST001,SKU0048,0.95260663507109,0.0,7,3.4925267605415162,15.246589471790958,21.91483591728859,0.0,28.5781990521327,19.0521327014218,19.0521327014218,0.0,30.0,19.0521327014218,20.0,10.0,20.0,19.0521327014218,1905.2132701421801,0.0,1905.2132701421801,1905.2132701421801,0.762085308056872,5.0,1.1431279620853079,13.333333333333332
ST001,SKU0049,0.5023696682464455,0.0,7,1.9769490866651276,8.63035080262114,12.146938480346257,0.0,15.071090047393364,10.04739336492891,10.04739336492891,0.0,30.0,10.04739336492891,20.0,10.0,20.0,10.04739336492891,1004.739336492891,0.0,1004.739336492891,1004.739336492891,0.4018957345971564,5.0,0.6028436018957345,13.333333333333332
ST001,SKU0050,0.5545023696682464,0.0,7,2.3584934888396707,10.295978946387518,14.177495534065242,0.0,16.635071090047393,11.090047393364928,11.090047393364928,0.0,30.0,11.090047393364928,20.0,10.0,20.0,11.090047393364928,1109.0047393364928,0.0,1109.0047393364928,1109.0047393364928,0.44360189573459713,5.0,0.6654028436018956,13.333333333333332
ST001,SKU0051,0.8815165876777251,0.0,7,3.8396663512614295,16.76202376678586,22.932639880529933,0.0,26.445497630331754,17.6303317535545,17.6303317535545,0.0,30.0,17.6303317535545,19.999999999999996,10.000000000000004,19.999999999999996,17.6303317535545,1763.03317535545,0.0,1763.03317535545,1763.03317535545,0.7052132701421802,5.0000000000000036,1.0578199052132702,13.333333333333336
ST001,SKU0052,0.6113744075829384,0.0,7,2.201874419477966,9.61226001802013,13.8918808711007,0.0,18.341232227488153,12.227488151658768,12.227488151658768,0.0,30.0,12.227488151658768,20.0,10.0,20.0,12.227488151658768,1222.7488151658767,0.0,1222.7488151658767,1222.7488151658767,0.4890995260663507,5.0,0.733649289099526,13.333333333333332
ST001,SKU0053,0.6933962264150944,0.0,7,2.539797688249376,11.087460554815593,15.941234139721253,0.0,20.80188679245283,13.867924528301888,13.867924528301888,0.0,30.0,13.867924528301888,20.0,10.0,20.0,13.867924528301888,1386.7924528301887,0.0,1386.7924528301887,1386.7924528301887,0.5547169811320755,4.9999999999999964,0.8320754716981132,13.333333333333332
ST001,SKU0054,0.5233644859813084,0.0,7,2.5132355532934967,10.971503829231677,14.635055231100836,0.0,15.70093457943925,10.467289719626168,10.467289719626168,0.0,30.0,10.467289719626168,20.0,10.0,20.0,10.467289719626168,1046.7289719626167,0.0,1046.7289719626167,1046.7289719626167,0.4186915887850467,5.0,0.62803738317757,13.333333333333332
ST001,SKU0055,0.9052132701421801,0.0,7,3.5830980645264994,15.64197756312507,21.97847045412033,0.0,27.156398104265403,18.104265402843602,18.104265402843602,0.0,30.0,18.104265402843602,20.0,10.0,20.0,18.104265402843602,1810.4265402843603,0.0,1810.4265402843603,1810.4265402843603,0.7241706161137441,5.0,1.086255924170616,13.333333333333332
ST001,SKU0056,0.24644549763033174,0.0,7,1.0401117937240771,4.540597284133713,6.265715767546036,0.0,7.393364928909953,4.9289099526066344,4.9289099526066344,0.0,30.0,4.9289099526066344,19.999999999999996,10.000000000000004,19.999999999999996,4.9289099526066344,492.89099526066343,0.0,492.89099526066343,492.89099526066343,0.1971563981042654,5.0000000000000036,0.2957345971563981,13.333333333333336
ST001,SKU0057,0.4786729857819905,0.0,7,1.8343988614880518,8.00804926811572,11.358760168589653,0.0,14.360189573459715,9.57345971563981,9.57345971563981,0.0,30.0,9.57345971563981,20.0,10.0,20.0,9.57345971563981,957.345971563981,0.0,957.345971563981,957.345971563981,0.38293838862559243,5.0,0.5744075829383886,13.333333333333332
ST001,SKU0058,0.5639810426540285,0.0,7,1.9394233997372592,8.466532804230928,12.414400102809127,0.0,16.919431279620856,11.27962085308057,11.27962085308057,0.0,30.0,11.27962085308057,20.0,10.0,20.0,11.27962085308057,1127.9620853080569,0.0,1127.9620853080569,1127.9620853080569,0.4511848341232228,5.0,0.6767772511848341,13.333333333333332
ST001,SKU0059,0.3209302325581395,0.0,7,1.1935492776954495,5.210427034366836,7.456938662273812,0.0,9.627906976744185,6.4186046511627906,6.4186046511627906,0.0,30.0,6.4186046511627906,20.0,10.0,20.0,6.4186046511627906,641.8604651162791,0.0,641.8604651162791,641.8604651162791,0.2567441860465116,5.0,0.3851162790697674,13.333333333333332
ST001,SKU0060,0.9241706161137441,0.0,7,3.307125589691085,14.437222576887734,20.906416889683943,0.0,27.725118483412324,18.48341232227488,18.48341232227488,0.0,30.0,18.48341232227488,20.0,10.0,20.0,18.48341232227488,1848.341232227488,0.0,1848.341232227488,1848.341232227488,0.7393364928909953,5.0000000000000036,1.1090047393364928,13.333333333333332
ST001,SKU0061,0.7109004739336493,0.0,7,2.8362995080864084,12.381836184450922,17.358139501986468,0.0,21.32701421800948,14.218009478672986,14.218009478672986,0.0,30.0,14.218009478672986,20.0,10.0,20.0,14.218009478672986,1421.8009478672986,0.0,1421.8009478672986,1421.8009478672986,0.5687203791469194,5.0,0.8530805687203792,13.333333333333332
ST001,SKU0062,0.8957345971563981,0.0,7,3.789525765742452,16.54313555899313,22.813277739087916,0.0,26.872037914691944,17.914691943127963,17.914691943127963,0.0,30.0,17.914691943127963,20.0,10.0,20.0,17.914691943127963,1791.4691943127964,0.0,1791.4691943127964,1791.4691943127964,0.7165876777251186,5.0,1.0748815165876777,13.333333333333332
ST001,SKU0063,0.26291079812206575,0.0,7,1.2117292245809725,5.28979140457414,7.1301669914286,0.0,7.887323943661972,5.258215962441315,5.258215962441315,0.0,30.0,5.258215962441315,20.0,10.0,20.0,5.258215962441315,525.8215962441315,0.0,525.8215962441315,525.8215962441315,0.2103286384976526,5.0,0.3154929577464789,13.333333333333332
ST001,SKU0064,0.25118483412322273,0.0,7,0.9653205828005663,4.214097025944684,5.9723908648072435,0.0,7.535545023696682,5.023696682464455,5.023696682464455,0.0,30.0,5.023696682464455,20.0,10.0,20.0,5.023696682464455,502.3696682464455,0.0,502.3696682464455,502.3696682464455,0.2009478672985782,5.0,0.30142180094786725,13.333333333333332
ST001,SKU0065,0.27488151658767773,0.0,7,1.0329266604627996,4.509230659152485,6.433401275266229,0.0,8.246445497630331,5.497630331753554,5.497630331753554,0.0,30.0,5.497630331753554,20.0,10.0,20.0,5.497630331753554,549.7630331753554,0.0,549.7630331753554,549.7630331753554,0.2199052132701422,5.0000000000000036,0.3298578199052133,13.333333333333336
ST001,SKU0066,0.9292452830188679,0.0,7,6.554886270932485,28.6152882595782,35.12000524071028,0.0,27.877358490566035,18.58490566037736,18.58490566037736,0.0,30.0,18.58490566037736,20.0,10.0,20.0,18.58490566037736,1858.4905660377358,0.0,1858.4905660377358,1858.4905660377358,0.7433962264150944,5.0,1.1150943396226414,13.333333333333332
ST001,SKU0067,0.49295774647887325,0.0,7,1.8004708983355964,7.859937095678324,11.310641321030438,0.0,14.788732394366198,9.859154929577464,9.859154929577464,0.0,30.0,9.859154929577464,19.999999999999996,10.000000000000004,19.999999999999996,9.859154929577464,985.9154929577464,0.0,985.9154929577464,985.9154929577464,0.3943661971830986,5.0000000000000036,0.5915492957746479,13.333333333333336
ST001,SKU0068,0.5707547169811321,0.0,7,2.1462396071733103,9.369386819986937,13.364669838854862,0.0,17.122641509433965,11.415094339622643,11.415094339622643,0.0,30.0,11.415094339622643,20.0,10.0,20.0,11.415094339622643,1141.5094339622642,0.0,1141.5094339622642,1141.5094339622642,0.4566037735849057,5.0,0.6849056603773586,13.333333333333332
ST001,SKU0069,0.9292452830188679,0.0,7,3.5197066600395086,15.365243042097799,21.869960023229872,0.0,27.877358490566035,18.58490566037736,18.58490566037736,0.0,30.0,18.58490566037736,20.0,10.0,20.0,18.58490566037736,1858.4905660377358,0.0,1858.4905660377358,1858.4905660377358,0.7433962264150944,5.0,1.1150943396226414,13.333333333333332
ST001,SKU0070,0.27488151658767773,0.0,7,1.1298058662525352,4.932155830612082,6.856326446725826,0.0,8.246445497630331,5.497630331753554,5.497630331753554,0.0,30.0,5.497630331753554,20.0,10.0,20.0,5.497630331753554,549.7630331753554,0.0,549.7630331753554,549.7630331753554,0.2199052132701422,5.0000000000000036,0.3298578199052133,13.333333333333336
ST001,SKU0071,0.9241706161137441,0.0,7,3.5042740773014263,15.297872261677346,21.767066574473553,0.0,27.725118483412324,18.48341232227488,18.48341232227488,0.0,30.0,18.48341232227488,20.0,10.0,20.0,18.48341232227488,1848.341232227488,0.0,1848.341232227488,1848.341232227488,0.7393364928909953,5.0000000000000036,1.1090047393364928,13.333333333333332
ST001,SKU0072,0.5305164319248826,0.0,7,2.3662840496732738,10.329988559177583,14.04360358265176,0.0,15.915492957746478,10.610328638497652,10.610328638497652,0.0,30.0,10.610328638497652,20.0,10.0,20.0,10.610328638497652,1061.0328638497651,0.0,1061.0328638497651,1061.0328638497651,0.4244131455399061,5.0,0.6366197183098591,13.333333333333332
ST001,SKU0073,0.6384976525821596,0.0,7,2.5854859030648942,11.286911984325386,15.756395552400502,0.0,19.154929577464788,12.769953051643192,12.769953051643192,0.0,30.0,12.769953051643192,20.0,10.0,20.0,12.769953051643192,1276.9953051643192,0.0,1276.9953051643192,1276.9953051643192,0.5107981220657277,5.0000000000000036,0.7661971830985915,13.333333333333332
ST001,SKU0074,0.8909952606635071,0.0,7,3.7023113057574366,16.162401735442042,22.399368560086593,0.0,26.729857819905213,17.819905213270143,17.819905213270143,0.0,30.0,17.819905213270143,20.0,10.0,20.0,17.819905213270143,1781.9905213270142,0.0,1781.9905213270142,1781.9905213270142,0.7127962085308057,5.0,1.0691943127962085,13.333333333333332
ST001,SKU0075,0.6037735849056604,0.0,7,2.063812536414117,9.009552294615162,13.235967388954784,0.0,18.11320754716981,12.075471698113207,12.075471698113207,0.0,30.0,12.075471698113207,20.0,10.0,20.0,12.075471698113207,1207.5471698113206,0.0,1207.5471698113206,1207.5471698113206,0.4830188679245283,5.0000000000000036,0.7245283018867924,13.333333333333332
ST001,SKU0076,0.25,0.0,7,1.0111932794185456,4.414353808856178,6.164353808856178,0.0,7.5,5.0,5.0,0.0,30.0,5.0,20.0,10.0,20.0,5.0,500.0,0.0,500.0,500.0,0.2,5.0,0.3,13.333333333333332
ST001,SKU0077,0.976303317535545,0.0,7,3.604812601025572,15.73677214775418,22.570895370502996,0.0,29.28909952606635,19.5260663507109,19.5260663507109,0.0,30.0,19.5260663507109,20.0,10.0,20.0,19.5260663507109,1952.6066350710898,0.0,1952.6066350710898,1952.6066350710898,0.7810426540284361,5.0000000000000036,1.171563981042654,13.333333333333332
ST001,SKU0078,0.6745283018867925,0.0,7,2.50548446075434,10.937666514873044,15.659364628080592,0.0,20.235849056603776,13.49056603773585,13.49056603773585,0.0,30.0,13.49056603773585,20.0,10.0,20.0,13.49056603773585,1349.056603773585,0.0,1349.056603773585,1349.056603773585,0.539622641509434,5.0,0.809433962264151,13.333333333333332
ST001,SKU0079,0.2938388625592417,0.0,7,1.3588895861122845,5.932218441680183,7.989090479594875,0.0,8.81516587677725,5.8767772511848335,5.8767772511848335,0.0,30.0,5.8767772511848335,20.0,10.0,20.0,5.8767772511848335,587.6777251184833,0.0,587.6777251184833,587.6777251184833,0.23507109004739335,5.0,0.35260663507109,13.333333333333336
ST001,SKU0080,0.4786729857819905,0.0,7,2.0150080094795544,8.796496636762202,12.147207537236135,0.0,14.360189573459715,9.57345971563981,9.57345971563981,0.0,30.0,9.57345971563981,20.0,10.0,20.0,9.57345971563981,957.345971563981,0.0,957.345971563981,957.345971563981,0.38293838862559243,5.0,0.5744075829383886,13.333333333333332
ST001,SKU0081,0.27488151658767773,0.0,7,1.091213549083934,4.763681468931435,6.687852085045179,0.0,8.246445497630331,5.497630331753554,5.497630331753554,0.0,30.0,5.497630331753554,20.0,10.0,20.0,5.497630331753554,549.7630331753554,0.0,549.7630331753554,549.7630331753554,0.2199052132701422,5.0000000000000036,0.3298578199052133,13.333333333333336
ST001,SKU0082,0.9205607476635514,0.0,7,4.313778303547941,18.831754593719015,25.275679827363874,0.0,27.616822429906545,18.411214953271028,18.411214953271028,0.0,30.0,18.411214953271028,20.0,10.0,20.0,18.411214953271028,1841.1214953271028,0.0,1841.1214953271028,1841.1214953271028,0.7364485981308412,5.0000000000000036,1.1046728971962616,13.333333333333332
ST001,SKU0083,0.23696682464454977,0.0,7,1.1550132111546487,5.042198234220402,6.7009660067322505,0.0,7.109004739336493,4.739336492890995,4.739336492890995,0.0,30.0,4.739336492890995,20.0,10.0,20.0,4.739336492890995,473.93364928909955,0.0,473.93364928909955,473.93364928909955,0.18957345971563982,5.0,0.2843601895734597,13.333333333333332
ST001,SKU0084,0.23113207547169812,0.0,7,0.7778769511907242,3.3958137897086456,5.013738318010533,0.0,6.933962264150944,4.622641509433962,4.622641509433962,0.0,30.0,4.622641509433962,20.0,10.0,20.0,4.622641509433962,462.26415094339626,0.0,462.26415094339626,462.26415094339626,0.1849056603773585,5.0,0.27735849056603773,13.333333333333332
ST001,SKU0085,1.132701421800948,0.0,7,3.7443826881327786,16.34606392032051,24.274973872927145,0.0,33.981042654028435,22.654028436018958,22.654028436018958,0.0,30.0,22.654028436018958,20.0,10.0,20.0,22.654028436018958,2265.4028436018957,0.0,2265.4028436018957,2265.4028436018957,0.9061611374407583,5.0,1.3592417061611375,13.333333333333332
ST001,SKU0086,0.24882629107981222,0.0,7,1.0182583321552703,4.445196223548712,6.186980261107397,0.0,7.464788732394367,4.976525821596244,4.976525821596244,0.0,30.0,4.976525821596244,20.0,10.0,20.0,4.976525821596244,497.6525821596244,0.0,497.6525821596244,497.6525821596244,0.1990610328638498,5.0000000000000036,0.29859154929577464,13.333333333333332
ST001,SKU0087,0.22274881516587677,0.0,7,1.0201092511220453,4.453276391165694,6.012518097326832,0.0,6.682464454976303,4.454976303317536,4.454976303317536,0.0,30.0,4.454976303317536,20.0,10.0,20.0,4.454976303317536,445.49763033175356,0.0,445.49763033175356,445.49763033175356,0.17819905213270143,5.0,0.2672985781990521,13.333333333333332
ST001,SKU0088,0.6933962264150944,0.0,7,2.7130287325924036,11.843698888250222,16.697472473155884,0.0,20.80188679245283,13.867924528301888,13.867924528301888,0.0,30.0,13.867924528301888,20.0,10.0,20.0,13.867924528301888,1386.7924528301887,0.0,1386.7924528301887,1386.7924528301887,0.5547169811320755,4.9999999999999964,0.8320754716981132,13.333333333333332
ST001,SKU0089,0.5260663507109005,0.0,7,2.1697121106717514,9.471855791380136,13.15432024635644,0.0,15.781990521327014,10.52132701421801,10.52132701421801,0.0,30.0,10.52132701421801,20.0,10.0,20.0,10.52132701421801,1052.132701421801,0.0,1052.132701421801,1052.132701421801,0.4208530805687204,5.0,0.6312796208530805,13.333333333333332
ST001,SKU0090,0.5402843601895735,0.0,7,1.9668776112920325,8.586383880986151,12.368374402313165,0.0,16.208530805687204,10.80568720379147,10.80568720379147,0.0,30.0,10.80568720379147,20.0,10.0,20.0,10.80568720379147,1080.568720379147,0.0,1080.568720379147,1080.568720379147,0.4322274881516588,5.0,0.6483412322274882,13.333333333333332
ST002,SKU0001,0.22748815165876776,0.0,7,1.0489917352263711,4.579362576972301,6.171779638583676,0.0,6.824644549763033,4.549763033175355,4.549763033175355,0.0,30.0,4.549763033175355,20.0,10.0,20.0,4.549763033175355,454.97630331753555,0.0,454.97630331753555,454.97630331753555,0.1819905213270142,5.0,0.2729857819905213,13.333333333333332
ST002,SKU0002,0.22641509433962265,0.0,7,0.8120306167963637,3.5449112638723865,5.129816924249745,0.0,6.7924528301886795,4.528301886792453,4.528301886792453,0.0,30.0,4.528301886792453,20.0,10.0,20.0,4.528301886792453,452.8301886792453,0.0,452.8301886792453,452.8301886792453,0.18113207547169813,5.0000000000000036,0.27169811320754716,13.333333333333332
ST002,SKU0003,0.5260663507109005,0.0,7,2.1454343938777907,9.365871669668628,13.048336124644932,0.0,15.781990521327014,10.52132701421801,10.52132701421801,0.0,30.0,10.52132701421801,20.0,10.0,20.0,10.52132701421801,1052.132701421801,0.0,1052.132701421801,1052.132701421801,0.4208530805687204,5.0,0.6312796208530805,13.333333333333332
ST002,SKU0004,0.5707547169811321,0.0,7,2.3304482403954996,10.173547704201026,14.16883072306895,0.0,17.122641509433965,11.415094339622643,11.415094339622643,0.0,30.0,11.415094339622643,20.0,10.0,20.0,11.415094339622643,1141.5094339622642,0.0,1141.5094339622642,1141.5094339622642,0.4566037735849057,5.0,0.6849056603773586,13.333333333333332
ST002,SKU0005,0.47393364928909953,0.0,7,1.937851823750907,8.459672105507487,11.777207650531183,0.0,14.218009478672986,9.47867298578199,9.47867298578199,0.0,30.0,9.47867298578199,20.0,10.0,20.0,9.47867298578199,947.8672985781991,0.0,947.8672985781991,947.8672985781991,0.37914691943127965,5.0,0.5687203791469194,13.333333333333332
ST002,SKU0006,0.6824644549763034,0.0,7,2.9469315102512117,12.86479904632675,17.642050231160873,0.0,20.4739336492891,13.649289099526067,13.649289099526067,0.0,30.0,13.649289099526067,20.0,10.0,20.0,13.649289099526067,1364.9289099526068,0.0,1364.9289099526068,1364.9289099526068,0.5459715639810427,5.0000000000000036,0.818957345971564,13.333333333333332
ST002,SKU0007,0.6208530805687204,0.0,7,2.218609867682591,9.685318444167388,14.031290008148432,0.0,18.62559241706161,12.417061611374407,12.417061611374407,0.0,30.0,12.417061611374407,20.0,10.0,20.0,12.417061611374407,1241.7061611374406,0.0,1241.7061611374406,1241.7061611374406,0.4966824644549763,5.0,0.7450236966824644,13.333333333333332
ST002,SKU0008,0.4811320754716981,0.0,7,2.0339820728120475,8.879327714110175,12.247252242412063,0.0,14.433962264150944,9.622641509433961,9.622641509433961,0.0,30.0,9.622641509433961,19.999999999999996,10.000000000000004,19.999999999999996,9.622641509433961,962.2641509433961,0.0,962.2641509433961,962.2641509433961,0.3849056603773585,5.0000000000000036,0.5773584905660377,13.333333333333336
ST002,SKU0009,0.22641509433962265,0.0,7,0.8120306167963635,3.544911263872385,5.129816924249743,0.0,6.7924528301886795,4.528301886792453,4.528301886792453,0.0,30.0,4.528301886792453,20.0,10.0,20.0,4.528301886792453,452.8301886792453,0.0,452.8301886792453,452.8301886792453,0.18113207547169813,5.0000000000000036,0.27169811320754716,13.333333333333332
ST002,SKU0010,0.1990521327014218,0.0,7,0.9300276760514283,4.060026206345044,5.453391135254996,0.0,5.971563981042654,3.9810426540284363,3.9810426540284363,0.0,30.0,3.9810426540284363,20.0,10.0,20.0,3.9810426540284363,398.1042654028436,0.0,398.1042654028436,398.1042654028436,0.15924170616113745,5.0,0.23886255924170616,13.333333333333332
ST002,SKU0011,0.4716981132075472,0.0,7,1.5437232468725766,6.739107877151111,10.04099466960394,0.0,14.150943396226415,9.433962264150944,9.433962264150944,0.0,30.0,9.433962264150944,20.0,10.0,20.0,9.433962264150944,943.3962264150944,0.0,943.3962264150944,943.3962264150944,0.37735849056603776,5.0,0.5660377358490566,13.333333333333332
ST002,SKU0012,0.6226415094339622,0.0,7,2.639304914199408,11.521858321119794,15.88034888715753,0.0,18.67924528301887,12.452830188679245,12.452830188679245,0.0,30.0,12.452830188679245,20.0,10.0,20.0,12.452830188679245,1245.2830188679245,0.0,1245.2830188679245,1245.2830188679245,0.4981132075471698,5.0,0.7471698113207547,13.333333333333332
ST002,SKU0013,0.5023696682464455,0.0,7,2.276953703406497,9.940017855934839,13.456605533659957,0.0,15.071090047393364,10.04739336492891,10.04739336492891,0.0,30.0,10.04739336492891,20.0,10.0,20.0,10.04739336492891,1004.739336492891,0.0,1004.739336492891,1004.739336492891,0.4018957345971564,5.0,0.6028436018957345,13.333333333333332
ST002,SKU0014,0.5518867924528302,0.0,7,2.021717684224543,8.825787652505262,12.688995199675073,0.0,16.556603773584907,11.037735849056604,11.037735849056604,0.0,30.0,11.037735849056604,20.0,10.0,20.0,11.037735849056604,1103.7735849056605,0.0,1103.7735849056605,1103.7735849056605,0.4415094339622642,5.0000000000000036,0.6622641509433963,13.333333333333336
ST002,SKU0015,0.47393364928909953,0.0,7,1.940307578797374,8.470392678778328,11.787928223802025,0.0,14.218009478672986,9.47867298578199,9.47867298578199,0.0,30.0,9.47867298578199,20.0,10.0,20.0,9.47867298578199,947.8672985781991,0.0,947.8672985781991,947.8672985781991,0.37914691943127965,5.0,0.5687203791469194,13.333333333333332
ST002,SKU0016,0.5330188679245284,0.0,7,2.233702288653136,9.751204251907819,13.482336327379517,0.0,15.990566037735851,10.660377358490567,10.660377358490567,0.0,30.0,10.660377358490567,20.0,10.0,20.0,10.660377358490567,1066.0377358490568,0.0,1066.0377358490568,1066.0377358490568,0.4264150943396227,5.0,0.639622641509434,13.333333333333332
ST002,SKU0017,0.4928909952606635,0.0,7,1.950261687560453,8.51384723769048,11.964084204515125,0.0,14.786729857819905,9.857819905213269,9.857819905213269,0.0,30.0,9.857819905213269,19.999999999999996,10.000000000000004,19.999999999999996,9.857819905213269,985.7819905213269,0.0,985.7819905213269,985.7819905213269,0.3943127962085308,5.0000000000000036,0.5914691943127962,13.333333333333336
ST002,SKU0018,0.24528301886792453,0.0,7,0.916528798240466,4.0010969947957244,5.718078126871196,0.0,7.3584905660377355,4.90566037735849,4.90566037735849,0.0,30.0,4.90566037735849,20.0,10.0,20.0,4.90566037735849,490.566037735849,0.0,490.566037735849,490.566037735849,0.19622641509433963,5.0000000000000036,0.2943396226415094,13.333333333333332
ST002,SKU0019,0.8720379146919431,0.0,7,3.2917971815210474,14.370306569467258,20.474571972310862,0.0,26.161137440758296,17.44075829383886,17.44075829383886,0.0,30.0,17.44075829383886,20.0,10.0,20.0,17.44075829383886,1744.0758293838862,0.0,1744.0758293838862,1744.0758293838862,0.6976303317535546,5.0000000000000036,1.0464454976303317,13.333333333333332
ST002,SKU0020,0.4834123222748815,0.0,7,1.8109349638975127,7.905617865724509,11.28950412164868,0.0,14.502369668246445,9.66824644549763,9.66824644549763,0.0,30.0,9.66824644549763,20.0,10.0,20.0,9.66824644549763,966.824644549763,0.0,966.824644549763,966.824644549763,0.3867298578199052,5.0,0.5800947867298578,13.333333333333336
ST002,SKU0021,0.6066350710900474,0.0,7,2.255523074060938,9.846462665049717,14.09290816268005,0.0,18.199052132701425,12.132701421800949,12.132701421800949,0.0,30.0,12.132701421800949,20.0,10.0,20.0,12.132701421800949,1213.2701421800948,0.0,1213.2701421800948,1213.2701421800948,0.485308056872038,5.0,0.727962085308057,13.333333333333332
ST002,SKU0022,0.5308056872037915,0.0,7,2.1118145695937542,9.219104674276165,12.934744484702705,0.0,15.924170616113745,10.61611374407583,10.61611374407583,0.0,30.0,10.61611374407583,20.0,10.0,20.0,10.61611374407583,1061.611374407583,0.0,1061.611374407583,1061.611374407583,0.42464454976303323,5.0,0.6369668246445498,13.333333333333332
ST002,SKU0023,0.6398104265402843,0.0,7,2.4384085290137416,10.644847228206158,15.123520213988147,0.0,19.19431279620853,12.796208530805686,12.796208530805686,0.0,30.0,12.796208530805686,20.0,10.0,20.0,12.796208530805686,1279.6208530805686,0.0,1279.6208530805686,1279.6208530805686,0.5118483412322274,5.0,0.7677725118483412,13.333333333333332
ST002,SKU0024,0.4716981132075472,0.0,7,1.7989335817798258,7.8532259561449544,11.155112748597784,0.0,14.150943396226415,9.433962264150944,9.433962264150944,0.0,30.0,9.433962264150944,20.0,10.0,20.0,9.433962264150944,943.3962264150944,0.0,943.3962264150944,943.3962264150944,0.37735849056603776,5.0,0.5660377358490566,13.333333333333332
ST002,SKU0025,0.4481132075471698,0.0,7,2.175291281125226,9.496211602324324,12.633004055154514,0.0,13.443396226415095,8.962264150943396,8.962264150943396,0.0,30.0,8.962264150943396,20.0,10.0,20.0,8.962264150943396,896.2264150943396,0.0,896.2264150943396,896.2264150943396,0.3584905660377359,5.0000000000000036,0.5377358490566038,13.333333333333332
ST002,SKU0026,0.1990521327014218,0.0,7,0.8827441262944404,3.8536103586388357,5.246975287548788,0.0,5.971563981042654,3.9810426540284363,3.9810426540284363,0.0,30.0,3.9810426540284363,20.0,10.0,20.0,3.9810426540284363,398.1042654028436,0.0,398.1042654028436,398.1042654028436,0.15924170616113745,5.0,0.23886255924170616,13.333333333333332
ST002,SKU0027,0.23696682464454977,0.0,7,1.2152829550351294,5.305305178137762,6.96407295064961,0.0,7.109004739336493,4.739336492890995,4.739336492890995,0.0,30.0,4.739336492890995,20.0,10.0,20.0,4.739336492890995,473.93364928909955,0.0,473.93364928909955,473.93364928909955,0.18957345971563982,5.0,0.2843601895734597,13.333333333333332
ST002,SKU0028,0.24528301886792453,0.0,7,1.0332052988941165,4.510447052344185,6.227428184419657,0.0,7.3584905660377355,4.90566037735849,4.90566037735849,0.0,30.0,4.90566037735849,20.0,10.0,20.0,4.90566037735849,490.566037735849,0.0,490.566037735849,490.566037735849,0.19622641509433963,5.0000000000000036,0.2943396226415094,13.333333333333332
ST002,SKU0029,0.5355450236966824,0.0,7,2.293347950177264,10.0115867707495,13.760401936626277,0.0,16.066350710900473,10.710900473933648,10.710900473933648,0.0,30.0,10.710900473933648,20.0,10.0,20.0,10.710900473933648,1071.0900473933648,0.0,1071.0900473933648,1071.0900473933648,0.42843601895734595,5.0,0.6426540284360189,13.333333333333336
ST002,SKU0030,0.2028301886792453,0.0,7,0.876978607570593,3.8284410462465677,5.248252367001285,0.0,6.084905660377359,4.056603773584905,4.056603773584905,0.0,30.0,4.056603773584905,19.999999999999996,10.000000000000004,19.999999999999996,4.056603773584905,405.66037735849056,0.0,405.66037735849056,405.66037735849056,0.16226415094339625,5.0000000000000036,0.24339622641509434,13.333333333333336
ST002,SKU0031,0.5165876777251185,0.0,7,1.8856499992461382,8.231785580228784,11.847899324304613,0.0,15.497630331753555,10.33175355450237,10.33175355450237,0.0,30.0,10.33175355450237,20.0,10.0,20.0,10.33175355450237,1033.175355450237,0.0,1033.175355450237,1033.175355450237,0.41327014218009483,5.0,0.6199052132701421,13.333333333333332
ST002,SKU0032,0.5545023696682464,0.0,7,2.328010823437464,10.162907185665675,14.0444237733434,0.0,16.635071090047393,11.090047393364928,11.090047393364928,0.0,30.0,11.090047393364928,20.0,10.0,20.0,11.090047393364928,1109.0047393364928,0.0,1109.0047393364928,1109.0047393364928,0.44360189573459713,5.0,0.6654028436018956,13.333333333333332
ST002,SKU0033,0.8962264150943396,0.0,7,3.514166982205741,15.341059635776713,21.61464454143709,0.0,26.88679245283019,17.92452830188679,17.92452830188679,0.0,30.0,17.92452830188679,20.0,10.0,20.0,17.92452830188679,1792.4528301886792,0.0,1792.4528301886792,1792.4528301886792,0.7169811320754718,5.0000000000000036,1.0754716981132075,13.333333333333332
ST002,SKU0034,0.22748815165876776,0.0,7,0.963823162797337,4.207560054399034,5.7999771160104086,0.0,6.824644549763033,4.549763033175355,4.549763033175355,0.0,30.0,4.549763033175355,20.0,10.0,20.0,4.549763033175355,454.97630331753555,0.0,454.97630331753555,454.97630331753555,0.1819905213270142,5.0,0.2729857819905213,13.333333333333332
ST002,SKU0035,0.1990521327014218,0.0,7,0.8095848743015224,3.5342344002921693,4.927599329202122,0.0,5.971563981042654,3.9810426540284363,3.9810426540284363,0.0,30.0,3.9810426540284363,20.0,10.0,20.0,3.9810426540284363,398.1042654028436,0.0,398.1042654028436,398.1042654028436,0.15924170616113745,5.0,0.23886255924170616,13.333333333333332
ST002,SKU0036,0.9386792452830188,0.0,7,3.5346643795098456,15.430540811831445,22.001295528812577,0.0,28.160377358490564,18.77358490566038,18.77358490566038,0.0,30.0,18.77358490566038,20.000000000000004,9.999999999999996,20.000000000000004,18.77358490566038,1877.3584905660377,0.0,1877.3584905660377,1877.3584905660377,0.7509433962264151,5.0,1.1264150943396225,13.333333333333332
ST002,SKU0037,0.6872037914691943,0.0,7,2.5942752453715205,11.325281767311788,16.135708307596147,0.0,20.61611374407583,13.744075829383887,13.744075829383887,0.0,30.0,13.744075829383887,20.0,10.0,20.0,13.744075829383887,1374.4075829383887,0.0,1374.4075829383887,1374.4075829383887,0.5497630331753555,5.0,0.8246445497630331,13.333333333333332
ST002,SKU0038,1.0328638497652582,0.0,7,4.049673847251347,17.67880931973624,24.908856268093047,0.0,30.985915492957748,20.657276995305164,20.657276995305164,0.0,30.0,20.657276995305164,20.0,10.0,20.0,20.657276995305164,2065.7276995305165,0.0,2065.7276995305165,2065.7276995305165,0.8262910798122066,5.0,1.2394366197183098,13.333333333333332
ST002,SKU0039,0.2132701421800948,0.0,7,0.8378056474303396,3.6574318936751298,5.1503228889357935,0.0,6.398104265402844,4.265402843601896,4.265402843601896,0.0,30.0,4.265402843601896,20.0,10.0,20.0,4.265402843601896,426.54028436018956,0.0,426.54028436018956,426.54028436018956,0.17061611374407584,5.0,0.2559241706161137,13.333333333333332
ST002,SKU0040,0.4312796208530806,0.0,7,1.6238601196243845,7.088944566794835,10.1079019127664,0.0,12.938388625592417,8.625592417061611,8.625592417061611,0.0,30.0,8.625592417061611,20.0,10.0,20.0,8.625592417061611,862.5592417061612,0.0,862.5592417061612,862.5592417061612,0.34502369668246446,5.0,0.5175355450236967,13.333333333333336
ST002,SKU0041,0.24170616113744076,0.0,7,0.9377607212879154,4.093784735390424,5.78572786335251,0.0,7.251184834123222,4.834123222748815,4.834123222748815,0.0,30.0,4.834123222748815,20.0,10.0,20.0,4.834123222748815,483.4123222748815,0.0,483.4123222748815,483.4123222748815,0.1933649289099526,5.0,0.2900473933649289,13.333333333333336
ST002,SKU0042,0.5497630331753555,0.0,7,2.354557372367427,10.278795870614564,14.127137102842052,0.0,16.492890995260662,10.995260663507109,10.995260663507109,0.0,30.0,10.995260663507109,20.0,10.0,20.0,10.995260663507109,1099.5260663507108,0.0,1099.5260663507108,1099.5260663507108,0.4398104265402844,5.0000000000000036,0.6597156398104266,13.333333333333336
ST002,SKU0043,0.23696682464454977,0.0,7,0.9106555952608373,3.9754575878979477,5.634225360409796,0.0,7.109004739336493,4.739336492890995,4.739336492890995,0.0,30.0,4.739336492890995,20.0,10.0,20.0,4.739336492890995,473.93364928909955,0.0,473.93364928909955,473.93364928909955,0.18957345971563982,5.0,0.2843601895734597,13.333333333333332
ST002,SKU0044,0.8301886792452831,0.0,7,3.0101619301539255,13.14083079081542,18.952151545532402,0.0,24.90566037735849,16.60377358490566,16.60377358490566,0.0,30.0,16.60377358490566,20.0,10.0,20.0,16.60377358490566,1660.377358490566,0.0,1660.377358490566,1660.377358490566,0.6641509433962265,5.0000000000000036,0.9962264150943396,13.333333333333332
ST002,SKU0045,0.46919431279620855,0.0,7,1.7627761695596813,7.695381146847808,10.979741336421268,0.0,14.075829383886257,9.383886255924171,9.383886255924171,0.0,30.0,9.383886255924171,20.0,10.0,20.0,9.383886255924171,938.3886255924172,0.0,938.3886255924172,938.3886255924172,0.37535545023696687,5.0,0.5630331753554503,13.333333333333332
ST002,SKU0046,0.4976303317535545,0.0,7,2.105264167527582,9.190508961766117,12.673921284040999,0.0,14.928909952606634,9.95260663507109,9.95260663507109,0.0,30.0,9.95260663507109,20.0,10.0,20.0,9.95260663507109,995.260663507109,0.0,995.260663507109,995.260663507109,0.3981042654028436,5.0,0.5971563981042654,13.333333333333332
ST002,SKU0047,0.7417840375586855,0.0,7,2.995907682144541,13.078604018472959,18.27109228138376,0.0,22.253521126760564,14.83568075117371,14.83568075117371,0.0,30.0,14.83568075117371,20.0,10.0,20.0,14.83568075117371,1483.5680751173709,0.0,1483.5680751173709,1483.5680751173709,0.5934272300469484,5.0,0.8901408450704226,13.333333333333332
ST002,SKU0048,0.8815165876777251,0.0,7,3.5817247206790674,15.635982244755011,21.806598358499087,0.0,26.445497630331754,17.6303317535545,17.6303317535545,0.0,30.0,17.6303317535545,19.999999999999996,10.000000000000004,19.999999999999996,17.6303317535545,1763.03317535545,0.0,1763.03317535545,1763.03317535545,0.7052132701421802,5.0000000000000036,1.0578199052132702,13.333333333333336
ST002,SKU0049,0.44075829383886256,0.0,7,1.8465018131758868,8.060884578603856,11.146192635475895,0.0,13.222748815165877,8.81516587677725,8.81516587677725,0.0,30.0,8.81516587677725,19.999999999999996,10.000000000000004,19.999999999999996,8.81516587677725,881.516587677725,0.0,881.516587677725,881.516587677725,0.3526066350710901,5.0000000000000036,0.5289099526066351,13.333333333333336
ST002,SKU0050,0.5707547169811321,0.0,7,2.272792590088367,9.921852558756903,13.917135577624828,0.0,17.122641509433965,11.415094339622643,11.415094339622643,0.0,30.0,11.415094339622643,20.0,10.0,20.0,11.415094339622643,1141.5094339622642,0.0,1141.5094339622642,1141.5094339622642,0.4566037735849057,5.0,0.6849056603773586,13.333333333333332
ST002,SKU0051,0.7867298578199052,0.0,7,3.0716854715610946,13.409411174875354,18.91652017961469,0.0,23.601895734597157,15.734597156398104,15.734597156398104,0.0,30.0,15.734597156398104,20.0,10.0,20.0,15.734597156398104,1573.4597156398104,0.0,1573.4597156398104,1573.4597156398104,0.6293838862559242,5.0000000000000036,0.9440758293838862,13.333333333333332
ST002,SKU0052,1.0377358490566038,0.0,7,8.275956757509578,36.128603678466455,43.39275462186268,0.0,31.132075471698112,20.754716981132077,20.754716981132077,0.0,30.0,20.754716981132077,20.0,10.0,20.0,20.754716981132077,2075.471698113208,0.0,2075.471698113208,2075.471698113208,0.8301886792452831,5.0,1.2452830188679245,13.333333333333332
ST002,SKU0053,0.5924170616113744,0.0,7,2.4013367976415787,10.483010968101956,14.629930399381577,0.0,17.77251184834123,11.848341232227488,11.848341232227488,0.0,30.0,11.848341232227488,20.0,10.0,20.0,11.848341232227488,1184.8341232227488,0.0,1184.8341232227488,1184.8341232227488,0.47393364928909953,5.0,0.7109004739336493,13.333333333333332
ST002,SKU0054,0.5047169811320755,0.0,7,1.9629208372625626,8.569110624860658,12.102129492785187,0.0,15.141509433962266,10.09433962264151,10.09433962264151,0.0,30.0,10.09433962264151,20.0,10.0,20.0,10.09433962264151,1009.433962264151,0.0,1009.433962264151,1009.433962264151,0.40377358490566045,5.0000000000000036,0.6056603773584907,13.333333333333336
ST002,SKU0055,0.8962264150943396,0.0,7,3.2258706757617697,14.082505090040508,20.356089995700884,0.0,26.88679245283019,17.92452830188679,17.92452830188679,0.0,30.0,17.92452830188679,20.0,10.0,20.0,17.92452830188679,1792.4528301886792,0.0,1792.4528301886792,1792.4528301886792,0.7169811320754718,5.0000000000000036,1.0754716981132075,13.333333333333332
ST002,SKU0056,0.205607476635514,0.0,7,0.8018560365913672,3.5004942391594986,4.939746575608097,0.0,6.168224299065421,4.11214953271028,4.11214953271028,0.0,30.0,4.11214953271028,20.0,10.0,20.0,4.11214953271028,411.214953271028,0.0,411.214953271028,411.214953271028,0.16448598130841122,5.0000000000000036,0.2467289719626168,13.333333333333336
ST002,SKU0057,0.49528301886792453,0.0,7,2.1562158389561215,9.41293795671305,12.87991908878852,0.0,14.858490566037736,9.90566037735849,9.90566037735849,0.0,30.0,9.90566037735849,20.0,10.0,20.0,9.90566037735849,990.566037735849,0.0,990.566037735849,990.566037735849,0.39622641509433965,5.0000000000000036,0.5943396226415094,13.333333333333332
ST002,SKU0058,0.5260663507109005,0.0,7,1.9255260692069749,8.405864151454113,12.088328606430416,0.0,15.781990521327014,10.52132701421801,10.52132701421801,0.0,30.0,10.52132701421801,20.0,10.0,20.0,10.52132701421801,1052.132701421801,0.0,1052.132701421801,1052.132701421801,0.4208530805687204,5.0,0.6312796208530805,13.333333333333332
ST002,SKU0059,0.23696682464454977,0.0,7,1.0693826852280637,4.6683790584286715,6.32714683094052,0.0,7.109004739336493,4.739336492890995,4.739336492890995,0.0,30.0,4.739336492890995,20.0,10.0,20.0,4.739336492890995,473.93364928909955,0.0,473.93364928909955,473.93364928909955,0.18957345971563982,5.0,0.2843601895734597,13.333333333333332
ST002,SKU0060,0.9056603773584906,0.0,7,3.503629267666207,15.295057351880029,21.63467999338946,0.0,27.169811320754718,18.11320754716981,18.11320754716981,0.0,30.0,18.11320754716981,20.0,10.0,20.0,18.11320754716981,1811.3207547169811,0.0,1811.3207547169811,1811.3207547169811,0.7245283018867925,5.0000000000000036,1.0867924528301887,13.333333333333332
ST002,SKU0061,0.6556603773584906,0.0,7,2.7259184352048087,11.89996875176713,16.489591393276562,0.0,19.669811320754718,13.11320754716981,13.11320754716981,0.0,30.0,13.11320754716981,20.0,10.0,20.0,13.11320754716981,1311.3207547169811,0.0,1311.3207547169811,1311.3207547169811,0.5245283018867924,5.0,0.7867924528301887,13.333333333333336
ST002,SKU0062,0.8490566037735849,0.0,7,3.567341205492081,15.573191157884928,21.516587384300024,0.0,25.471698113207548,16.9811320754717,16.9811320754717,0.0,30.0,16.9811320754717,20.0,10.0,20.0,16.9811320754717,1698.1132075471698,0.0,1698.1132075471698,1698.1132075471698,0.679245283018868,5.0,1.0188679245283019,13.333333333333332
ST002,SKU0063,0.24882629107981222,0.0,7,1.013615345552484,4.4249273135276095,6.166711351086295,0.0,7.464788732394367,4.976525821596244,4.976525821596244,0.0,30.0,4.976525821596244,20.0,10.0,20.0,4.976525821596244,497.6525821596244,0.0,497.6525821596244,497.6525821596244,0.1990610328638498,5.0000000000000036,0.29859154929577464,13.333333333333332
ST002,SKU0064,0.2559241706161137,0.0,7,1.0146078172347932,4.429259938397806,6.220729132710602,0.0,7.677725118483412,5.118483412322274,5.118483412322274,0.0,30.0,5.118483412322274,20.0,10.0,20.0,5.118483412322274,511.8483412322274,0.0,511.8483412322274,511.8483412322274,0.204739336492891,5.0000000000000036,0.30710900473933644,13.333333333333332
ST002,SKU0065,0.22274881516587677,0.0,7,0.8296034786835381,3.6216254107946813,5.1808671169558185,0.0,6.682464454976303,4.454976303317536,4.454976303317536,0.0,30.0,4.454976303317536,20.0,10.0,20.0,4.454976303317536,445.49763033175356,0.0,445.49763033175356,445.49763033175356,0.17819905213270143,5.0,0.2672985781990521,13.333333333333332
ST002,SKU0066,0.5165876777251185,0.0,7,2.0032021307895564,8.744958195375352,12.36107193945118,0.0,15.497630331753555,10.33175355450237,10.33175355450237,0.0,30.0,10.33175355450237,20.0,10.0,20.0,10.33175355450237,1033.175355450237,0.0,1033.175355450237,1033.175355450237,0.41327014218009483,5.0,0.6199052132701421,13.333333333333332
ST002,SKU0067,0.4339622641509434,0.0,7,1.8084523399492274,7.8947799965405165,10.93251584559712,0.0,13.018867924528303,8.679245283018869,8.679245283018869,0.0,30.0,8.679245283018869,20.0,10.0,20.0,8.679245283018869,867.9245283018869,0.0,867.9245283018869,867.9245283018869,0.34716981132075475,5.0,0.5207547169811321,13.333333333333332
ST002,SKU0068,0.5781990521327014,0.0,7,1.8250371367908558,7.9671807557198555,12.014574120648765,0.0,17.345971563981042,11.563981042654028,11.563981042654028,0.0,30.0,11.563981042654028,20.0,10.0,20.0,11.563981042654028,1156.3981042654027,0.0,1156.3981042654027,1156.3981042654027,0.46255924170616114,5.0,0.6938388625592417,13.333333333333332
ST002,SKU0069,0.8443396226415094,0.0,7,3.4171738049182925,14.917636922921943,20.828014281412507,0.0,25.330188679245282,16.88679245283019,16.88679245283019,0.0,30.0,16.88679245283019,20.0,10.0,20.0,16.88679245283019,1688.6792452830189,0.0,1688.6792452830189,1688.6792452830189,0.6754716981132076,5.0000000000000036,1.0132075471698112,13.333333333333332
ST002,SKU0070,0.24056603773584906,0.0,7,1.1818756321357837,5.159465855343593,6.843428119494536,0.0,7.216981132075472,4.811320754716981,4.811320754716981,0.0,30.0,4.811320754716981,19.999999999999996,10.000000000000004,19.999999999999996,4.811320754716981,481.13207547169804,0.0,481.13207547169804,481.13207547169804,0.19245283018867926,5.0000000000000036,0.28867924528301886,13.333333333333336
ST002,SKU0071,0.8066037735849056,0.0,7,2.880783492292395,12.576030557682627,18.222256972776968,0.0,24.19811320754717,16.132075471698112,16.132075471698112,0.0,30.0,16.132075471698112,20.0,10.0,20.0,16.132075471698112,1613.2075471698113,0.0,1613.2075471698113,1613.2075471698113,0.6452830188679246,5.0000000000000036,0.9679245283018867,13.333333333333332
ST002,SKU0072,0.5213270142180095,0.0,7,2.082413924861538,9.090756463604597,12.740045563130664,0.0,15.639810426540286,10.42654028436019,10.42654028436019,0.0,30.0,10.42654028436019,20.0,10.0,20.0,10.42654028436019,1042.654028436019,0.0,1042.654028436019,1042.654028436019,0.41706161137440767,5.0000000000000036,0.6255924170616114,13.333333333333332
ST002,SKU0073,0.6587677725118484,0.0,7,2.3537521004930597,10.275280464570901,14.88665487215384,0.0,19.763033175355453,13.175355450236967,13.175355450236967,0.0,30.0,13.175355450236967,20.0,10.0,20.0,13.175355450236967,1317.5355450236968,0.0,1317.5355450236968,1317.5355450236968,0.5270142180094787,5.0,0.7905213270142181,13.333333333333332
ST002,SKU0074,0.9620853080568721,0.0,7,4.740753748822394,20.695711486529017,27.430308642927123,0.0,28.862559241706162,19.241706161137444,19.241706161137444,0.0,30.0,19.241706161137444,20.000000000000004,9.999999999999996,20.000000000000004,19.241706161137444,1924.1706161137445,0.0,1924.1706161137445,1924.1706161137445,0.7696682464454977,5.0,1.1545023696682464,13.333333333333329
ST002,SKU0075,0.5424528301886793,0.0,7,2.2483463375753816,9.815132696106106,13.612302507426861,0.0,16.27358490566038,10.849056603773587,10.849056603773587,0.0,30.0,10.849056603773587,20.0,10.0,20.0,10.849056603773587,1084.9056603773586,0.0,1084.9056603773586,1084.9056603773586,0.43396226415094347,5.0,0.6509433962264152,13.333333333333332
ST002,SKU0076,0.22169811320754718,0.0,7,0.8885266271756941,3.8788538064637206,5.43074059891655,0.0,6.650943396226415,4.433962264150944,4.433962264150944,0.0,30.0,4.433962264150944,20.000000000000004,9.999999999999996,20.000000000000004,4.433962264150944,443.3962264150944,0.0,443.3962264150944,443.3962264150944,0.17735849056603775,5.0,0.2660377358490566,13.333333333333332
ST002,SKU0077,0.8450704225352113,0.0,7,3.2735988821545767,14.290862081694081,20.20635503944056,0.0,25.352112676056336,16.901408450704224,16.901408450704224,0.0,30.0,16.901408450704224,20.0,10.0,20.0,16.901408450704224,1690.1408450704225,0.0,1690.1408450704225,1690.1408450704225,0.676056338028169,5.0,1.0140845070422535,13.333333333333336
ST002,SKU0078,0.6303317535545023,0.0,7,2.662943123668184,11.625050680213631,16.037372955095147,0.0,18.90995260663507,12.606635071090047,12.606635071090047,0.0,30.0,12.606635071090047,20.0,10.0,20.0,12.606635071090047,1260.6635071090047,0.0,1260.6635071090047,1260.6635071090047,0.5042654028436019,5.0,0.7563981042654028,13.333333333333332
ST002,SKU0079,0.23696682464454977,0.0,7,1.1632296149038641,5.078066859856745,6.736834632368593,0.0,7.109004739336493,4.739336492890995,4.739336492890995,0.0,30.0,4.739336492890995,20.0,10.0,20.0,4.739336492890995,473.93364928909955,0.0,473.93364928909955,473.93364928909955,0.18957345971563982,5.0,0.2843601895734597,13.333333333333332
ST002,SKU0080,0.4858490566037736,0.0,7,2.1184783360989163,9.248195278072807,12.649138674299222,0.0,14.575471698113208,9.716981132075471,9.716981132075471,0.0,30.0,9.716981132075471,20.0,10.0,20.0,9.716981132075471,971.6981132075471,0.0,971.6981132075471,971.6981132075471,0.3886792452830189,5.0000000000000036,0.5830188679245283,13.333333333333332
ST002,SKU0081,0.25471698113207547,0.0,7,1.1063052444638792,4.829564109113602,6.61258297703813,0.0,7.6415094339622645,5.09433962264151,5.09433962264151,0.0,30.0,5.09433962264151,20.0,10.0,20.0,5.09433962264151,509.433962264151,0.0,509.433962264151,509.433962264151,0.2037735849056604,5.0,0.30566037735849055,13.333333333333332
ST002,SKU0082,0.8672985781990521,0.0,7,3.9013333253118025,17.031230304567075,23.10232035196044,0.0,26.018957345971565,17.345971563981042,17.345971563981042,0.0,30.0,17.345971563981042,20.0,10.0,20.0,17.345971563981042,1734.5971563981043,0.0,1734.5971563981043,1734.5971563981043,0.6938388625592418,5.0000000000000036,1.0407582938388624,13.333333333333332
ST002,SKU0083,0.2037914691943128,0.0,7,1.005312002800373,4.388679156572793,5.8152194409329825,0.0,6.113744075829384,4.075829383886256,4.075829383886256,0.0,30.0,4.075829383886256,20.0,10.0,20.0,4.075829383886256,407.58293838862556,0.0,407.58293838862556,407.58293838862556,0.16303317535545025,5.0000000000000036,0.24454976303317533,13.333333333333332
ST002,SKU0084,0.20754716981132076,0.0,7,0.9805403397892605,4.280538717756106,5.733368906435351,0.0,6.226415094339623,4.150943396226415,4.150943396226415,0.0,30.0,4.150943396226415,20.0,10.0,20.0,4.150943396226415,415.0943396226415,0.0,415.0943396226415,415.0943396226415,0.16603773584905662,5.0000000000000036,0.2490566037735849,13.333333333333332
ST002,SKU0085,0.8388625592417062,0.0,7,3.7584959802294646,16.407675351083114,22.279713265775058,0.0,25.165876777251185,16.777251184834125,16.777251184834125,0.0,30.0,16.777251184834125,20.0,10.0,20.0,16.777251184834125,1677.7251184834124,0.0,1677.7251184834124,1677.7251184834124,0.671090047393365,5.0,1.0066350710900474,13.333333333333332
ST002,SKU0086,0.23696682464454977,0.0,7,1.000361027133925,4.367065723477879,6.025833495989727,0.0,7.109004739336493,4.739336492890995,4.739336492890995,0.0,30.0,4.739336492890995,20.0,10.0,20.0,4.739336492890995,473.93364928909955,0.0,473.93364928909955,473.93364928909955,0.18957345971563982,5.0,0.2843601895734597,13.333333333333332
ST002,SKU0087,0.21226415094339623,0.0,7,0.7648935533151444,3.3391349004888546,4.824983957092629,0.0,6.367924528301887,4.245283018867925,4.245283018867925,0.0,30.0,4.245283018867925,20.0,10.0,20.0,4.245283018867925,424.52830188679246,0.0,424.52830188679246,424.52830188679246,0.169811320754717,5.0,0.25471698113207547,13.333333333333332
ST002,SKU0088,0.6303317535545023,0.0,7,2.948095330869012,12.869879693203643,17.28220196808516,0.0,18.90995260663507,12.606635071090047,12.606635071090047,0.0,30.0,12.606635071090047,20.0,10.0,20.0,12.606635071090047,1260.6635071090047,0.0,1260.6635071090047,1260.6635071090047,0.5042654028436019,5.0,0.7563981042654028,13.333333333333332
ST002,SKU0089,0.44075829383886256,0.0,7,1.8847880753333994,8.228022860297209,11.313330917169246,0.0,13.222748815165877,8.81516587677725,8.81516587677725,0.0,30.0,8.81516587677725,19.999999999999996,10.000000000000004,19.999999999999996,8.81516587677725,881.516587677725,0.0,881.516587677725,881.516587677725,0.3526066350710901,5.0000000000000036,0.5289099526066351,13.333333333333336
ST002,SKU0090,0.5117370892018779,0.0,7,1.9318832551901102,8.43361638115089,12.015776005564035,0.0,15.352112676056336,10.234741784037558,10.234741784037558,0.0,30.0,10.234741784037558,20.0,10.0,20.0,10.234741784037558,1023.4741784037558,0.0,1023.4741784037558,1023.4741784037558,0.40938967136150234,5.0,0.6140845070422535,13.333333333333332
ST003,SKU0001,0.42452830188679247,0.0,7,1.6053708033525516,7.0082296477294665,9.979927760937013,0.0,12.735849056603774,8.49056603773585,8.49056603773585,0.0,30.0,8.49056603773585,20.0,10.0,20.0,8.49056603773585,849.0566037735849,0.0,849.0566037735849,849.0566037735849,0.339622641509434,5.0,0.5094339622641509,13.333333333333332
ST003,SKU0002,0.37264150943396224,0.0,7,1.4981209727770612,6.540031620966145,9.14852218700388,0.0,11.179245283018867,7.452830188679245,7.452830188679245,0.0,30.0,7.452830188679245,20.0,10.0,20.0,7.452830188679245,745.2830188679245,0.0,745.2830188679245,745.2830188679245,0.2981132075471698,5.0,0.4471698113207547,13.333333333333332
ST003,SKU0003,0.9383886255924171,0.0,7,3.5106633833376995,15.32576471113408,21.894485090280998,0.0,28.151658767772513,18.767772511848342,18.767772511848342,0.0,30.0,18.767772511848342,20.0,10.0,20.0,18.767772511848342,1876.7772511848343,0.0,1876.7772511848343,1876.7772511848343,0.7507109004739337,5.0,1.1260663507109006,13.333333333333332
ST003,SKU0004,1.0,0.0,7,3.850278502883011,16.808351004994783,23.808351004994783,0.0,30.0,20.0,20.0,0.0,30.0,20.0,20.0,10.0,20.0,20.0,2000.0,0.0,2000.0,2000.0,0.8,5.0,1.2,13.333333333333332
ST003,SKU0005,0.8254716981132075,0.0,7,2.991728290649401,13.06035892810222,18.838660814894673,0.0,24.764150943396224,16.50943396226415,16.50943396226415,0.0,30.0,16.50943396226415,20.0,10.0,20.0,16.50943396226415,1650.943396226415,0.0,1650.943396226415,1650.943396226415,0.6603773584905661,5.0000000000000036,0.990566037735849,13.333333333333332
ST003,SKU0006,1.3849765258215962,0.0,7,5.277413569666057,23.038494387107146,32.73333006785832,0.0,41.54929577464789,27.699530516431924,27.699530516431924,0.0,30.0,27.699530516431924,20.0,10.0,20.0,27.699530516431924,2769.9530516431923,0.0,2769.9530516431923,2769.9530516431923,1.107981220657277,5.0,1.6619718309859155,13.333333333333332
ST003,SKU0007,1.1848341232227488,0.0,7,4.172353149685105,18.214364546406337,26.508203408965578,0.0,35.54502369668246,23.696682464454977,23.696682464454977,0.0,30.0,23.696682464454977,20.0,10.0,20.0,23.696682464454977,2369.6682464454975,0.0,2369.6682464454975,2369.6682464454975,0.9478672985781991,5.0,1.4218009478672986,13.333333333333332
ST003,SKU0008,0.7488151658767772,0.0,7,2.7006940940216073,11.789852151069406,17.031558312206847,0.0,22.464454976303315,14.976303317535544,14.976303317535544,0.0,30.0,14.976303317535544,20.0,10.0,20.0,14.976303317535544,1497.6303317535544,0.0,1497.6303317535544,1497.6303317535544,0.5990521327014218,5.0,0.8985781990521327,13.333333333333332
ST003,SKU0009,0.4075829383886256,0.0,7,1.6632553669558712,7.260924111801876,10.114004680522255,0.0,12.227488151658768,8.151658767772512,8.151658767772512,0.0,30.0,8.151658767772512,20.0,10.0,20.0,8.151658767772512,815.1658767772511,0.0,815.1658767772511,815.1658767772511,0.3260663507109005,5.0000000000000036,0.48909952606635065,13.333333333333332
ST003,SKU0010,0.4158878504672897,0.0,7,1.708836439795735,7.459907814124446,10.371122767395475,0.0,12.47663551401869,8.317757009345794,8.317757009345794,0.0,30.0,8.317757009345794,20.0,10.0,20.0,8.317757009345794,831.7757009345794,0.0,831.7757009345794,831.7757009345794,0.33271028037383177,5.0,0.49906542056074765,13.333333333333336
ST003,SKU0011,0.8341232227488151,0.0,7,3.170694916167515,13.841635881869456,19.680498441111162,0.0,25.023696682464454,16.6824644549763,16.6824644549763,0.0,30.0,16.6824644549763,20.0,10.0,20.0,16.6824644549763,1668.2464454976302,0.0,1668.2464454976302,1668.2464454976302,0.6672985781990521,5.0000000000000036,1.000947867298578,13.333333333333332
ST003,SKU0012,1.1990521327014219,0.0,7,4.330203894037316,18.90346033921327,27.296825268123225,0.0,35.97156398104266,23.981042654028435,23.981042654028435,0.0,30.0,23.981042654028435,20.0,10.0,20.0,23.981042654028435,2398.1042654028433,0.0,2398.1042654028433,2398.1042654028433,0.9592417061611376,5.0000000000000036,1.4388625592417061,13.333333333333332
ST003,SKU0013,0.9004739336492891,0.0,7,3.2491097334549353,14.183954956183845,20.487272491728866,0.0,27.01421800947867,18.009478672985782,18.009478672985782,0.0,30.0,18.009478672985782,20.0,10.0,20.0,18.009478672985782,1800.9478672985783,0.0,1800.9478672985783,1800.9478672985783,0.7203791469194313,5.0,1.0805687203791468,13.333333333333332
ST003,SKU0014,1.6161137440758293,0.0,7,11.249953484193817,49.11155564736539,60.4243518558962,0.0,48.48341232227488,32.322274881516584,32.322274881516584,0.0,30.0,32.322274881516584,20.0,10.0,20.0,32.322274881516584,3232.2274881516582,0.0,3232.2274881516582,3232.2274881516582,1.2928909952606635,5.0000000000000036,1.939336492890995,13.333333333333332
ST003,SKU0015,0.9858490566037735,0.0,7,4.245408753490895,18.53328802966348,25.434231425889898,0.0,29.575471698113205,19.71698113207547,19.71698113207547,0.0,30.0,19.71698113207547,20.0,10.0,20.0,19.71698113207547,1971.698113207547,0.0,1971.698113207547,1971.698113207547,0.7886792452830189,5.0000000000000036,1.1830188679245282,13.333333333333332
ST003,SKU0016,0.9716981132075472,0.0,7,3.4721847941786343,15.157786827903486,21.959673620356316,0.0,29.150943396226417,19.433962264150942,19.433962264150942,0.0,30.0,19.433962264150942,20.0,10.0,20.0,19.433962264150942,1943.3962264150941,0.0,1943.3962264150941,1943.3962264150941,0.7773584905660378,5.0000000000000036,1.1660377358490566,13.333333333333332
ST003,SKU0017,0.7867298578199052,0.0,7,3.139155818886205,13.703952278699456,19.21106128343879,0.0,23.601895734597157,15.734597156398104,15.734597156398104,0.0,30.0,15.734597156398104,20.0,10.0,20.0,15.734597156398104,1573.4597156398104,0.0,1573.4597156398104,1573.4597156398104,0.6293838862559242,5.0000000000000036,0.9440758293838862,13.333333333333332
ST003,SKU0018,0.3615023474178404,0.0,7,1.6240589717207128,7.089812653565873,9.620329085490756,0.0,10.845070422535212,7.230046948356808,7.230046948356808,0.0,30.0,7.230046948356808,20.0,10.0,20.0,7.230046948356808,723.0046948356808,0.0,723.0046948356808,723.0046948356808,0.2892018779342723,5.0,0.43380281690140843,13.333333333333332
ST003,SKU0019,1.5971563981042654,0.0,7,6.167023783934487,26.92207858182345,38.10217336855331,0.0,47.91469194312796,31.943127962085306,31.943127962085306,0.0,30.0,31.943127962085306,20.0,10.0,20.0,31.943127962085306,3194.3127962085305,0.0,3194.3127962085305,3194.3127962085305,1.2777251184834124,5.0000000000000036,1.9165876777251183,13.333333333333332
ST003,SKU0020,0.8767772511848341,0.0,7,3.797741314023631,16.5790004500926,22.71644120838644,0.0,26.303317535545023,17.53554502369668,17.53554502369668,0.0,30.0,17.53554502369668,20.0,10.0,20.0,17.53554502369668,1753.5545023696682,0.0,1753.5545023696682,1753.5545023696682,0.7014218009478673,5.0000000000000036,1.052132701421801,13.333333333333336
ST003,SKU0021,1.2037914691943128,0.0,7,4.662023353307448,20.352014758724415,28.778555043084605,0.0,36.11374407582938,24.075829383886255,24.075829383886255,0.0,30.0,24.075829383886255,20.0,10.0,20.0,24.075829383886255,2407.5829383886253,0.0,2407.5829383886253,2407.5829383886253,0.9630331753554503,5.0000000000000036,1.4445497630331754,13.333333333333336
ST003,SKU0022,0.9478672985781991,0.0,7,3.432635070199515,14.985132916687988,21.62020400673538,0.0,28.436018957345972,18.95734597156398,18.95734597156398,0.0,30.0,18.95734597156398,20.0,10.0,20.0,18.95734597156398,1895.7345971563982,0.0,1895.7345971563982,1895.7345971563982,0.7582938388625593,5.0,1.1374407582938388,13.333333333333332
ST003,SKU0023,1.1563981042654028,0.0,7,4.63723997477114,20.243823175903593,28.338609905761412,0.0,34.691943127962084,23.127962085308056,23.127962085308056,0.0,30.0,23.127962085308056,20.0,10.0,20.0,23.127962085308056,2312.7962085308054,0.0,2312.7962085308054,2312.7962085308054,0.9251184834123223,5.0,1.3876777251184833,13.333333333333332
ST003,SKU0024,0.95260663507109,0.0,7,3.415319873710995,14.9095436054001,21.57779005089773,0.0,28.5781990521327,19.0521327014218,19.0521327014218,0.0,30.0,19.0521327014218,20.0,10.0,20.0,19.0521327014218,1905.2132701421801,0.0,1905.2132701421801,1905.2132701421801,0.762085308056872,5.0,1.1431279620853079,13.333333333333332
ST003,SKU0025,0.8862559241706162,0.0,7,3.51681006851386,15.352598001733902,21.556389470928217,0.0,26.587677725118485,17.725118483412324,17.725118483412324,0.0,30.0,17.725118483412324,20.0,10.0,20.0,17.725118483412324,1772.5118483412323,0.0,1772.5118483412323,1772.5118483412323,0.709004739336493,5.0,1.0635071090047394,13.333333333333332
ST003,SKU0026,0.37735849056603776,0.0,7,1.7194335570563235,7.506169419985864,10.147678853948129,0.0,11.320754716981133,7.547169811320755,7.547169811320755,0.0,30.0,7.547169811320755,20.0,10.0,20.0,7.547169811320755,754.7169811320755,0.0,754.7169811320755,754.7169811320755,0.30188679245283023,5.0000000000000036,0.4528301886792453,13.333333333333332
ST003,SKU0027,0.3915094339622642,0.0,7,1.4416037623055502,6.293306322856667,9.033872360592516,0.0,11.745283018867925,7.830188679245284,7.830188679245284,0.0,30.0,7.830188679245284,20.0,10.0,20.0,7.830188679245284,783.0188679245284,0.0,783.0188679245284,783.0188679245284,0.31320754716981136,5.0,0.469811320754717,13.333333333333332
ST003,SKU0028,0.4528301886792453,0.0,7,1.717664431427028,7.4984463203381715,10.66825764109289,0.0,13.584905660377359,9.056603773584905,9.056603773584905,0.0,30.0,9.056603773584905,20.0,10.0,20.0,9.056603773584905,905.6603773584906,0.0,905.6603773584906,905.6603773584906,0.36226415094339626,5.0000000000000036,0.5433962264150943,13.333333333333332
ST003,SKU0029,1.1658767772511849,0.0,7,3.8117576952897982,16.640188817626317,24.801326258384613,0.0,34.976303317535546,23.3175355450237,23.3175355450237,0.0,30.0,23.3175355450237,20.0,10.0,20.0,23.3175355450237,2331.7535545023698,0.0,2331.7535545023698,2331.7535545023698,0.932701421800948,5.0,1.3990521327014218,13.333333333333332
ST003,SKU0030,0.36018957345971564,0.0,7,1.367349874090931,5.969151741399138,8.490478755617147,0.0,10.80568720379147,7.203791469194313,7.203791469194313,0.0,30.0,7.203791469194313,20.0,10.0,20.0,7.203791469194313,720.3791469194313,0.0,720.3791469194313,720.3791469194313,0.28815165876777254,5.0000000000000036,0.43222748815165873,13.333333333333332
ST003,SKU0031,0.8679245283018868,0.0,7,3.67926293797941,16.061784324152132,22.13725602226534,0.0,26.037735849056606,17.358490566037737,17.358490566037737,0.0,30.0,17.358490566037737,20.0,10.0,20.0,17.358490566037737,1735.8490566037738,0.0,1735.8490566037738,1735.8490566037738,0.6943396226415095,5.0,1.0415094339622641,13.333333333333332
ST003,SKU0032,0.985781990521327,0.0,7,3.911495479427129,17.07559308331395,23.976067016963242,0.0,29.57345971563981,19.715639810426538,19.715639810426538,0.0,30.0,19.715639810426538,19.999999999999996,10.000000000000004,19.999999999999996,19.715639810426538,1971.5639810426537,0.0,1971.5639810426537,1971.5639810426537,0.7886255924170616,5.0000000000000036,1.1829383886255924,13.333333333333336
ST003,SKU0033,1.5047169811320755,0.0,7,4.853784023913744,21.18914398407535,31.72216285199988,0.0,45.14150943396226,30.09433962264151,30.09433962264151,0.0,30.0,30.09433962264151,20.0,10.0,20.0,30.09433962264151,3009.433962264151,0.0,3009.433962264151,3009.433962264151,1.2037735849056606,5.0000000000000036,1.8056603773584905,13.333333333333332
ST003,SKU0034,0.4481132075471698,0.0,7,1.7904820041063034,7.816330681172983,10.953123134003171,0.0,13.443396226415095,8.962264150943396,8.962264150943396,0.0,30.0,8.962264150943396,20.0,10.0,20.0,8.962264150943396,896.2264150943396,0.0,896.2264150943396,896.2264150943396,0.3584905660377359,5.0000000000000036,0.5377358490566038,13.333333333333332
ST003,SKU0035,0.3459715639810427,0.0,7,1.3900052686254794,6.068053632056708,8.489854579924007,0.0,10.37914691943128,6.919431279620854,6.919431279620854,0.0,30.0,6.919431279620854,20.0,10.0,20.0,6.919431279620854,691.9431279620854,0.0,691.9431279620854,691.9431279620854,0.27677725118483415,5.0,0.4151658767772512,13.333333333333332
ST003,SKU0036,1.5754716981132075,0.0,7,5.539086641234313,24.18082547619097,35.20912736298342,0.0,47.264150943396224,31.50943396226415,31.50943396226415,0.0,30.0,31.50943396226415,20.0,10.0,20.0,31.50943396226415,3150.943396226415,0.0,3150.943396226415,3150.943396226415,1.2603773584905662,5.0000000000000036,1.8905660377358489,13.333333333333332
ST003,SKU0037,1.2322274881516588,0.0,7,5.83569510817878,25.475666672671423,34.101259089733034,0.0,36.96682464454977,24.644549763033176,24.644549763033176,0.0,30.0,24.644549763033176,20.0,10.0,20.0,24.644549763033176,2464.4549763033174,0.0,2464.4549763033174,2464.4549763033174,0.9857819905213271,5.0,1.4786729857819905,13.333333333333332
ST003,SKU0038,1.509433962264151,0.0,7,5.2802866556877825,23.05103681443664,33.61707455028569,0.0,45.28301886792453,30.18867924528302,30.18867924528302,0.0,30.0,30.18867924528302,20.0,10.0,20.0,30.18867924528302,3018.867924528302,0.0,3018.867924528302,3018.867924528302,1.207547169811321,5.0000000000000036,1.8113207547169812,13.333333333333332
ST003,SKU0039,0.3933649289099526,0.0,7,1.8235897498386378,7.9608622029412155,10.714416705310883,0.0,11.800947867298579,7.867298578199052,7.867298578199052,0.0,30.0,7.867298578199052,20.0,10.0,20.0,7.867298578199052,786.7298578199052,0.0,786.7298578199052,786.7298578199052,0.3146919431279621,5.0000000000000036,0.4720379146919431,13.333333333333332
ST003,SKU0040,0.8578199052132701,0.0,7,3.131814168570517,13.671902380135073,19.676641716627962,0.0,25.734597156398102,17.156398104265403,17.156398104265403,0.0,30.0,17.156398104265403,20.0,10.0,20.0,17.156398104265403,1715.6398104265402,0.0,1715.6398104265402,1715.6398104265402,0.6862559241706161,5.0,1.0293838862559241,13.333333333333332
ST003,SKU0041,0.46445497630331756,0.0,7,2.1892414562847087,9.557110947783666,12.808295781906889,0.0,13.933649289099527,9.289099526066352,9.289099526066352,0.0,30.0,9.289099526066352,20.0,10.0,20.0,9.289099526066352,928.9099526066352,0.0,928.9099526066352,928.9099526066352,0.3715639810426541,5.0000000000000036,0.557345971563981,13.333333333333332
ST003,SKU0042,0.919431279620853,0.0,7,4.195025586932329,18.313340836849925,24.749359794195897,0.0,27.582938388625593,18.38862559241706,18.38862559241706,0.0,30.0,18.38862559241706,20.0,10.0,20.0,18.38862559241706,1838.862559241706,0.0,1838.862559241706,1838.862559241706,0.7355450236966825,5.0000000000000036,1.1033175355450235,13.333333333333332
ST003,SKU0043,0.42924528301886794,0.0,7,1.951956946398602,8.521247872624963,11.525964853757038,0.0,12.877358490566039,8.584905660377359,8.584905660377359,0.0,30.0,8.584905660377359,20.0,10.0,20.0,8.584905660377359,858.4905660377359,0.0,858.4905660377359,858.4905660377359,0.3433962264150944,5.0,0.5150943396226415,13.333333333333332
ST003,SKU0044,1.5734597156398105,0.0,7,5.516905349925454,24.083993278264465,35.09821128774314,0.0,47.203791469194314,31.46919431279621,31.46919431279621,0.0,30.0,31.46919431279621,20.0,10.0,20.0,31.46919431279621,3146.9194312796208,0.0,3146.9194312796208,3146.9194312796208,1.2587677725118485,5.0000000000000036,1.8881516587677725,13.333333333333332
ST003,SKU0045,0.7688679245283019,0.0,7,3.6086221972614685,15.753402900743167,21.13547837244128,0.0,23.066037735849058,15.377358490566039,15.377358490566039,0.0,30.0,15.377358490566039,20.0,10.0,20.0,15.377358490566039,1537.735849056604,0.0,1537.735849056604,1537.735849056604,0.6150943396226416,5.0000000000000036,0.9226415094339622,13.333333333333332
ST003,SKU0046,0.8820754716981132,0.0,7,3.406191662776206,14.869694494920251,21.044222796807045,0.0,26.462264150943394,17.641509433962263,17.641509433962263,0.0,30.0,17.641509433962263,20.0,10.0,20.0,17.641509433962263,1764.1509433962262,0.0,1764.1509433962262,1764.1509433962262,0.7056603773584906,5.0000000000000036,1.0584905660377357,13.333333333333332
ST003,SKU0047,1.2028301886792452,0.0,7,5.26738975163904,22.994735513123846,31.41454683387856,0.0,36.08490566037736,24.056603773584904,24.056603773584904,0.0,30.0,24.056603773584904,20.0,10.0,20.0,24.056603773584904,2405.66037735849,0.0,2405.66037735849,2405.66037735849,0.9622641509433962,5.0000000000000036,1.4433962264150941,13.333333333333332
ST003,SKU0048,1.5260663507109005,0.0,7,5.800084824942563,25.32021034929808,36.002674804274385,0.0,45.78199052132702,30.52132701421801,30.52132701421801,0.0,30.0,30.52132701421801,20.0,10.0,20.0,30.52132701421801,3052.132701421801,0.0,3052.132701421801,3052.132701421801,1.2208530805687206,5.0000000000000036,1.8312796208530804,13.333333333333332
ST003,SKU0049,0.8483412322274881,0.0,7,3.3145759762077733,14.469747162213604,20.40813578780602,0.0,25.450236966824644,16.966824644549764,16.966824644549764,0.0,30.0,16.966824644549764,20.0,10.0,20.0,16.966824644549764,1696.6824644549763,0.0,1696.6824644549763,1696.6824644549763,0.6786729857819905,5.0,1.0180094786729856,13.333333333333329
ST003,SKU0050,0.9004739336492891,0.0,7,3.5809748291070496,15.632708600848805,21.936026136393828,0.0,27.01421800947867,18.009478672985782,18.009478672985782,0.0,30.0,18.009478672985782,20.0,10.0,20.0,18.009478672985782,1800.9478672985783,0.0,1800.9478672985783,1800.9478672985783,0.7203791469194313,5.0,1.0805687203791468,13.333333333333332
ST003,SKU0051,1.5355450236966826,0.0,7,6.200800029920211,27.06952843453774,37.81834360041452,0.0,46.06635071090048,30.710900473933652,30.710900473933652,0.0,30.0,30.710900473933652,20.0,10.0,20.0,30.710900473933652,3071.0900473933652,0.0,3071.0900473933652,3071.0900473933652,1.2284360189573462,5.0000000000000036,1.8426540284360189,13.333333333333332
ST003,SKU0052,0.9052132701421801,0.0,7,3.901223413362265,17.0307504850875,23.367243376082758,0.0,27.156398104265403,18.104265402843602,18.104265402843602,0.0,30.0,18.104265402843602,20.0,10.0,20.0,18.104265402843602,1810.4265402843603,0.0,1810.4265402843603,1810.4265402843603,0.7241706161137441,5.0,1.086255924170616,13.333333333333332
ST003,SKU0053,1.1933962264150944,0.0,7,4.7491933736246725,20.732554581365125,29.086328166270786,0.0,35.801886792452834,23.867924528301888,23.867924528301888,0.0,30.0,23.867924528301888,20.0,10.0,20.0,23.867924528301888,2386.7924528301887,0.0,2386.7924528301887,2386.7924528301887,0.9547169811320755,5.0,1.4320754716981132,13.333333333333332
ST003,SKU0054,0.8151658767772512,0.0,7,3.4224688034296373,14.940752184190178,20.646913321630937,0.0,24.454976303317537,16.303317535545023,16.303317535545023,0.0,30.0,16.303317535545023,20.0,10.0,20.0,16.303317535545023,1630.3317535545023,0.0,1630.3317535545023,1630.3317535545023,0.652132701421801,5.0000000000000036,0.9781990521327013,13.333333333333332
ST003,SKU0055,1.4575471698113207,0.0,7,5.615912532791403,24.516208111653917,34.71903830033316,0.0,43.72641509433962,29.150943396226413,29.150943396226413,0.0,30.0,29.150943396226413,20.0,10.0,20.0,29.150943396226413,2915.094339622641,0.0,2915.094339622641,2915.094339622641,1.1660377358490566,5.0,1.7490566037735849,13.333333333333332
ST003,SKU0056,0.4028436018957346,0.0,7,1.7081851882415786,7.457064782196597,10.27696999546674,0.0,12.085308056872037,8.056872037914692,8.056872037914692,0.0,30.0,8.056872037914692,20.0,10.0,20.0,8.056872037914692,805.6872037914692,0.0,805.6872037914692,805.6872037914692,0.3222748815165877,5.0,0.4834123222748815,13.333333333333332
ST003,SKU0057,0.8672985781990521,0.0,7,3.192464610080591,13.936671255619252,20.007761303012618,0.0,26.018957345971565,17.345971563981042,17.345971563981042,0.0,30.0,17.345971563981042,20.0,10.0,20.0,17.345971563981042,1734.5971563981043,0.0,1734.5971563981043,1734.5971563981043,0.6938388625592418,5.0000000000000036,1.0407582938388624,13.333333333333332
ST003,SKU0058,1.014218009478673,0.0,7,4.163879455948995,18.177372723991745,25.276898790342457,0.0,30.42654028436019,20.284360189573462,20.284360189573462,0.0,30.0,20.284360189573462,20.0,10.0,20.0,20.284360189573462,2028.4360189573463,0.0,2028.4360189573463,2028.4360189573463,0.8113744075829384,5.0,1.2170616113744075,13.333333333333329
ST003,SKU0059,0.4218009478672986,0.0,7,1.728555294981512,7.54599027260921,10.4985969076803,0.0,12.654028436018958,8.436018957345972,8.436018957345972,0.0,30.0,8.436018957345972,20.0,10.0,20.0,8.436018957345972,843.6018957345972,0.0,843.6018957345972,843.6018957345972,0.3374407582938389,5.0,0.5061611374407583,13.333333333333332
ST003,SKU0060,1.5141509433962264,0.0,7,4.976226680639471,21.723666136353184,32.32272274012677,0.0,45.42452830188679,30.283018867924525,30.283018867924525,0.0,30.0,30.283018867924525,20.0,10.0,20.0,30.283018867924525,3028.3018867924525,0.0,3028.3018867924525,3028.3018867924525,1.211320754716981,5.0,1.8169811320754716,13.333333333333336
ST003,SKU0061,1.2511848341232228,0.0,7,5.046303316380394,22.02958496531598,30.78787880417854,0.0,37.535545023696685,25.023696682464454,25.023696682464454,0.0,30.0,25.023696682464454,20.0,10.0,20.0,25.023696682464454,2502.3696682464456,0.0,2502.3696682464456,2502.3696682464456,1.0009478672985783,5.0000000000000036,1.5014218009478673,13.333333333333332
ST003,SKU0062,1.5165876777251184,0.0,7,7.273137772826399,31.75080776671459,42.36692151079042,0.0,45.49763033175355,30.331753554502367,30.331753554502367,0.0,30.0,30.331753554502367,20.0,10.0,20.0,30.331753554502367,3033.1753554502366,0.0,3033.1753554502366,3033.1753554502366,1.2132701421800949,5.0000000000000036,1.8199052132701419,13.333333333333332
ST003,SKU0063,0.4218009478672986,0.0,7,2.203308892206285,9.618522193887832,12.571128828958923,0.0,12.654028436018958,8.436018957345972,8.436018957345972,0.0,30.0,8.436018957345972,20.0,10.0,20.0,8.436018957345972,843.6018957345972,0.0,843.6018957345972,843.6018957345972,0.3374407582938389,5.0,0.5061611374407583,13.333333333333332
ST003,SKU0064,0.4549763033175355,0.0,7,1.8104488720986875,7.903495837001344,11.088329960224094,0.0,13.649289099526065,9.09952606635071,9.09952606635071,0.0,30.0,9.09952606635071,20.0,10.0,20.0,9.09952606635071,909.9526066350711,0.0,909.9526066350711,909.9526066350711,0.3639810426540284,5.0,0.5459715639810426,13.333333333333332
ST003,SKU0065,0.46919431279620855,0.0,7,1.7627761695596813,7.695381146847808,10.979741336421268,0.0,14.075829383886257,9.383886255924171,9.383886255924171,0.0,30.0,9.383886255924171,20.0,10.0,20.0,9.383886255924171,938.3886255924172,0.0,938.3886255924172,938.3886255924172,0.37535545023696687,5.0,0.5630331753554503,13.333333333333332
ST003,SKU0066,0.9009433962264151,0.0,7,3.535145016915105,15.43263902945588,21.739242803040785,0.0,27.028301886792452,18.0188679245283,18.0188679245283,0.0,30.0,18.0188679245283,20.0,10.0,20.0,18.0188679245283,1801.8867924528302,0.0,1801.8867924528302,1801.8867924528302,0.7207547169811321,5.0000000000000036,1.081132075471698,13.333333333333332
ST003,SKU0067,0.8625592417061612,0.0,7,3.112963844197877,13.589611483937281,19.62752617588041,0.0,25.876777251184834,17.251184834123222,17.251184834123222,0.0,30.0,17.251184834123222,20.0,10.0,20.0,17.251184834123222,1725.1184834123223,0.0,1725.1184834123223,1725.1184834123223,0.6900473933649289,5.0,1.0350710900473934,13.333333333333336
ST003,SKU0068,0.933649289099526,0.0,7,3.669092978644719,16.017387471800795,22.55293249549748,0.0,28.009478672985782,18.67298578199052,18.67298578199052,0.0,30.0,18.67298578199052,19.999999999999996,10.000000000000004,19.999999999999996,18.67298578199052,1867.298578199052,0.0,1867.298578199052,1867.298578199052,0.7469194312796209,5.0000000000000036,1.1203791469194313,13.333333333333336
ST003,SKU0069,1.6540284360189574,0.0,7,6.158905312375452,26.88663747815104,38.46483653028374,0.0,49.62085308056872,33.08056872037915,33.08056872037915,0.0,30.0,33.08056872037915,20.0,10.0,20.0,33.08056872037915,3308.0568720379147,0.0,3308.0568720379147,3308.0568720379147,1.323222748815166,5.0,1.9848341232227489,13.333333333333332
ST003,SKU0070,0.4549763033175355,0.0,7,1.8623107444676361,8.12989830474512,11.314732427967868,0.0,13.649289099526065,9.09952606635071,9.09952606635071,0.0,30.0,9.09952606635071,20.0,10.0,20.0,9.09952606635071,909.9526066350711,0.0,909.9526066350711,909.9526066350711,0.3639810426540284,5.0,0.5459715639810426,13.333333333333332
ST003,SKU0071,1.5071090047393365,0.0,7,5.74072309054766,25.061067311404145,35.6108303445795,0.0,45.21327014218009,30.14218009478673,30.14218009478673,0.0,30.0,30.14218009478673,20.0,10.0,20.0,30.14218009478673,3014.218009478673,0.0,3014.218009478673,3014.218009478673,1.2056872037914692,5.0,1.8085308056872038,13.333333333333332
ST003,SKU0072,0.9342723004694836,0.0,7,4.090416671702799,17.85667169873093,24.396577802017315,0.0,28.028169014084508,18.685446009389672,18.685446009389672,0.0,30.0,18.685446009389672,20.0,10.0,20.0,18.685446009389672,1868.5446009389673,0.0,1868.5446009389673,1868.5446009389673,0.7474178403755869,5.0,1.1211267605633803,13.333333333333332
ST003,SKU0073,1.2227488151658767,0.0,7,5.0183144607608945,21.907399905422675,30.46664161158381,0.0,36.682464454976305,24.454976303317537,24.454976303317537,0.0,30.0,24.454976303317537,20.0,10.0,20.0,24.454976303317537,2445.4976303317535,0.0,2445.4976303317535,2445.4976303317535,0.9781990521327014,5.0,1.467298578199052,13.333333333333332
ST003,SKU0074,1.5971563981042654,0.0,7,7.192839790818055,31.400267756276797,42.58036254300666,0.0,47.91469194312796,31.943127962085306,31.943127962085306,0.0,30.0,31.943127962085306,20.0,10.0,20.0,31.943127962085306,3194.3127962085305,0.0,3194.3127962085305,3194.3127962085305,1.2777251184834124,5.0000000000000036,1.9165876777251183,13.333333333333332
ST003,SKU0075,0.9481132075471698,0.0,7,3.9309377131492247,17.160467953658376,23.797260406488565,0.0,28.443396226415093,18.962264150943394,18.962264150943394,0.0,30.0,18.962264150943394,20.0,10.0,20.0,18.962264150943394,1896.2264150943395,0.0,1896.2264150943395,1896.2264150943395,0.7584905660377359,5.0000000000000036,1.1377358490566036,13.333333333333332
ST003,SKU0076,0.35377358490566035,0.0,7,1.692563860664318,7.388870038131722,9.865285132471344,0.0,10.61320754716981,7.075471698113207,7.075471698113207,0.0,30.0,7.075471698113207,20.0,10.0,20.0,7.075471698113207,707.5471698113207,0.0,707.5471698113207,707.5471698113207,0.2830188679245283,5.0000000000000036,0.4245283018867924,13.333333333333336
ST003,SKU0077,1.6303317535545023,0.0,7,6.448759894361837,28.151994659660158,39.56431693454167,0.0,48.90995260663507,32.60663507109005,32.60663507109005,0.0,30.0,32.60663507109005,20.0,10.0,20.0,32.60663507109005,3260.6635071090045,0.0,3260.6635071090045,3260.6635071090045,1.304265402843602,5.0000000000000036,1.9563981042654026,13.333333333333332
ST003,SKU0078,1.1784037558685445,0.0,7,4.672894873265355,20.399474266724546,28.648300557804358,0.0,35.352112676056336,23.56807511737089,23.56807511737089,0.0,30.0,23.56807511737089,20.0,10.0,20.0,23.56807511737089,2356.807511737089,0.0,2356.807511737089,2356.807511737089,0.9427230046948356,5.0000000000000036,1.4140845070422534,13.333333333333336
ST003,SKU0079,0.46445497630331756,0.0,7,1.9377004195231924,8.459011151916425,11.710195986039647,0.0,13.933649289099527,9.289099526066352,9.289099526066352,0.0,30.0,9.289099526066352,20.0,10.0,20.0,9.289099526066352,928.9099526066352,0.0,928.9099526066352,928.9099526066352,0.3715639810426541,5.0000000000000036,0.557345971563981,13.333333333333332
ST003,SKU0080,0.8909952606635071,0.0,7,3.9294328265123295,17.153898386600638,23.39086521124519,0.0,26.729857819905213,17.819905213270143,17.819905213270143,0.0,30.0,17.819905213270143,20.0,10.0,20.0,17.819905213270143,1781.9905213270142,0.0,1781.9905213270142,1781.9905213270142,0.7127962085308057,5.0,1.0691943127962085,13.333333333333332
ST003,SKU0081,0.4339622641509434,0.0,7,1.8677551618295203,8.15366585246088,11.191401701517485,0.0,13.018867924528303,8.679245283018869,8.679245283018869,0.0,30.0,8.679245283018869,20.0,10.0,20.0,8.679245283018869,867.9245283018869,0.0,867.9245283018869,867.9245283018869,0.34716981132075475,5.0,0.5207547169811321,13.333333333333332
ST003,SKU0082,1.5586854460093897,0.0,7,5.652064421612758,24.674028808610746,35.58482693067647,0.0,46.760563380281695,31.173708920187796,31.173708920187796,0.0,30.0,31.173708920187796,20.0,10.0,20.0,31.173708920187796,3117.3708920187796,0.0,3117.3708920187796,3117.3708920187796,1.246948356807512,5.0000000000000036,1.8704225352112676,13.333333333333332
ST003,SKU0083,0.3933649289099526,0.0,7,1.668119430034733,7.282158128894076,10.035712631263744,0.0,11.800947867298579,7.867298578199052,7.867298578199052,0.0,30.0,7.867298578199052,20.0,10.0,20.0,7.867298578199052,786.7298578199052,0.0,786.7298578199052,786.7298578199052,0.3146919431279621,5.0000000000000036,0.4720379146919431,13.333333333333332
ST003,SKU0084,0.38388625592417064,0.0,7,1.8897029412180888,8.249478656513112,10.936682447982307,0.0,11.51658767772512,7.677725118483413,7.677725118483413,0.0,30.0,7.677725118483413,20.0,10.0,20.0,7.677725118483413,767.7725118483413,0.0,767.7725118483413,767.7725118483413,0.30710900473933656,5.0000000000000036,0.4606635071090047,13.333333333333332
ST003,SKU0085,1.3838862559241707,0.0,7,4.982782361611951,21.752284893874158,31.439488685343353,0.0,41.51658767772512,27.677725118483416,27.677725118483416,0.0,30.0,27.677725118483416,20.0,10.0,20.0,27.677725118483416,2767.7725118483418,0.0,2767.7725118483418,2767.7725118483418,1.1071090047393366,5.0,1.6606635071090048,13.333333333333332
ST003,SKU0086,0.4481132075471698,0.0,7,1.8656653836141688,8.144542947263265,11.281335400093454,0.0,13.443396226415095,8.962264150943396,8.962264150943396,0.0,30.0,8.962264150943396,20.0,10.0,20.0,8.962264150943396,896.2264150943396,0.0,896.2264150943396,896.2264150943396,0.3584905660377359,5.0000000000000036,0.5377358490566038,13.333333333333332
ST003,SKU0087,0.3080568720379147,0.0,7,1.4719218135898378,6.425659462348308,8.58205756661371,0.0,9.241706161137442,6.161137440758294,6.161137440758294,0.0,30.0,6.161137440758294,20.0,10.0,20.0,6.161137440758294,616.1137440758293,0.0,616.1137440758293,616.1137440758293,0.24644549763033177,5.0,0.3696682464454976,13.333333333333332
ST003,SKU0088,1.1516587677725119,0.0,7,4.587325665264737,20.0259227737048,28.087534148112383,0.0,34.54976303317535,23.033175355450236,23.033175355450236,0.0,30.0,23.033175355450236,20.0,10.0,20.0,23.033175355450236,2303.3175355450235,0.0,2303.3175355450235,2303.3175355450235,0.9213270142180096,5.0000000000000036,1.3819905213270143,13.333333333333336
ST003,SKU0089,0.8815165876777251,0.0,7,3.7531180146468084,16.38419789792268,22.554814011666757,0.0,26.445497630331754,17.6303317535545,17.6303317535545,0.0,30.0,17.6303317535545,19.999999999999996,10.000000000000004,19.999999999999996,17.6303317535545,1763.03317535545,0.0,1763.03317535545,1763.03317535545,0.7052132701421802,5.0000000000000036,1.0578199052132702,13.333333333333336
ST003,SKU0090,0.8873239436619719,0.0,7,2.814463800475704,12.286512628586499,18.4977802342203,0.0,26.619718309859156,17.746478873239436,17.746478873239436,0.0,30.0,17.746478873239436,20.0,10.0,20.0,17.746478873239436,1774.6478873239437,0.0,1774.6478873239437,1774.6478873239437,0.7098591549295775,5.0000000000000036,1.064788732394366,13.333333333333332
ST004,SKU0001,0.2971698113207547,0.0,7,1.243520270430113,5.428574886612679,7.5087635658579615,0.0,8.915094339622641,5.943396226415095,5.943396226415095,0.0,30.0,5.943396226415095,20.0,10.0,20.0,5.943396226415095,594.3396226415094,0.0,594.3396226415094,594.3396226415094,0.23773584905660378,5.0,0.35660377358490564,13.333333333333332
ST004,SKU0002,0.25118483412322273,0.0,7,1.3691971992505558,5.977216220288154,7.735510059150713,0.0,7.535545023696682,5.023696682464455,5.023696682464455,0.0,30.0,5.023696682464455,20.0,10.0,20.0,5.023696682464455,502.3696682464455,0.0,502.3696682464455,502.3696682464455,0.2009478672985782,5.0,0.30142180094786725,13.333333333333332
ST004,SKU0003,0.6255924170616114,0.0,7,2.778678857836912,12.130293831396624,16.509440750827906,0.0,18.767772511848342,12.511848341232227,12.511848341232227,0.0,30.0,12.511848341232227,20.0,10.0,20.0,12.511848341232227,1251.1848341232228,0.0,1251.1848341232228,1251.1848341232228,0.5004739336492892,5.0000000000000036,0.7507109004739336,13.333333333333332
ST004,SKU0004,0.6161137440758294,0.0,7,3.1410532152904365,13.712235343089228,18.02503155162003,0.0,18.483412322274884,12.322274881516588,12.322274881516588,0.0,30.0,12.322274881516588,20.0,10.0,20.0,12.322274881516588,1232.2274881516587,0.0,1232.2274881516587,1232.2274881516587,0.49289099526066354,5.0,0.7393364928909952,13.333333333333332
ST004,SKU0005,0.5450236966824644,0.0,7,1.8674177165292243,8.152192738490525,11.967358615267777,0.0,16.35071090047393,10.900473933649288,10.900473933649288,0.0,30.0,10.900473933649288,20.0,10.0,20.0,10.900473933649288,1090.0473933649287,0.0,1090.0473933649287,1090.0473933649287,0.43601895734597157,5.0000000000000036,0.6540284360189573,13.333333333333336
ST004,SKU0006,0.7725118483412322,0.0,7,3.4469313949548823,15.047543374630102,20.455126313018727,0.0,23.175355450236967,15.450236966824644,15.450236966824644,0.0,30.0,15.450236966824644,20.0,10.0,20.0,15.450236966824644,1545.0236966824643,0.0,1545.0236966824643,1545.0236966824643,0.6180094786729858,5.0000000000000036,0.9270142180094786,13.333333333333332
ST004,SKU0007,0.7924528301886793,0.0,7,3.0360144150794404,13.253689546527253,18.800859357848008,0.0,23.77358490566038,15.849056603773587,15.849056603773587,0.0,30.0,15.849056603773587,20.0,10.0,20.0,15.849056603773587,1584.9056603773586,0.0,1584.9056603773586,1584.9056603773586,0.6339622641509435,5.0,0.9509433962264151,13.333333333333332
ST004,SKU0008,0.6113744075829384,0.0,7,2.5913158097418583,11.312362381661423,15.591983234741992,0.0,18.341232227488153,12.227488151658768,12.227488151658768,0.0,30.0,12.227488151658768,20.0,10.0,20.0,12.227488151658768,1222.7488151658767,0.0,1222.7488151658767,1222.7488151658767,0.4890995260663507,5.0,0.733649289099526,13.333333333333332
ST004,SKU0009,0.26540284360189575,0.0,7,1.248117517281228,5.44864412022066,7.306464025433931,0.0,7.9620853080568725,5.308056872037915,5.308056872037915,0.0,30.0,5.308056872037915,20.0,10.0,20.0,5.308056872037915,530.8056872037915,0.0,530.8056872037915,530.8056872037915,0.21232227488151661,5.0,0.3184834123222749,13.333333333333332
ST004,SKU0010,0.25943396226415094,0.0,7,0.9606749505151361,4.193816566223348,6.009854302072405,0.0,7.783018867924528,5.188679245283019,5.188679245283019,0.0,30.0,5.188679245283019,20.0,10.0,20.0,5.188679245283019,518.867924528302,0.0,518.867924528302,518.867924528302,0.20754716981132076,5.0,0.3113207547169811,13.333333333333332
ST004,SKU0011,0.7298578199052133,0.0,7,3.618472379422142,15.796403769146783,20.905408508483276,0.0,21.895734597156398,14.597156398104264,14.597156398104264,0.0,30.0,14.597156398104264,20.0,10.0,20.0,14.597156398104264,1459.7156398104264,0.0,1459.7156398104264,1459.7156398104264,0.5838862559241706,5.0000000000000036,0.8758293838862559,13.333333333333332
ST004,SKU0012,0.8443396226415094,0.0,7,3.2798849878309615,14.318304011046477,20.228681369537043,0.0,25.330188679245282,16.88679245283019,16.88679245283019,0.0,30.0,16.88679245283019,20.0,10.0,20.0,16.88679245283019,1688.6792452830189,0.0,1688.6792452830189,1688.6792452830189,0.6754716981132076,5.0000000000000036,1.0132075471698112,13.333333333333332
ST004,SKU0013,0.5377358490566038,0.0,7,2.3474278685702,10.24767209548362,14.011823038879847,0.0,16.132075471698112,10.754716981132075,10.754716981132075,0.0,30.0,10.754716981132075,20.0,10.0,20.0,10.754716981132075,1075.4716981132076,0.0,1075.4716981132076,1075.4716981132076,0.43018867924528303,5.0,0.6452830188679245,13.333333333333332
ST004,SKU0014,0.6208530805687204,0.0,7,2.501112368189782,10.918580189975666,15.26455175395671,0.0,18.62559241706161,12.417061611374407,12.417061611374407,0.0,30.0,12.417061611374407,20.0,10.0,20.0,12.417061611374407,1241.7061611374406,0.0,1241.7061611374406,1241.7061611374406,0.4966824644549763,5.0,0.7450236966824644,13.333333333333332
ST004,SKU0015,0.5330188679245284,0.0,7,2.1048002775021475,9.188483854655194,12.919615930126893,0.0,15.990566037735851,10.660377358490567,10.660377358490567,0.0,30.0,10.660377358490567,20.0,10.0,20.0,10.660377358490567,1066.0377358490568,0.0,1066.0377358490568,1066.0377358490568,0.4264150943396227,5.0,0.639622641509434,13.333333333333332
ST004,SKU0016,0.6255924170616114,0.0,7,2.641628106326229,11.532000192335191,15.911147111766471,0.0,18.767772511848342,12.511848341232227,12.511848341232227,0.0,30.0,12.511848341232227,20.0,10.0,20.0,12.511848341232227,1251.1848341232228,0.0,1251.1848341232228,1251.1848341232228,0.5004739336492892,5.0000000000000036,0.7507109004739336,13.333333333333332
ST004,SKU0017,0.5592417061611374,0.0,7,2.2614886360147257,9.872505264094496,13.787197207222459,0.0,16.777251184834125,11.18483412322275,11.18483412322275,0.0,30.0,11.18483412322275,20.0,10.0,20.0,11.18483412322275,1118.483412322275,0.0,1118.483412322275,1118.483412322275,0.44739336492890996,5.0,0.6710900473933649,13.333333333333329
ST004,SKU0018,0.24644549763033174,0.0,7,1.035523410609392,4.520566745075494,6.245685228487817,0.0,7.393364928909953,4.9289099526066344,4.9289099526066344,0.0,30.0,4.9289099526066344,19.999999999999996,10.000000000000004,19.999999999999996,4.9289099526066344,492.89099526066343,0.0,492.89099526066343,492.89099526066343,0.1971563981042654,5.0000000000000036,0.2957345971563981,13.333333333333336
ST004,SKU0019,0.990521327014218,0.0,7,4.082471848474968,17.82198865505343,24.75563794415296,0.0,29.71563981042654,19.81042654028436,19.81042654028436,0.0,30.0,19.81042654028436,20.0,10.0,20.0,19.81042654028436,1981.0426540284361,0.0,1981.0426540284361,1981.0426540284361,0.7924170616113745,5.0,1.1886255924170617,13.333333333333332
ST004,SKU0020,0.5545023696682464,0.0,7,2.144897847216589,9.3635293807653,13.245045968443025,0.0,16.635071090047393,11.090047393364928,11.090047393364928,0.0,30.0,11.090047393364928,20.0,10.0,20.0,11.090047393364928,1109.0047393364928,0.0,1109.0047393364928,1109.0047393364928,0.44360189573459713,5.0,0.6654028436018956,13.333333333333332
ST004,SKU0021,0.8113207547169812,0.0,7,3.566864906547164,15.571111879764272,21.25035716278314,0.0,24.339622641509436,16.22641509433962,16.22641509433962,0.0,30.0,16.22641509433962,19.999999999999996,10.000000000000004,19.999999999999996,16.22641509433962,1622.6415094339623,0.0,1622.6415094339623,1622.6415094339623,0.649056603773585,5.0000000000000036,0.9735849056603774,13.333333333333336
ST004,SKU0022,0.5943396226415094,0.0,7,2.105187913111951,9.1901760739029,13.350553432393466,0.0,17.830188679245282,11.88679245283019,11.88679245283019,0.0,30.0,11.88679245283019,20.0,10.0,20.0,11.88679245283019,1188.6792452830189,0.0,1188.6792452830189,1188.6792452830189,0.47547169811320755,5.0,0.7132075471698113,13.333333333333332
ST004,SKU0023,0.7962085308056872,0.0,7,3.171477773939707,13.845053439381761,19.41851315502157,0.0,23.886255924170616,15.924170616113745,15.924170616113745,0.0,30.0,15.924170616113745,20.0,10.0,20.0,15.924170616113745,1592.4170616113745,0.0,1592.4170616113745,1592.4170616113745,0.6369668246445498,5.0,0.9554502369668246,13.333333333333332
ST004,SKU0024,0.6018957345971564,0.0,7,2.563999147264326,11.193111773981087,15.406381916161182,0.0,18.05687203791469,12.037914691943127,12.037914691943127,0.0,30.0,12.037914691943127,20.0,10.0,20.0,12.037914691943127,1203.7914691943126,0.0,1203.7914691943126,1203.7914691943126,0.48151658767772515,5.0000000000000036,0.7222748815165877,13.333333333333336
ST004,SKU0025,0.5613207547169812,0.0,7,2.139897271517435,9.34169941924031,13.270944702259179,0.0,16.839622641509436,11.226415094339623,11.226415094339623,0.0,30.0,11.226415094339623,20.0,10.0,20.0,11.226415094339623,1122.6415094339623,0.0,1122.6415094339623,1122.6415094339623,0.449056603773585,5.0000000000000036,0.6735849056603774,13.333333333333332
ST004,SKU0026,0.26066350710900477,0.0,7,1.0434911803059066,4.555349961324838,6.3799945110878715,0.0,7.819905213270143,5.213270142180095,5.213270142180095,0.0,30.0,5.213270142180095,20.0,10.0,20.0,5.213270142180095,521.3270142180095,0.0,521.3270142180095,521.3270142180095,0.20853080568720384,5.0000000000000036,0.3127962085308057,13.333333333333332
ST004,SKU0027,0.27014218009478674,0.0,7,1.0318773822841114,4.504650046109541,6.395645306773048,0.0,8.104265402843602,5.402843601895735,5.402843601895735,0.0,30.0,5.402843601895735,20.0,10.0,20.0,5.402843601895735,540.2843601895735,0.0,540.2843601895735,540.2843601895735,0.2161137440758294,5.0,0.3241706161137441,13.333333333333332
ST004,SKU0028,0.27488151658767773,0.0,7,1.2687768238551544,5.538832109519185,7.463002725632929,0.0,8.246445497630331,5.497630331753554,5.497630331753554,0.0,30.0,5.497630331753554,20.0,10.0,20.0,5.497630331753554,549.7630331753554,0.0,549.7630331753554,549.7630331753554,0.2199052132701422,5.0000000000000036,0.3298578199052133,13.333333333333336
ST004,SKU0029,0.5924170616113744,0.0,7,2.1279857089774548,9.289699616098792,13.436619047378413,0.0,17.77251184834123,11.848341232227488,11.848341232227488,0.0,30.0,11.848341232227488,20.0,10.0,20.0,11.848341232227488,1184.8341232227488,0.0,1184.8341232227488,1184.8341232227488,0.47393364928909953,5.0,0.7109004739336493,13.333333333333332
ST004,SKU0030,0.24528301886792453,0.0,7,1.0053064964219562,4.388655118534732,6.105636250610204,0.0,7.3584905660377355,4.90566037735849,4.90566037735849,0.0,30.0,4.90566037735849,20.0,10.0,20.0,4.90566037735849,490.566037735849,0.0,490.566037735849,490.566037735849,0.19622641509433963,5.0000000000000036,0.2943396226415094,13.333333333333332
ST004,SKU0031,0.5592417061611374,0.0,7,2.267796789704751,9.900043443822534,13.814735386950495,0.0,16.777251184834125,11.18483412322275,11.18483412322275,0.0,30.0,11.18483412322275,20.0,10.0,20.0,11.18483412322275,1118.483412322275,0.0,1118.483412322275,1118.483412322275,0.44739336492890996,5.0,0.6710900473933649,13.333333333333329
ST004,SKU0032,0.6540284360189573,0.0,7,2.4080658864477242,10.51238673572832,15.090585787861022,0.0,19.62085308056872,13.080568720379146,13.080568720379146,0.0,30.0,13.080568720379146,20.0,10.0,20.0,13.080568720379146,1308.0568720379147,0.0,1308.0568720379147,1308.0568720379147,0.5232227488151658,5.0,0.7848341232227488,13.333333333333336
ST004,SKU0033,1.1179245283018868,0.0,7,3.635040034325491,15.868729695371755,23.694201393484963,0.0,33.5377358490566,22.358490566037737,22.358490566037737,0.0,30.0,22.358490566037737,20.0,10.0,20.0,22.358490566037737,2235.8490566037735,0.0,2235.8490566037735,2235.8490566037735,0.8943396226415095,5.0,1.3415094339622642,13.333333333333332
ST004,SKU0034,0.2890995260663507,0.0,7,1.5786747439514734,6.891688276364377,8.915384958828831,0.0,8.672985781990521,5.781990521327014,5.781990521327014,0.0,30.0,5.781990521327014,20.0,10.0,20.0,5.781990521327014,578.1990521327014,0.0,578.1990521327014,578.1990521327014,0.23127962085308057,5.0,0.3469194312796208,13.333333333333332
ST004,SKU0035,0.2559241706161137,0.0,7,1.2539083561612845,5.47392396749313,7.265393161805926,0.0,7.677725118483412,5.118483412322274,5.118483412322274,0.0,30.0,5.118483412322274,20.0,10.0,20.0,5.118483412322274,511.8483412322274,0.0,511.8483412322274,511.8483412322274,0.204739336492891,5.0000000000000036,0.30710900473933644,13.333333333333332
ST004,SKU0036,1.1374407582938388,0.0,7,4.556008182822974,19.889206627826063,27.851291935882934,0.0,34.12322274881517,22.748815165876778,22.748815165876778,0.0,30.0,22.748815165876778,20.0,10.0,20.0,22.748815165876778,2274.8815165876777,0.0,2274.8815165876777,2274.8815165876777,0.9099526066350712,5.0,1.3649289099526065,13.333333333333332
ST004,SKU0037,0.8341232227488151,0.0,7,3.228735793284903,14.095012730971758,19.933875290213464,0.0,25.023696682464454,16.6824644549763,16.6824644549763,0.0,30.0,16.6824644549763,20.0,10.0,20.0,16.6824644549763,1668.2464454976302,0.0,1668.2464454976302,1668.2464454976302,0.6672985781990521,5.0000000000000036,1.000947867298578,13.333333333333332
ST004,SKU0038,1.0660377358490567,0.0,7,4.588815721260523,20.032427597752076,27.494691748695473,0.0,31.981132075471702,21.320754716981135,21.320754716981135,0.0,30.0,21.320754716981135,20.0,10.0,20.0,21.320754716981135,2132.0754716981137,0.0,2132.0754716981137,2132.0754716981137,0.8528301886792454,5.0,1.279245283018868,13.333333333333332
ST004,SKU0039,0.24644549763033174,0.0,7,0.9237213404877516,4.0324959636287865,5.757614447041108,0.0,7.393364928909953,4.9289099526066344,4.9289099526066344,0.0,30.0,4.9289099526066344,19.999999999999996,10.000000000000004,19.999999999999996,4.9289099526066344,492.89099526066343,0.0,492.89099526066343,492.89099526066343,0.1971563981042654,5.0000000000000036,0.2957345971563981,13.333333333333336
ST004,SKU0040,0.5707547169811321,0.0,7,2.1262728880666772,9.282222314117783,13.277505332985708,0.0,17.122641509433965,11.415094339622643,11.415094339622643,0.0,30.0,11.415094339622643,20.0,10.0,20.0,11.415094339622643,1141.5094339622642,0.0,1141.5094339622642,1141.5094339622642,0.4566037735849057,5.0,0.6849056603773586,13.333333333333332
ST004,SKU0041,0.3127962085308057,0.0,7,1.1979256878076228,5.229532207473699,7.419105667189339,0.0,9.383886255924171,6.2559241706161135,6.2559241706161135,0.0,30.0,6.2559241706161135,20.0,10.0,20.0,6.2559241706161135,625.5924170616114,0.0,625.5924170616114,625.5924170616114,0.2502369668246446,5.0000000000000036,0.3753554502369668,13.333333333333332
ST004,SKU0042,0.6462264150943396,0.0,7,2.451875170906245,10.703635714186658,15.227220619847035,0.0,19.38679245283019,12.924528301886793,12.924528301886793,0.0,30.0,12.924528301886793,20.0,10.0,20.0,12.924528301886793,1292.4528301886794,0.0,1292.4528301886794,1292.4528301886794,0.5169811320754717,4.9999999999999964,0.7754716981132076,13.333333333333332
ST004,SKU0043,0.2796208530805687,0.0,7,1.1051877015073406,4.824685486888588,6.782031458452568,0.0,8.388625592417062,5.592417061611375,5.592417061611375,0.0,30.0,5.592417061611375,20.0,10.0,20.0,5.592417061611375,559.2417061611375,0.0,559.2417061611375,559.2417061611375,0.22369668246445498,5.0,0.33554502369668243,13.333333333333329
ST004,SKU0044,1.0943396226415094,0.0,7,3.7214080347211436,16.245768308335116,23.90614566682568,0.0,32.83018867924528,21.88679245283019,21.88679245283019,0.0,30.0,21.88679245283019,20.0,10.0,20.0,21.88679245283019,2188.679245283019,0.0,2188.679245283019,2188.679245283019,0.8754716981132076,5.0,1.3132075471698113,13.333333333333332
ST004,SKU0045,0.6208530805687204,0.0,7,2.8499525864439508,12.441438556892406,16.78741012087345,0.0,18.62559241706161,12.417061611374407,12.417061611374407,0.0,30.0,12.417061611374407,20.0,10.0,20.0,12.417061611374407,1241.7061611374406,0.0,1241.7061611374406,1241.7061611374406,0.4966824644549763,5.0,0.7450236966824644,13.333333333333332
ST004,SKU0046,0.5566037735849056,0.0,7,2.389075407344068,10.42948399550102,14.32571041059536,0.0,16.69811320754717,11.132075471698112,11.132075471698112,0.0,30.0,11.132075471698112,20.0,10.0,20.0,11.132075471698112,1113.2075471698113,0.0,1113.2075471698113,1113.2075471698113,0.44528301886792454,5.0000000000000036,0.6679245283018868,13.333333333333336
ST004,SKU0047,0.7819905213270142,0.0,7,2.9406604084805448,12.837422616369674,18.311356265658773,0.0,23.459715639810426,15.639810426540283,15.639810426540283,0.0,30.0,15.639810426540283,20.0,10.0,20.0,15.639810426540283,1563.9810426540282,0.0,1563.9810426540282,1563.9810426540282,0.6255924170616114,5.0000000000000036,0.938388625592417,13.333333333333332
ST004,SKU0048,1.0236966824644549,0.0,7,3.735850458786796,16.308816561306088,23.474693338557273,0.0,30.71090047393365,20.473933649289098,20.473933649289098,0.0,30.0,20.473933649289098,20.0,10.0,20.0,20.473933649289098,2047.3933649289097,0.0,2047.3933649289097,2047.3933649289097,0.818957345971564,5.0000000000000036,1.2284360189573458,13.333333333333332
ST004,SKU0049,0.8293838862559242,0.0,7,2.629374196689263,11.478505876480538,17.284193080272008,0.0,24.881516587677726,16.587677725118482,16.587677725118482,0.0,30.0,16.587677725118482,19.999999999999996,10.000000000000004,19.999999999999996,16.587677725118482,1658.7677725118483,0.0,1658.7677725118483,1658.7677725118483,0.6635071090047394,5.0000000000000036,0.995260663507109,13.333333333333336
ST004,SKU0050,0.7488151658767772,0.0,7,2.5464141022149915,11.116344441590316,16.358050602727758,0.0,22.464454976303315,14.976303317535544,14.976303317535544,0.0,30.0,14.976303317535544,20.0,10.0,20.0,14.976303317535544,1497.6303317535544,0.0,1497.6303317535544,1497.6303317535544,0.5990521327014218,5.0,0.8985781990521327,13.333333333333332
ST004,SKU0051,0.9716981132075472,0.0,7,4.056374182731195,17.70805956501387,24.5099463574667,0.0,29.150943396226417,19.433962264150942,19.433962264150942,0.0,30.0,19.433962264150942,20.0,10.0,20.0,19.433962264150942,1943.3962264150941,0.0,1943.3962264150941,1943.3962264150941,0.7773584905660378,5.0000000000000036,1.1660377358490566,13.333333333333332
ST004,SKU0052,0.6367924528301887,0.0,7,2.616963454034695,11.424326907708682,15.881874077520003,0.0,19.10377358490566,12.735849056603774,12.735849056603774,0.0,30.0,12.735849056603774,20.0,10.0,20.0,12.735849056603774,1273.5849056603774,0.0,1273.5849056603774,1273.5849056603774,0.5094339622641509,5.0,0.7641509433962265,13.333333333333332
ST004,SKU0053,0.7735849056603774,0.0,7,2.982676741998574,13.020844486030569,18.43593882565321,0.0,23.20754716981132,15.471698113207548,15.471698113207548,0.0,30.0,15.471698113207548,20.0,10.0,20.0,15.471698113207548,1547.169811320755,0.0,1547.169811320755,1547.169811320755,0.618867924528302,5.0000000000000036,0.9283018867924528,13.333333333333332
ST004,SKU0054,0.5990566037735849,0.0,7,1.9868284418752253,8.673479025670462,12.866875252085556,0.0,17.971698113207548,11.981132075471699,11.981132075471699,0.0,30.0,11.981132075471699,20.0,10.0,20.0,11.981132075471699,1198.1132075471698,0.0,1198.1132075471698,1198.1132075471698,0.479245283018868,5.0,0.718867924528302,13.333333333333332
ST004,SKU0055,0.9481132075471698,0.0,7,3.8689609693539118,16.889909119257638,23.526701572087827,0.0,28.443396226415093,18.962264150943394,18.962264150943394,0.0,30.0,18.962264150943394,20.0,10.0,20.0,18.962264150943394,1896.2264150943395,0.0,1896.2264150943395,1896.2264150943395,0.7584905660377359,5.0000000000000036,1.1377358490566036,13.333333333333332
ST004,SKU0056,0.27014218009478674,0.0,7,0.9601634179723612,4.1915834761954445,6.0825787368589515,0.0,8.104265402843602,5.402843601895735,5.402843601895735,0.0,30.0,5.402843601895735,20.0,10.0,20.0,5.402843601895735,540.2843601895735,0.0,540.2843601895735,540.2843601895735,0.2161137440758294,5.0,0.3241706161137441,13.333333333333332
ST004,SKU0057,0.5849056603773585,0.0,7,2.284785551152349,9.974207706313553,14.068547328955063,0.0,17.547169811320753,11.69811320754717,11.69811320754717,0.0,30.0,11.69811320754717,20.0,10.0,20.0,11.69811320754717,1169.811320754717,0.0,1169.811320754717,1169.811320754717,0.4679245283018868,5.0,0.7018867924528301,13.333333333333332
ST004,SKU0058,0.6556603773584906,0.0,7,2.583086811651299,11.276438775558127,15.866061417067561,0.0,19.669811320754718,13.11320754716981,13.11320754716981,0.0,30.0,13.11320754716981,20.0,10.0,20.0,13.11320754716981,1311.3207547169811,0.0,1311.3207547169811,1311.3207547169811,0.5245283018867924,5.0,0.7867924528301887,13.333333333333336
ST004,SKU0059,0.2985781990521327,0.0,7,1.1550913661238607,5.042539418930629,7.132586812295559,0.0,8.95734597156398,5.971563981042653,5.971563981042653,0.0,30.0,5.971563981042653,20.0,10.0,20.0,5.971563981042653,597.1563981042653,0.0,597.1563981042653,597.1563981042653,0.23886255924170616,5.0000000000000036,0.3582938388625592,13.333333333333336
ST004,SKU0060,1.037914691943128,0.0,7,4.553228411151417,19.877071563327664,27.14247440692956,0.0,31.137440758293838,20.758293838862556,20.758293838862556,0.0,30.0,20.758293838862556,20.0,10.0,20.0,20.758293838862556,2075.8293838862555,0.0,2075.8293838862555,2075.8293838862555,0.8303317535545024,5.0000000000000036,1.2454976303317535,13.333333333333336
ST004,SKU0061,0.7535545023696683,0.0,7,2.9961760026210094,13.079775368739421,18.3546568853271,0.0,22.606635071090047,15.071090047393366,15.071090047393366,0.0,30.0,15.071090047393366,20.0,10.0,20.0,15.071090047393366,1507.1090047393366,0.0,1507.1090047393366,1507.1090047393366,0.6028436018957346,5.0,0.9042654028436019,13.333333333333332
ST004,SKU0062,1.080568720379147,0.0,7,3.503488283298147,15.294441886078584,22.85842292873261,0.0,32.41706161137441,21.61137440758294,21.61137440758294,0.0,30.0,21.61137440758294,20.0,10.0,20.0,21.61137440758294,2161.137440758294,0.0,2161.137440758294,2161.137440758294,0.8644549763033176,5.0,1.2966824644549764,13.333333333333332
ST004,SKU0063,0.3080568720379147,0.0,7,1.2816958693512566,5.59523006909156,7.751628173356963,0.0,9.241706161137442,6.161137440758294,6.161137440758294,0.0,30.0,6.161137440758294,20.0,10.0,20.0,6.161137440758294,616.1137440758293,0.0,616.1137440758293,616.1137440758293,0.24644549763033177,5.0,0.3696682464454976,13.333333333333332
ST004,SKU0064,0.2938388625592417,0.0,7,1.2417000452937539,5.420628712595103,7.477500750509794,0.0,8.81516587677725,5.8767772511848335,5.8767772511848335,0.0,30.0,5.8767772511848335,20.0,10.0,20.0,5.8767772511848335,587.6777251184833,0.0,587.6777251184833,587.6777251184833,0.23507109004739335,5.0,0.35260663507109,13.333333333333336
ST004,SKU0065,0.2938388625592417,0.0,7,1.3447994903141427,5.8707082741191,7.9275803120337915,0.0,8.81516587677725,5.8767772511848335,5.8767772511848335,0.0,30.0,5.8767772511848335,20.0,10.0,20.0,5.8767772511848335,587.6777251184833,0.0,587.6777251184833,587.6777251184833,0.23507109004739335,5.0,0.35260663507109,13.333333333333336
ST004,SKU0066,0.6255924170616114,0.0,7,2.371880709426962,10.354420719481073,14.733567638912353,0.0,18.767772511848342,12.511848341232227,12.511848341232227,0.0,30.0,12.511848341232227,20.0,10.0,20.0,12.511848341232227,1251.1848341232228,0.0,1251.1848341232228,1251.1848341232228,0.5004739336492892,5.0000000000000036,0.7507109004739336,13.333333333333332
ST004,SKU0067,0.6492890995260664,0.0,7,2.484281436173991,10.845104930237754,15.39012862692022,0.0,19.47867298578199,12.985781990521328,12.985781990521328,0.0,30.0,12.985781990521328,20.0,10.0,20.0,12.985781990521328,1298.5781990521327,0.0,1298.5781990521327,1298.5781990521327,0.5194312796208531,5.0,0.7791469194312797,13.333333333333332
ST004,SKU0068,0.6384976525821596,0.0,7,2.291456979913947,10.003331759611463,14.472815327686579,0.0,19.154929577464788,12.769953051643192,12.769953051643192,0.0,30.0,12.769953051643192,20.0,10.0,20.0,12.769953051643192,1276.9953051643192,0.0,1276.9953051643192,1276.9953051643192,0.5107981220657277,5.0000000000000036,0.7661971830985915,13.333333333333332
ST004,SKU0069,1.009478672985782,0.0,7,4.043796567497541,17.653152115722932,24.719502826623405,0.0,30.284360189573462,20.189573459715643,20.189573459715643,0.0,30.0,20.189573459715643,20.0,10.0,20.0,20.189573459715643,2018.9573459715643,0.0,2018.9573459715643,2018.9573459715643,0.8075829383886257,5.0,1.2113744075829385,13.333333333333332
ST004,SKU0070,0.3051643192488263,0.0,7,1.2308233155870003,5.373146461490234,7.509296696232018,0.0,9.15492957746479,6.103286384976526,6.103286384976526,0.0,30.0,6.103286384976526,20.0,10.0,20.0,6.103286384976526,610.3286384976526,0.0,610.3286384976526,610.3286384976526,0.24413145539906106,5.0000000000000036,0.36619718309859156,13.333333333333332
ST004,SKU0071,1.0758293838862558,0.0,7,4.045448194521968,17.660362276425623,25.191167963629415,0.0,32.274881516587676,21.516587677725116,21.516587677725116,0.0,30.0,21.516587677725116,20.0,10.0,20.0,21.516587677725116,2151.6587677725115,0.0,2151.6587677725115,2151.6587677725115,0.8606635071090047,5.0000000000000036,1.290995260663507,13.333333333333332
ST004,SKU0072,0.6492890995260664,0.0,7,3.1907958354684034,13.929386237299441,18.474409933981907,0.0,19.47867298578199,12.985781990521328,12.985781990521328,0.0,30.0,12.985781990521328,20.0,10.0,20.0,12.985781990521328,1298.5781990521327,0.0,1298.5781990521327,1298.5781990521327,0.5194312796208531,5.0,0.7791469194312797,13.333333333333332
ST004,SKU0073,0.8151658767772512,0.0,7,2.838335754153524,12.390725395608762,18.09688653304952,0.0,24.454976303317537,16.303317535545023,16.303317535545023,0.0,30.0,16.303317535545023,20.0,10.0,20.0,16.303317535545023,1630.3317535545023,0.0,1630.3317535545023,1630.3317535545023,0.652132701421801,5.0000000000000036,0.9781990521327013,13.333333333333332
ST004,SKU0074,1.04739336492891,0.0,7,4.4505355837946565,19.42876708701114,26.76052064151351,0.0,31.4218009478673,20.9478672985782,20.9478672985782,0.0,30.0,20.9478672985782,20.0,10.0,20.0,20.9478672985782,2094.78672985782,0.0,2094.78672985782,2094.78672985782,0.8379146919431281,5.0000000000000036,1.256872037914692,13.333333333333336
ST004,SKU0075,0.6492890995260664,0.0,7,2.720335582734261,11.875596867015465,16.42062056369793,0.0,19.47867298578199,12.985781990521328,12.985781990521328,0.0,30.0,12.985781990521328,20.0,10.0,20.0,12.985781990521328,1298.5781990521327,0.0,1298.5781990521327,1298.5781990521327,0.5194312796208531,5.0,0.7791469194312797,13.333333333333332
ST004,SKU0076,0.2559241706161137,0.0,7,1.2986808229649076,5.6693777085228465,7.460846902835643,0.0,7.677725118483412,5.118483412322274,5.118483412322274,0.0,30.0,5.118483412322274,20.0,10.0,20.0,5.118483412322274,511.8483412322274,0.0,511.8483412322274,511.8483412322274,0.204739336492891,5.0000000000000036,0.30710900473933644,13.333333333333332
ST004,SKU0077,1.018957345971564,0.0,7,3.967681445196041,17.320872336098226,24.453573757899175,0.0,30.568720379146917,20.379146919431278,20.379146919431278,0.0,30.0,20.379146919431278,20.0,10.0,20.0,20.379146919431278,2037.9146919431278,0.0,2037.9146919431278,2037.9146919431278,0.8151658767772512,5.0,1.2227488151658767,13.333333333333336
ST004,SKU0078,0.8246445497630331,0.0,7,3.5135871294035987,15.338528294362751,21.111040142703985,0.0,24.739336492890995,16.492890995260662,16.492890995260662,0.0,30.0,16.492890995260662,20.0,10.0,20.0,16.492890995260662,1649.2890995260661,0.0,1649.2890995260661,1649.2890995260661,0.6597156398104266,5.0000000000000036,0.9895734597156397,13.333333333333332
ST004,SKU0079,0.2843601895734597,0.0,7,1.353898055924505,5.910427968241598,7.900949295255816,0.0,8.530805687203792,5.687203791469194,5.687203791469194,0.0,30.0,5.687203791469194,20.0,10.0,20.0,5.687203791469194,568.7203791469194,0.0,568.7203791469194,568.7203791469194,0.2274881516587678,5.0,0.34123222748815163,13.333333333333332
ST004,SKU0080,0.5829383886255924,0.0,7,1.996781431870337,8.716928700612618,12.797497420991764,0.0,17.488151658767773,11.65876777251185,11.65876777251185,0.0,30.0,11.65876777251185,20.0,10.0,20.0,11.65876777251185,1165.8767772511849,0.0,1165.8767772511849,1165.8767772511849,0.466350710900474,5.0,0.6995260663507109,13.333333333333332
ST004,SKU0081,0.2796208530805687,0.0,7,1.2081122024291941,5.2740013317587815,7.231347303322762,0.0,8.388625592417062,5.592417061611375,5.592417061611375,0.0,30.0,5.592417061611375,20.0,10.0,20.0,5.592417061611375,559.2417061611375,0.0,559.2417061611375,559.2417061611375,0.22369668246445498,5.0,0.33554502369668243,13.333333333333329
ST004,SKU0082,1.0704225352112675,0.0,7,3.8911751038145743,16.986884693623853,24.479842440102725,0.0,32.112676056338024,21.408450704225352,21.408450704225352,0.0,30.0,21.408450704225352,20.0,10.0,20.0,21.408450704225352,2140.845070422535,0.0,2140.845070422535,2140.845070422535,0.856338028169014,5.0,1.284507042253521,13.333333333333332
ST004,SKU0083,0.25471698113207547,0.0,7,1.2735837464929927,5.55981668060674,7.342835548531268,0.0,7.6415094339622645,5.09433962264151,5.09433962264151,0.0,30.0,5.09433962264151,20.0,10.0,20.0,5.09433962264151,509.433962264151,0.0,509.433962264151,509.433962264151,0.2037735849056604,5.0,0.30566037735849055,13.333333333333332
ST004,SKU0084,0.25,0.0,7,1.074808480680247,4.692065312390121,6.442065312390121,0.0,7.5,5.0,5.0,0.0,30.0,5.0,20.0,10.0,20.0,5.0,500.0,0.0,500.0,500.0,0.2,5.0,0.3,13.333333333333332
ST004,SKU0085,1.0236966824644549,0.0,7,3.9814340061911873,17.38090899896584,24.546785776217025,0.0,30.71090047393365,20.473933649289098,20.473933649289098,0.0,30.0,20.473933649289098,20.0,10.0,20.0,20.473933649289098,2047.3933649289097,0.0,2047.3933649289097,2047.3933649289097,0.818957345971564,5.0000000000000036,1.2284360189573458,13.333333333333332
ST004,SKU0086,0.2796208530805687,0.0,7,1.328268421073174,5.798542062225073,7.755888033789054,0.0,8.388625592417062,5.592417061611375,5.592417061611375,0.0,30.0,5.592417061611375,20.0,10.0,20.0,5.592417061611375,559.2417061611375,0.0,559.2417061611375,559.2417061611375,0.22369668246445498,5.0,0.33554502369668243,13.333333333333329
ST004,SKU0087,0.24170616113744076,0.0,7,0.9823998453301572,4.288656369973658,5.980599497935744,0.0,7.251184834123222,4.834123222748815,4.834123222748815,0.0,30.0,4.834123222748815,20.0,10.0,20.0,4.834123222748815,483.4123222748815,0.0,483.4123222748815,483.4123222748815,0.1933649289099526,5.0,0.2900473933649289,13.333333333333336
ST004,SKU0088,0.7251184834123223,0.0,7,2.8452607814515463,12.42095653069605,17.496785914582304,0.0,21.75355450236967,14.502369668246446,14.502369668246446,0.0,30.0,14.502369668246446,20.0,10.0,20.0,14.502369668246446,1450.2369668246447,0.0,1450.2369668246447,1450.2369668246447,0.5800947867298579,5.0000000000000036,0.8701421800947867,13.333333333333332
ST004,SKU0089,0.6933962264150944,0.0,7,2.4388937305652387,10.646965370563814,15.500738955469474,0.0,20.80188679245283,13.867924528301888,13.867924528301888,0.0,30.0,13.867924528301888,20.0,10.0,20.0,13.867924528301888,1386.7924528301887,0.0,1386.7924528301887,1386.7924528301887,0.5547169811320755,4.9999999999999964,0.8320754716981132,13.333333333333332
ST004,SKU0090,0.6018957345971564,0.0,7,2.8120143955011194,12.275819776488822,16.489089918668917,0.0,18.05687203791469,12.037914691943127,12.037914691943127,0.0,30.0,12.037914691943127,20.0,10.0,20.0,12.037914691943127,1203.7914691943126,0.0,1203.7914691943126,1203.7914691943126,0.48151658767772515,5.0000000000000036,0.7222748815165877,13.333333333333336
ST005,SKU0001,0.23222748815165878,0.0,7,0.9651569156423385,4.213382538657227,5.838974955718838,0.0,6.966824644549764,4.644549763033176,4.644549763033176,0.0,30.0,4.644549763033176,20.0,10.0,20.0,4.644549763033176,464.4549763033176,0.0,464.4549763033176,464.4549763033176,0.18578199052132705,5.0000000000000036,0.2786729857819905,13.333333333333332
ST005,SKU0002,0.19339622641509435,0.0,7,0.9415897485544586,4.110500314342846,5.464273899248506,0.0,5.80188679245283,3.867924528301887,3.867924528301887,0.0,30.0,3.867924528301887,20.0,10.0,20.0,3.867924528301887,386.7924528301887,0.0,386.7924528301887,386.7924528301887,0.1547169811320755,5.0000000000000036,0.2320754716981132,13.333333333333332
ST005,SKU0003,0.47641509433962265,0.0,7,2.0777335394615233,9.070324289520775,12.405229949898134,0.0,14.29245283018868,9.528301886792454,9.528301886792454,0.0,30.0,9.528301886792454,20.0,10.0,20.0,9.528301886792454,952.8301886792453,0.0,952.8301886792453,952.8301886792453,0.38113207547169814,5.0,0.5716981132075472,13.333333333333332
ST005,SKU0004,0.46919431279620855,0.0,7,2.2451532592009924,9.801193345468741,13.085553535042202,0.0,14.075829383886257,9.383886255924171,9.383886255924171,0.0,30.0,9.383886255924171,20.0,10.0,20.0,9.383886255924171,938.3886255924172,0.0,938.3886255924172,938.3886255924172,0.37535545023696687,5.0,0.5630331753554503,13.333333333333332
ST005,SKU0005,0.44549763033175355,0.0,7,1.8388961786753324,8.027682259809179,11.146165672131454,0.0,13.364928909952607,8.909952606635072,8.909952606635072,0.0,30.0,8.909952606635072,20.0,10.0,20.0,8.909952606635072,890.9952606635071,0.0,890.9952606635071,890.9952606635071,0.35639810426540286,5.0,0.5345971563981042,13.333333333333332
ST005,SKU0006,0.5071090047393365,0.0,7,1.8345095834775318,8.00853262381629,11.558295656991646,0.0,15.213270142180095,10.142180094786731,10.142180094786731,0.0,30.0,10.142180094786731,20.0,10.0,20.0,10.142180094786731,1014.2180094786731,0.0,1014.2180094786731,1014.2180094786731,0.4056872037914692,5.0,0.6085308056872037,13.333333333333329
ST005,SKU0007,0.6350710900473934,0.0,7,2.5041874206575043,10.932004299737477,15.37750193006923,0.0,19.0521327014218,12.701421800947868,12.701421800947868,0.0,30.0,12.701421800947868,20.0,10.0,20.0,12.701421800947868,1270.1421800947867,0.0,1270.1421800947867,1270.1421800947867,0.5080568720379147,5.0,0.762085308056872,13.333333333333332
ST005,SKU0008,0.3632075471698113,0.0,7,1.6989444992984097,7.416724650133824,9.959177480322504,0.0,10.89622641509434,7.264150943396226,7.264150943396226,0.0,30.0,7.264150943396226,20.0,10.0,20.0,7.264150943396226,726.4150943396226,0.0,726.4150943396226,726.4150943396226,0.29056603773584905,5.0,0.43584905660377354,13.333333333333332
ST005,SKU0009,0.19339622641509435,0.0,7,0.8844918607535328,3.8612400753541207,5.215013660259781,0.0,5.80188679245283,3.867924528301887,3.867924528301887,0.0,30.0,3.867924528301887,20.0,10.0,20.0,3.867924528301887,386.7924528301887,0.0,386.7924528301887,386.7924528301887,0.1547169811320755,5.0000000000000036,0.2320754716981132,13.333333333333332
ST005,SKU0010,0.18396226415094338,0.0,7,0.9282952619484742,4.052463370486119,5.340199219542722,0.0,5.518867924528301,3.6792452830188678,3.6792452830188678,0.0,30.0,3.6792452830188678,20.0,10.0,20.0,3.6792452830188678,367.92452830188677,0.0,367.92452830188677,367.92452830188677,0.1471698113207547,5.0,0.22075471698113205,13.333333333333332
ST005,SKU0011,0.4009433962264151,0.0,7,1.676319330900439,7.317954711363043,10.124558484947949,0.0,12.028301886792454,8.018867924528303,8.018867924528303,0.0,30.0,8.018867924528303,20.0,10.0,20.0,8.018867924528303,801.8867924528303,0.0,801.8867924528303,801.8867924528303,0.3207547169811321,5.0,0.4811320754716981,13.333333333333332
ST005,SKU0012,0.5734597156398105,0.0,7,2.2903642613261144,9.99856150791143,14.012779517390104,0.0,17.203791469194314,11.469194312796208,11.469194312796208,0.0,30.0,11.469194312796208,20.0,10.0,20.0,11.469194312796208,1146.9194312796208,0.0,1146.9194312796208,1146.9194312796208,0.4587677725118484,5.0000000000000036,0.6881516587677725,13.333333333333332
ST005,SKU0013,0.41232227488151657,0.0,7,1.7253404937732857,7.531956091165273,10.41821201533589,0.0,12.369668246445498,8.246445497630331,8.246445497630331,0.0,30.0,8.246445497630331,20.0,10.0,20.0,8.246445497630331,824.6445497630331,0.0,824.6445497630331,824.6445497630331,0.3298578199052133,5.0000000000000036,0.49478672985781985,13.333333333333332
ST005,SKU0014,0.46919431279620855,0.0,7,2.05466920409423,8.969637171884974,12.253997361458435,0.0,14.075829383886257,9.383886255924171,9.383886255924171,0.0,30.0,9.383886255924171,20.0,10.0,20.0,9.383886255924171,938.3886255924172,0.0,938.3886255924172,938.3886255924172,0.37535545023696687,5.0,0.5630331753554503,13.333333333333332
ST005,SKU0015,0.4265402843601896,0.0,7,1.7093738402556644,7.462253830277298,10.448035820798625,0.0,12.796208530805687,8.530805687203792,8.530805687203792,0.0,30.0,8.530805687203792,20.0,10.0,20.0,8.530805687203792,853.0805687203791,0.0,853.0805687203791,853.0805687203791,0.3412322274881517,5.0,0.5118483412322274,13.333333333333332
ST005,SKU0016,0.5754716981132075,0.0,7,2.1171746943507044,9.242504243496397,13.27080613028885,0.0,17.264150943396224,11.50943396226415,11.50943396226415,0.0,30.0,11.50943396226415,20.0,10.0,20.0,11.50943396226415,1150.943396226415,0.0,1150.943396226415,1150.943396226415,0.46037735849056605,5.0,0.690566037735849,13.333333333333332
ST005,SKU0017,0.460093896713615,0.0,7,1.7058594886201497,7.44691196453941,10.667569241534714,0.0,13.80281690140845,9.2018779342723,9.2018779342723,0.0,30.0,9.2018779342723,20.0,10.0,20.0,9.2018779342723,920.18779342723,0.0,920.18779342723,920.18779342723,0.36807511737089205,5.0000000000000036,0.552112676056338,13.333333333333332
ST005,SKU0018,0.18779342723004694,0.0,7,0.7724265334510696,3.3720200474057527,4.686574038016081,0.0,5.633802816901408,3.755868544600939,3.755868544600939,0.0,30.0,3.755868544600939,20.0,10.0,20.0,3.755868544600939,375.5868544600939,0.0,375.5868544600939,375.5868544600939,0.15023474178403756,5.0,0.22535211267605632,13.333333333333332
ST005,SKU0019,0.863849765258216,0.0,7,3.7068598082069957,16.18225817586889,22.2292065326764,0.0,25.91549295774648,17.27699530516432,17.27699530516432,0.0,30.0,17.27699530516432,20.0,10.0,20.0,17.27699530516432,1727.6995305164319,0.0,1727.6995305164319,1727.6995305164319,0.6910798122065729,5.0000000000000036,1.036619718309859,13.333333333333332
ST005,SKU0020,0.3915094339622642,0.0,7,1.6005104591249637,6.987011865244063,9.727577902979913,0.0,11.745283018867925,7.830188679245284,7.830188679245284,0.0,30.0,7.830188679245284,20.0,10.0,20.0,7.830188679245284,783.0188679245284,0.0,783.0188679245284,783.0188679245284,0.31320754716981136,5.0,0.469811320754717,13.333333333333332
ST005,SKU0021,1.2358490566037736,0.0,7,3.306038957496193,14.43247889527317,23.083422291499588,0.0,37.07547169811321,24.716981132075475,24.716981132075475,0.0,30.0,24.716981132075475,20.0,10.0,20.0,24.716981132075475,2471.6981132075475,0.0,2471.6981132075475,2471.6981132075475,0.988679245283019,5.0,1.4830188679245284,13.333333333333332
ST005,SKU0022,0.46919431279620855,0.0,7,1.9451401749380377,8.491489327277089,11.775849516850549,0.0,14.075829383886257,9.383886255924171,9.383886255924171,0.0,30.0,9.383886255924171,20.0,10.0,20.0,9.383886255924171,938.3886255924172,0.0,938.3886255924172,938.3886255924172,0.37535545023696687,5.0,0.5630331753554503,13.333333333333332
ST005,SKU0023,0.5754716981132075,0.0,7,1.9371553542485391,8.456631675094124,12.484933561886578,0.0,17.264150943396224,11.50943396226415,11.50943396226415,0.0,30.0,11.50943396226415,20.0,10.0,20.0,11.50943396226415,1150.943396226415,0.0,1150.943396226415,1150.943396226415,0.46037735849056605,5.0,0.690566037735849,13.333333333333332
ST005,SKU0024,0.44549763033175355,0.0,7,1.7404477020484665,7.597906452731238,10.716389865053513,0.0,13.364928909952607,8.909952606635072,8.909952606635072,0.0,30.0,8.909952606635072,20.0,10.0,20.0,8.909952606635072,890.9952606635071,0.0,890.9952606635071,890.9952606635071,0.35639810426540286,5.0,0.5345971563981042,13.333333333333332
ST005,SKU0025,0.4413145539906103,0.0,7,1.732753877400271,7.5643191407586325,10.653521018692905,0.0,13.23943661971831,8.826291079812206,8.826291079812206,0.0,30.0,8.826291079812206,20.0,10.0,20.0,8.826291079812206,882.6291079812206,0.0,882.6291079812206,882.6291079812206,0.3530516431924883,5.0000000000000036,0.5295774647887324,13.333333333333332
ST005,SKU0026,0.16587677725118483,0.0,7,0.6589830288883757,2.876783600873712,4.037921041632006,0.0,4.976303317535545,3.3175355450236967,3.3175355450236967,0.0,30.0,3.3175355450236967,20.0,10.0,20.0,3.3175355450236967,331.7535545023697,0.0,331.7535545023697,331.7535545023697,0.13270142180094788,5.0,0.19905213270142177,13.333333333333332
ST005,SKU0027,0.2169811320754717,0.0,7,0.8870283418601502,3.872313057406105,5.391180981934407,0.0,6.5094339622641515,4.339622641509434,4.339622641509434,0.0,30.0,4.339622641509434,20.0,10.0,20.0,4.339622641509434,433.96226415094344,0.0,433.96226415094344,433.96226415094344,0.17358490566037738,5.0,0.26037735849056604,13.333333333333332
ST005,SKU0028,0.22748815165876776,0.0,7,1.1192696783859493,4.886160211390372,6.478577273001747,0.0,6.824644549763033,4.549763033175355,4.549763033175355,0.0,30.0,4.549763033175355,20.0,10.0,20.0,4.549763033175355,454.97630331753555,0.0,454.97630331753555,454.97630331753555,0.1819905213270142,5.0,0.2729857819905213,13.333333333333332
ST005,SKU0029,0.47393364928909953,0.0,7,1.727379842242622,7.540858845827938,10.858394390851636,0.0,14.218009478672986,9.47867298578199,9.47867298578199,0.0,30.0,9.47867298578199,20.0,10.0,20.0,9.47867298578199,947.8672985781991,0.0,947.8672985781991,947.8672985781991,0.37914691943127965,5.0,0.5687203791469194,13.333333333333332
ST005,SKU0030,0.18691588785046728,0.0,7,0.8735104410048649,3.8133008009534293,5.1217120159067,0.0,5.607476635514018,3.7383177570093458,3.7383177570093458,0.0,30.0,3.7383177570093458,20.0,10.0,20.0,3.7383177570093458,373.8317757009346,0.0,373.8317757009346,373.8317757009346,0.14953271028037382,5.0,0.22429906542056074,13.333333333333332
ST005,SKU0031,0.4272300469483568,0.0,7,1.8224517822745159,7.955894417302921,10.946504745941418,0.0,12.816901408450704,8.544600938967136,8.544600938967136,0.0,30.0,8.544600938967136,20.0,10.0,20.0,8.544600938967136,854.4600938967136,0.0,854.4600938967136,854.4600938967136,0.34178403755868547,5.0000000000000036,0.5126760563380282,13.333333333333332
ST005,SKU0032,0.5283018867924528,0.0,7,2.129492951551454,9.296279467975605,12.994392675522775,0.0,15.849056603773585,10.566037735849056,10.566037735849056,0.0,30.0,10.566037735849056,20.0,10.0,20.0,10.566037735849056,1056.6037735849056,0.0,1056.6037735849056,1056.6037735849056,0.4226415094339623,5.0000000000000036,0.6339622641509434,13.333333333333332
ST005,SKU0033,0.7867298578199052,0.0,7,3.6654128875475287,16.00132207215617,21.50843107689551,0.0,23.601895734597157,15.734597156398104,15.734597156398104,0.0,30.0,15.734597156398104,20.0,10.0,20.0,15.734597156398104,1573.4597156398104,0.0,1573.4597156398104,1573.4597156398104,0.6293838862559242,5.0000000000000036,0.9440758293838862,13.333333333333332
ST005,SKU0034,0.2132701421800948,0.0,7,0.9139210229552136,3.9897127787438595,5.482603774004523,0.0,6.398104265402844,4.265402843601896,4.265402843601896,0.0,30.0,4.265402843601896,20.0,10.0,20.0,4.265402843601896,426.54028436018956,0.0,426.54028436018956,426.54028436018956,0.17061611374407584,5.0,0.2559241706161137,13.333333333333332
ST005,SKU0035,0.2890995260663507,0.0,7,1.0765131740285006,4.699507133580945,6.7232038160454,0.0,8.672985781990521,5.781990521327014,5.781990521327014,0.0,30.0,5.781990521327014,20.0,10.0,20.0,5.781990521327014,578.1990521327014,0.0,578.1990521327014,578.1990521327014,0.23127962085308057,5.0,0.3469194312796208,13.333333333333332
ST005,SKU0036,0.7440758293838863,0.0,7,2.7776146796321903,12.125648172444048,17.334178978131252,0.0,22.322274881516588,14.881516587677726,14.881516587677726,0.0,30.0,14.881516587677726,20.0,10.0,20.0,14.881516587677726,1488.1516587677727,0.0,1488.1516587677727,1488.1516587677727,0.595260663507109,5.0,0.8928909952606635,13.333333333333332
ST005,SKU0037,0.6226415094339622,0.0,7,2.458963023409723,10.734577661025279,15.093068227063014,0.0,18.67924528301887,12.452830188679245,12.452830188679245,0.0,30.0,12.452830188679245,20.0,10.0,20.0,12.452830188679245,1245.2830188679245,0.0,1245.2830188679245,1245.2830188679245,0.4981132075471698,5.0,0.7471698113207547,13.333333333333332
ST005,SKU0038,0.8018867924528302,0.0,7,3.106085790024256,13.55958540953902,19.172792956708832,0.0,24.056603773584907,16.037735849056606,16.037735849056606,0.0,30.0,16.037735849056606,20.0,10.0,20.0,16.037735849056606,1603.7735849056605,0.0,1603.7735849056605,1603.7735849056605,0.6415094339622642,5.0,0.9622641509433962,13.333333333333332
ST005,SKU0039,0.19339622641509435,0.0,7,0.8517357652608905,3.718243679072345,5.0720172639780055,0.0,5.80188679245283,3.867924528301887,3.867924528301887,0.0,30.0,3.867924528301887,20.0,10.0,20.0,3.867924528301887,386.7924528301887,0.0,386.7924528301887,386.7924528301887,0.1547169811320755,5.0000000000000036,0.2320754716981132,13.333333333333332
ST005,SKU0040,0.4272300469483568,0.0,7,1.945146433988701,8.491516651098062,11.48212697973656,0.0,12.816901408450704,8.544600938967136,8.544600938967136,0.0,30.0,8.544600938967136,20.0,10.0,20.0,8.544600938967136,854.4600938967136,0.0,854.4600938967136,854.4600938967136,0.34178403755868547,5.0000000000000036,0.5126760563380282,13.333333333333332
ST005,SKU0041,0.2132701421800948,0.0,7,0.9889938215462455,4.317442304984752,5.810333300245415,0.0,6.398104265402844,4.265402843601896,4.265402843601896,0.0,30.0,4.265402843601896,20.0,10.0,20.0,4.265402843601896,426.54028436018956,0.0,426.54028436018956,426.54028436018956,0.17061611374407584,5.0,0.2559241706161137,13.333333333333332
ST005,SKU0042,0.45023696682464454,0.0,7,1.862189556296385,8.129369259036217,11.281028026808729,0.0,13.507109004739336,9.004739336492891,9.004739336492891,0.0,30.0,9.004739336492891,20.0,10.0,20.0,9.004739336492891,900.4739336492892,0.0,900.4739336492892,900.4739336492892,0.36018957345971564,5.0,0.5402843601895734,13.333333333333332
ST005,SKU0043,0.2132701421800948,0.0,7,0.9496937942653783,4.145878442124425,5.638769437385088,0.0,6.398104265402844,4.265402843601896,4.265402843601896,0.0,30.0,4.265402843601896,20.0,10.0,20.0,4.265402843601896,426.54028436018956,0.0,426.54028436018956,426.54028436018956,0.17061611374407584,5.0,0.2559241706161137,13.333333333333332
ST005,SKU0044,0.7914691943127962,0.0,7,3.2461146332410618,14.170879877159761,19.711164237349333,0.0,23.744075829383885,15.829383886255924,15.829383886255924,0.0,30.0,15.829383886255924,20.0,10.0,20.0,15.829383886255924,1582.9383886255923,0.0,1582.9383886255923,1582.9383886255923,0.633175355450237,5.0,0.9497630331753554,13.333333333333332
ST005,SKU0045,0.3867924528301887,0.0,7,1.7090267994592077,7.460738827267638,10.168285997078959,0.0,11.60377358490566,7.735849056603774,7.735849056603774,0.0,30.0,7.735849056603774,20.0,10.0,20.0,7.735849056603774,773.5849056603774,0.0,773.5849056603774,773.5849056603774,0.309433962264151,5.0000000000000036,0.4641509433962264,13.333333333333332
ST005,SKU0046,0.4265402843601896,0.0,7,2.258962440303684,9.86147718283058,12.847259173351906,0.0,12.796208530805687,8.530805687203792,8.530805687203792,0.0,30.0,8.530805687203792,20.0,10.0,20.0,8.530805687203792,853.0805687203791,0.0,853.0805687203791,853.0805687203791,0.3412322274881517,5.0,0.5118483412322274,13.333333333333332
ST005,SKU0047,0.5849056603773585,0.0,7,2.7273163537491447,11.906071350722502,16.000410973364012,0.0,17.547169811320753,11.69811320754717,11.69811320754717,0.0,30.0,11.69811320754717,20.0,10.0,20.0,11.69811320754717,1169.811320754717,0.0,1169.811320754717,1169.811320754717,0.4679245283018868,5.0,0.7018867924528301,13.333333333333332
ST005,SKU0048,0.7582938388625592,0.0,7,2.9798313996584485,13.008423173456327,18.31648004549424,0.0,22.748815165876774,15.165876777251183,15.165876777251183,0.0,30.0,15.165876777251183,20.0,10.0,20.0,15.165876777251183,1516.5876777251183,0.0,1516.5876777251183,1516.5876777251183,0.6066350710900474,5.0000000000000036,0.9099526066350709,13.333333333333332
ST005,SKU0049,0.44075829383886256,0.0,7,1.7566329788126813,7.668563111142365,10.753871168014403,0.0,13.222748815165877,8.81516587677725,8.81516587677725,0.0,30.0,8.81516587677725,19.999999999999996,10.000000000000004,19.999999999999996,8.81516587677725,881.516587677725,0.0,881.516587677725,881.516587677725,0.3526066350710901,5.0000000000000036,0.5289099526066351,13.333333333333336
ST005,SKU0050,0.4976303317535545,0.0,7,2.2559432777041315,9.848297059710543,13.331709381985425,0.0,14.928909952606634,9.95260663507109,9.95260663507109,0.0,30.0,9.95260663507109,20.0,10.0,20.0,9.95260663507109,995.260663507109,0.0,995.260663507109,995.260663507109,0.3981042654028436,5.0,0.5971563981042654,13.333333333333332
ST005,SKU0051,0.7452830188679245,0.0,7,2.736661129466011,11.946865872519934,17.163847004595404,0.0,22.358490566037734,14.90566037735849,14.90566037735849,0.0,30.0,14.90566037735849,20.0,10.0,20.0,14.90566037735849,1490.566037735849,0.0,1490.566037735849,1490.566037735849,0.5962264150943396,5.0,0.8943396226415093,13.333333333333332
ST005,SKU0052,0.47393364928909953,0.0,7,1.7869988609145653,7.801125055573808,11.118660600597504,0.0,14.218009478672986,9.47867298578199,9.47867298578199,0.0,30.0,9.47867298578199,20.0,10.0,20.0,9.47867298578199,947.8672985781991,0.0,947.8672985781991,947.8672985781991,0.37914691943127965,5.0,0.5687203791469194,13.333333333333332
ST005,SKU0053,0.5518867924528302,0.0,7,1.9886279121306991,8.68133459447007,12.54454214163988,0.0,16.556603773584907,11.037735849056604,11.037735849056604,0.0,30.0,11.037735849056604,20.0,10.0,20.0,11.037735849056604,1103.7735849056605,0.0,1103.7735849056605,1103.7735849056605,0.4415094339622642,5.0000000000000036,0.6622641509433963,13.333333333333336
ST005,SKU0054,0.41509433962264153,0.0,7,1.5508317568251193,6.770140003870091,9.675800381228582,0.0,12.452830188679245,8.30188679245283,8.30188679245283,0.0,30.0,8.30188679245283,20.0,10.0,20.0,8.30188679245283,830.188679245283,0.0,830.188679245283,830.188679245283,0.33207547169811324,5.0000000000000036,0.4981132075471698,13.333333333333332
ST005,SKU0055,0.6933962264150944,0.0,7,2.3275302236032593,10.160809132057292,15.014582716962952,0.0,20.80188679245283,13.867924528301888,13.867924528301888,0.0,30.0,13.867924528301888,20.0,10.0,20.0,13.867924528301888,1386.7924528301887,0.0,1386.7924528301887,1386.7924528301887,0.5547169811320755,4.9999999999999964,0.8320754716981132,13.333333333333332
ST005,SKU0056,0.1895734597156398,0.0,7,0.7880568676947308,3.4402541099797013,4.76726832798918,0.0,5.6872037914691935,3.791469194312796,3.791469194312796,0.0,30.0,3.791469194312796,20.0,10.0,20.0,3.791469194312796,379.14691943127957,0.0,379.14691943127957,379.14691943127957,0.15165876777251186,5.0000000000000036,0.22748815165876773,13.333333333333332
ST005,SKU0057,0.42452830188679247,0.0,7,1.9759123549050193,8.625824960838818,11.597523074046364,0.0,12.735849056603774,8.49056603773585,8.49056603773585,0.0,30.0,8.49056603773585,20.0,10.0,20.0,8.49056603773585,849.0566037735849,0.0,849.0566037735849,849.0566037735849,0.339622641509434,5.0,0.5094339622641509,13.333333333333332
ST005,SKU0058,0.4597156398104265,0.0,7,1.6538664409402948,7.219936852331797,10.437946331004783,0.0,13.791469194312796,9.19431279620853,9.19431279620853,0.0,30.0,9.19431279620853,20.0,10.0,20.0,9.19431279620853,919.431279620853,0.0,919.431279620853,919.431279620853,0.36777251184834125,5.0000000000000036,0.5516587677725118,13.333333333333332
ST005,SKU0059,0.20853080568720378,0.0,7,0.8246922789737223,3.600185619227292,5.059901259037718,0.0,6.2559241706161135,4.170616113744075,4.170616113744075,0.0,30.0,4.170616113744075,20.0,10.0,20.0,4.170616113744075,417.06161137440756,0.0,417.06161137440756,417.06161137440756,0.16682464454976303,5.0000000000000036,0.2502369668246445,13.333333333333332
ST005,SKU0060,0.7535545023696683,0.0,7,2.7037758731106654,11.803305625827129,17.078187142414805,0.0,22.606635071090047,15.071090047393366,15.071090047393366,0.0,30.0,15.071090047393366,20.0,10.0,20.0,15.071090047393366,1507.1090047393366,0.0,1507.1090047393366,1507.1090047393366,0.6028436018957346,5.0,0.9042654028436019,13.333333333333332
ST005,SKU0061,0.6320754716981132,0.0,7,2.2043708055373683,9.623157965557949,14.047686267444742,0.0,18.962264150943394,12.641509433962263,12.641509433962263,0.0,30.0,12.641509433962263,20.0,10.0,20.0,12.641509433962263,1264.1509433962262,0.0,1264.1509433962262,1264.1509433962262,0.5056603773584906,5.0000000000000036,0.7584905660377358,13.333333333333336
ST005,SKU0062,0.7370892018779343,0.0,7,3.0847135239798784,13.46628500304192,18.62590941618746,0.0,22.112676056338028,14.741784037558684,14.741784037558684,0.0,30.0,14.741784037558684,20.0,10.0,20.0,14.741784037558684,1474.1784037558684,0.0,1474.1784037558684,1474.1784037558684,0.5896713615023474,5.0000000000000036,0.8845070422535211,13.333333333333332
ST005,SKU0063,0.22274881516587677,0.0,7,1.0154304873800917,4.432851296413376,5.992093002574514,0.0,6.682464454976303,4.454976303317536,4.454976303317536,0.0,30.0,4.454976303317536,20.0,10.0,20.0,4.454976303317536,445.49763033175356,0.0,445.49763033175356,445.49763033175356,0.17819905213270143,5.0,0.2672985781990521,13.333333333333332
ST005,SKU0064,0.6966824644549763,0.0,7,1.636761724121193,7.145266387865076,12.02204363904991,0.0,20.900473933649288,13.933649289099526,13.933649289099526,0.0,30.0,13.933649289099526,20.0,10.0,20.0,13.933649289099526,1393.3649289099526,0.0,1393.3649289099526,1393.3649289099526,0.557345971563981,5.0,0.8360189573459715,13.333333333333332
ST005,SKU0065,0.21800947867298578,0.0,7,0.8222256786165175,3.5894177008645296,5.1154840515754305,0.0,6.540284360189574,4.360189573459715,4.360189573459715,0.0,30.0,4.360189573459715,20.0,10.0,20.0,4.360189573459715,436.01895734597156,0.0,436.01895734597156,436.01895734597156,0.17440758293838865,5.0000000000000036,0.2616113744075829,13.333333333333332
ST005,SKU0066,0.46445497630331756,0.0,7,2.122984660378239,9.267867590133472,12.519052424256694,0.0,13.933649289099527,9.289099526066352,9.289099526066352,0.0,30.0,9.289099526066352,20.0,10.0,20.0,9.289099526066352,928.9099526066352,0.0,928.9099526066352,928.9099526066352,0.3715639810426541,5.0000000000000036,0.557345971563981,13.333333333333332
ST005,SKU0067,0.39622641509433965,0.0,7,1.5093970754680952,6.5892573307056725,9.362842236366049,0.0,11.88679245283019,7.924528301886793,7.924528301886793,0.0,30.0,7.924528301886793,20.0,10.0,20.0,7.924528301886793,792.4528301886793,0.0,792.4528301886793,792.4528301886793,0.31698113207547174,5.0,0.47547169811320755,13.333333333333332
ST005,SKU0068,0.4549763033175355,0.0,7,1.7919426474685913,7.822707104672755,11.007541227895505,0.0,13.649289099526065,9.09952606635071,9.09952606635071,0.0,30.0,9.09952606635071,20.0,10.0,20.0,9.09952606635071,909.9526066350711,0.0,909.9526066350711,909.9526066350711,0.3639810426540284,5.0,0.5459715639810426,13.333333333333332
ST005,SKU0069,0.8215962441314554,0.0,7,3.043102824170817,13.284633923144591,19.03580763206478,0.0,24.64788732394366,16.431924882629108,16.431924882629108,0.0,30.0,16.431924882629108,20.0,10.0,20.0,16.431924882629108,1643.1924882629107,0.0,1643.1924882629107,1643.1924882629107,0.6572769953051644,5.0000000000000036,0.9859154929577464,13.333333333333332
ST005,SKU0070,0.21226415094339623,0.0,7,0.8961426374054823,3.912101420397117,5.39795047700089,0.0,6.367924528301887,4.245283018867925,4.245283018867925,0.0,30.0,4.245283018867925,20.0,10.0,20.0,4.245283018867925,424.52830188679246,0.0,424.52830188679246,424.52830188679246,0.169811320754717,5.0,0.25471698113207547,13.333333333333332
ST005,SKU0071,0.8066037735849056,0.0,7,2.966695669884394,12.95107928090836,18.5973056960027,0.0,24.19811320754717,16.132075471698112,16.132075471698112,0.0,30.0,16.132075471698112,20.0,10.0,20.0,16.132075471698112,1613.2075471698113,0.0,1613.2075471698113,1613.2075471698113,0.6452830188679246,5.0000000000000036,0.9679245283018867,13.333333333333332
ST005,SKU0072,0.5,0.0,7,1.7100206478618156,7.465077462196066,10.965077462196067,0.0,15.0,10.0,10.0,0.0,30.0,10.0,20.0,10.0,20.0,10.0,1000.0,0.0,1000.0,1000.0,0.4,5.0,0.6,13.333333333333332
ST005,SKU0073,0.5687203791469194,0.0,7,2.252779821953703,9.834487026331876,13.815529680360312,0.0,17.061611374407583,11.374407582938389,11.374407582938389,0.0,30.0,11.374407582938389,20.0,10.0,20.0,11.374407582938389,1137.4407582938388,0.0,1137.4407582938388,1137.4407582938388,0.4549763033175356,5.0,0.6824644549763033,13.333333333333332
ST005,SKU0074,0.7488151658767772,0.0,7,2.711252744881238,11.83594583225506,17.0776519933925,0.0,22.464454976303315,14.976303317535544,14.976303317535544,0.0,30.0,14.976303317535544,20.0,10.0,20.0,14.976303317535544,1497.6303317535544,0.0,1497.6303317535544,1497.6303317535544,0.5990521327014218,5.0,0.8985781990521327,13.333333333333332
ST005,SKU0075,0.4881516587677725,0.0,7,2.00085741043436,8.734722342901517,12.151783954275924,0.0,14.644549763033176,9.76303317535545,9.76303317535545,0.0,30.0,9.76303317535545,20.0,10.0,20.0,9.76303317535545,976.3033175355449,0.0,976.3033175355449,976.3033175355449,0.39052132701421804,5.0000000000000036,0.585781990521327,13.333333333333332
ST005,SKU0076,0.18867924528301888,0.0,7,0.6401008147369568,2.794353490176296,4.115108207157428,0.0,5.660377358490567,3.7735849056603774,3.7735849056603774,0.0,30.0,3.7735849056603774,20.0,10.0,20.0,3.7735849056603774,377.35849056603774,0.0,377.35849056603774,377.35849056603774,0.15094339622641512,5.0000000000000036,0.22641509433962265,13.333333333333332
ST005,SKU0077,0.8199052132701422,0.0,7,2.9253867453757816,12.770745597965767,18.510082090856763,0.0,24.597156398104268,16.398104265402843,16.398104265402843,0.0,30.0,16.398104265402843,20.0,10.0,20.0,16.398104265402843,1639.8104265402842,0.0,1639.8104265402842,1639.8104265402842,0.6559241706161139,5.000000000000007,0.9838862559241706,13.333333333333332
ST005,SKU0078,0.6919431279620853,0.0,7,2.2092622161272115,9.644511367926654,14.488113263661251,0.0,20.75829383886256,13.838862559241708,13.838862559241708,0.0,30.0,13.838862559241708,20.0,10.0,20.0,13.838862559241708,1383.8862559241709,0.0,1383.8862559241709,1383.8862559241709,0.5535545023696683,5.0,0.8303317535545024,13.333333333333332
ST005,SKU0079,0.3127962085308057,0.0,7,1.6114995238640712,7.034984513771494,9.224557973487133,0.0,9.383886255924171,6.2559241706161135,6.2559241706161135,0.0,30.0,6.2559241706161135,20.0,10.0,20.0,6.2559241706161135,625.5924170616114,0.0,625.5924170616114,625.5924170616114,0.2502369668246446,5.0000000000000036,0.3753554502369668,13.333333333333332
ST005,SKU0080,0.44339622641509435,0.0,7,1.9426868025692376,8.480779155560972,11.584552740466632,0.0,13.30188679245283,8.867924528301888,8.867924528301888,0.0,30.0,8.867924528301888,20.000000000000004,9.999999999999996,20.000000000000004,8.867924528301888,886.7924528301888,0.0,886.7924528301888,886.7924528301888,0.3547169811320755,5.0,0.5320754716981132,13.333333333333332
ST005,SKU0081,0.20853080568720378,0.0,7,0.7771273247083743,3.3925413030486435,4.85225694285907,0.0,6.2559241706161135,4.170616113744075,4.170616113744075,0.0,30.0,4.170616113744075,20.0,10.0,20.0,4.170616113744075,417.06161137440756,0.0,417.06161137440756,417.06161137440756,0.16682464454976303,5.0000000000000036,0.2502369668246445,13.333333333333332
ST005,SKU0082,0.7547169811320755,0.0,7,2.787280931411605,12.16784609466952,17.450864962594046,0.0,22.641509433962266,15.09433962264151,15.09433962264151,0.0,30.0,15.09433962264151,20.0,10.0,20.0,15.09433962264151,1509.433962264151,0.0,1509.433962264151,1509.433962264151,0.6037735849056605,5.0000000000000036,0.9056603773584906,13.333333333333332
ST005,SKU0083,0.18396226415094338,0.0,7,0.902407185491714,3.9394492403125354,5.227185089369139,0.0,5.518867924528301,3.6792452830188678,3.6792452830188678,0.0,30.0,3.6792452830188678,20.0,10.0,20.0,3.6792452830188678,367.92452830188677,0.0,367.92452830188677,367.92452830188677,0.1471698113207547,5.0,0.22075471698113205,13.333333333333332
ST005,SKU0084,0.18309859154929578,0.0,7,0.7328516122086891,3.199256137797948,4.480946278643018,0.0,5.492957746478873,3.6619718309859155,3.6619718309859155,0.0,30.0,3.6619718309859155,20.0,10.0,20.0,3.6619718309859155,366.19718309859155,0.0,366.19718309859155,366.19718309859155,0.14647887323943662,5.0,0.21971830985915494,13.333333333333336
ST005,SKU0085,0.7298578199052133,0.0,7,3.312028507853067,14.45862621544366,19.567630954780153,0.0,21.895734597156398,14.597156398104264,14.597156398104264,0.0,30.0,14.597156398104264,20.0,10.0,20.0,14.597156398104264,1459.7156398104264,0.0,1459.7156398104264,1459.7156398104264,0.5838862559241706,5.0000000000000036,0.8758293838862559,13.333333333333332
ST005,SKU0086,0.20853080568720378,0.0,7,0.8966196957508775,3.9141840136727106,5.373899653483138,0.0,6.2559241706161135,4.170616113744075,4.170616113744075,0.0,30.0,4.170616113744075,20.0,10.0,20.0,4.170616113744075,417.06161137440756,0.0,417.06161137440756,417.06161137440756,0.16682464454976303,5.0000000000000036,0.2502369668246445,13.333333333333332
ST005,SKU0087,0.1895734597156398,0.0,7,0.8685430099046128,3.7916155318323397,5.118629749841818,0.0,5.6872037914691935,3.791469194312796,3.791469194312796,0.0,30.0,3.791469194312796,20.0,10.0,20.0,3.791469194312796,379.14691943127957,0.0,379.14691943127957,379.14691943127957,0.15165876777251186,5.0000000000000036,0.22748815165876773,13.333333333333332
ST005,SKU0088,0.6074766355140186,0.0,7,2.4866101870732025,10.855271068216561,15.107607516814692,0.0,18.22429906542056,12.149532710280372,12.149532710280372,0.0,30.0,12.149532710280372,20.0,10.0,20.0,12.149532710280372,1214.9532710280373,0.0,1214.9532710280373,1214.9532710280373,0.48598130841121495,5.0000000000000036,0.7289719626168224,13.333333333333336
ST005,SKU0089,0.43601895734597157,0.0,7,1.6122835859561642,7.038407328729877,10.09054003015168,0.0,13.080568720379148,8.72037914691943,8.72037914691943,0.0,30.0,8.72037914691943,20.0,10.0,20.0,8.72037914691943,872.0379146919431,0.0,872.0379146919431,872.0379146919431,0.3488151658767773,5.0000000000000036,0.5232227488151658,13.333333333333332
ST005,SKU0090,0.41037735849056606,0.0,7,1.762292197842054,7.6932683733171965,10.565909882751159,0.0,12.311320754716983,8.20754716981132,8.20754716981132,0.0,30.0,8.20754716981132,20.0,10.0,20.0,8.20754716981132,820.7547169811321,0.0,820.7547169811321,820.7547169811321,0.32830188679245287,5.0000000000000036,0.49245283018867925,13.333333333333336
ST006,SKU0001,0.29577464788732394,0.0,7,1.6800244230916492,7.334129253025185,9.404551788236452,0.0,8.873239436619718,5.915492957746479,5.915492957746479,0.0,30.0,5.915492957746479,20.0,10.0,20.0,5.915492957746479,591.5492957746479,0.0,591.5492957746479,591.5492957746479,0.23661971830985917,5.0,0.3549295774647887,13.333333333333332
ST006,SKU0002,0.24413145539906103,0.0,7,1.272542330391396,5.555270389380072,7.264190577173499,0.0,7.323943661971831,4.882629107981221,4.882629107981221,0.0,30.0,4.882629107981221,20.0,10.0,20.0,4.882629107981221,488.2629107981221,0.0,488.2629107981221,488.2629107981221,0.19530516431924883,5.0,0.29295774647887324,13.333333333333332
ST006,SKU0003,0.6698113207547169,0.0,7,2.865786735526656,12.510562371039418,17.199241616322436,0.0,20.09433962264151,13.39622641509434,13.39622641509434,0.0,30.0,13.39622641509434,20.0,10.0,20.0,13.39622641509434,1339.622641509434,0.0,1339.622641509434,1339.622641509434,0.5358490566037736,5.0,0.8037735849056603,13.333333333333332
ST006,SKU0004,0.6415094339622641,0.0,7,2.6076398118866364,11.38362464428743,15.87419068202328,0.0,19.245283018867923,12.830188679245282,12.830188679245282,0.0,30.0,12.830188679245282,20.0,10.0,20.0,12.830188679245282,1283.0188679245282,0.0,1283.0188679245282,1283.0188679245282,0.5132075471698113,5.0000000000000036,0.7698113207547169,13.333333333333332
ST006,SKU0005,0.5734597156398105,0.0,7,2.4626847278138424,10.750824723131158,14.765042732609832,0.0,17.203791469194314,11.469194312796208,11.469194312796208,0.0,30.0,11.469194312796208,20.0,10.0,20.0,11.469194312796208,1146.9194312796208,0.0,1146.9194312796208,1146.9194312796208,0.4587677725118484,5.0000000000000036,0.6881516587677725,13.333333333333332
ST006,SKU0006,0.8009478672985783,0.0,7,2.9837973651568324,13.025736554844354,18.6323716259344,0.0,24.028436018957347,16.018957345971565,16.018957345971565,0.0,30.0,16.018957345971565,20.0,10.0,20.0,16.018957345971565,1601.8957345971564,0.0,1601.8957345971564,1601.8957345971564,0.6407582938388626,5.0,0.9611374407582939,13.333333333333332
ST006,SKU0007,0.8732394366197183,0.0,7,3.360127935000317,14.668603767463543,20.78127982380157,0.0,26.197183098591548,17.464788732394364,17.464788732394364,0.0,30.0,17.464788732394364,20.0,10.0,20.0,17.464788732394364,1746.4788732394363,0.0,1746.4788732394363,1746.4788732394363,0.6985915492957746,5.0,1.047887323943662,13.333333333333336
ST006,SKU0008,0.5308056872037915,0.0,7,2.3386501632078844,10.20935311345732,13.92499292388386,0.0,15.924170616113745,10.61611374407583,10.61611374407583,0.0,30.0,10.61611374407583,20.0,10.0,20.0,10.61611374407583,1061.611374407583,0.0,1061.611374407583,1061.611374407583,0.42464454976303323,5.0,0.6369668246445498,13.333333333333332
ST006,SKU0009,0.23696682464454977,0.0,7,1.1215458268618803,4.896096714034086,6.5548644865459345,0.0,7.109004739336493,4.739336492890995,4.739336492890995,0.0,30.0,4.739336492890995,20.0,10.0,20.0,4.739336492890995,473.93364928909955,0.0,473.93364928909955,473.93364928909955,0.18957345971563982,5.0,0.2843601895734597,13.333333333333332
ST006,SKU0010,0.25821596244131456,0.0,7,1.2224282246663731,5.336497778854137,7.144009515943339,0.0,7.746478873239437,5.164319248826291,5.164319248826291,0.0,30.0,5.164319248826291,20.0,10.0,20.0,5.164319248826291,516.4319248826291,0.0,516.4319248826291,516.4319248826291,0.20657276995305165,5.0,0.30985915492957744,13.333333333333332
ST006,SKU0011,0.5545023696682464,0.0,7,2.140453025867828,9.34412555911226,13.225642146789985,0.0,16.635071090047393,11.090047393364928,11.090047393364928,0.0,30.0,11.090047393364928,20.0,10.0,20.0,11.090047393364928,1109.0047393364928,0.0,1109.0047393364928,1109.0047393364928,0.44360189573459713,5.0,0.6654028436018956,13.333333333333332
ST006,SKU0012,0.7971698113207547,0.0,7,3.3924074005088842,14.80951944047664,20.389708119721924,0.0,23.91509433962264,15.943396226415095,15.943396226415095,0.0,30.0,15.943396226415095,20.0,10.0,20.0,15.943396226415095,1594.3396226415095,0.0,1594.3396226415095,1594.3396226415095,0.6377358490566039,5.0000000000000036,0.9566037735849056,13.333333333333332
ST006,SKU0013,0.5660377358490566,0.0,7,2.1792597026627702,9.51353570552592,13.475799856469315,0.0,16.9811320754717,11.320754716981131,11.320754716981131,0.0,30.0,11.320754716981131,20.0,10.0,20.0,11.320754716981131,1132.0754716981132,0.0,1132.0754716981132,1132.0754716981132,0.4528301886792453,5.0000000000000036,0.6792452830188679,13.333333333333332
ST006,SKU0014,0.6255924170616114,0.0,7,2.265078366086625,9.888176193617252,14.267323113048532,0.0,18.767772511848342,12.511848341232227,12.511848341232227,0.0,30.0,12.511848341232227,20.0,10.0,20.0,12.511848341232227,1251.1848341232228,0.0,1251.1848341232228,1251.1848341232228,0.5004739336492892,5.0000000000000036,0.7507109004739336,13.333333333333332
ST006,SKU0015,0.5687203791469194,0.0,7,2.631090263335868,11.485997347687752,15.467040001716187,0.0,17.061611374407583,11.374407582938389,11.374407582938389,0.0,30.0,11.374407582938389,20.0,10.0,20.0,11.374407582938389,1137.4407582938388,0.0,1137.4407582938388,1137.4407582938388,0.4549763033175356,5.0,0.6824644549763033,13.333333333333332
ST006,SKU0016,0.9478672985781991,0.0,7,5.93794358354423,25.922031334963037,32.55710242501043,0.0,28.436018957345972,18.95734597156398,18.95734597156398,0.0,30.0,18.95734597156398,20.0,10.0,20.0,18.95734597156398,1895.7345971563982,0.0,1895.7345971563982,1895.7345971563982,0.7582938388625593,5.0,1.1374407582938388,13.333333333333332
ST006,SKU0017,0.5829383886255924,0.0,7,2.610691003399976,11.396944589299528,15.477513309678674,0.0,17.488151658767773,11.65876777251185,11.65876777251185,0.0,30.0,11.65876777251185,20.0,10.0,20.0,11.65876777251185,1165.8767772511849,0.0,1165.8767772511849,1165.8767772511849,0.466350710900474,5.0,0.6995260663507109,13.333333333333332
ST006,SKU0018,0.40375586854460094,0.0,7,2.6646506685495774,11.6325049497429,14.458796029555106,0.0,12.112676056338028,8.075117370892018,8.075117370892018,0.0,30.0,8.075117370892018,20.0,10.0,20.0,8.075117370892018,807.5117370892018,0.0,807.5117370892018,807.5117370892018,0.3230046948356808,5.0000000000000036,0.4845070422535211,13.333333333333332
ST006,SKU0019,1.1367924528301887,0.0,7,4.004164312684476,17.480137917004946,25.437685086816266,0.0,34.10377358490566,22.735849056603776,22.735849056603776,0.0,30.0,22.735849056603776,20.0,10.0,20.0,22.735849056603776,2273.5849056603774,0.0,2273.5849056603774,2273.5849056603774,0.909433962264151,4.9999999999999964,1.3641509433962264,13.333333333333332
ST006,SKU0020,0.6338028169014085,0.0,7,2.382559092417217,10.401037090045326,14.837656808355186,0.0,19.014084507042256,12.67605633802817,12.67605633802817,0.0,30.0,12.67605633802817,20.0,10.0,20.0,12.67605633802817,1267.605633802817,0.0,1267.605633802817,1267.605633802817,0.5070422535211269,5.0000000000000036,0.7605633802816901,13.333333333333332
ST006,SKU0021,0.7867298578199052,0.0,7,3.3942548404493436,14.817584420440202,20.32469342517954,0.0,23.601895734597157,15.734597156398104,15.734597156398104,0.0,30.0,15.734597156398104,20.0,10.0,20.0,15.734597156398104,1573.4597156398104,0.0,1573.4597156398104,1573.4597156398104,0.6293838862559242,5.0000000000000036,0.9440758293838862,13.333333333333332
ST006,SKU0022,0.6556603773584906,0.0,7,2.9959397544129445,13.07874402962915,17.668366671138585,0.0,19.669811320754718,13.11320754716981,13.11320754716981,0.0,30.0,13.11320754716981,20.0,10.0,20.0,13.11320754716981,1311.3207547169811,0.0,1311.3207547169811,1311.3207547169811,0.5245283018867924,5.0,0.7867924528301887,13.333333333333336
ST006,SKU0023,0.7393364928909952,0.0,7,2.660704800208472,11.615279302287233,16.7906347525242,0.0,22.180094786729857,14.786729857819905,14.786729857819905,0.0,30.0,14.786729857819905,20.0,10.0,20.0,14.786729857819905,1478.6729857819905,0.0,1478.6729857819905,1478.6729857819905,0.5914691943127962,5.0,0.8872037914691943,13.333333333333332
ST006,SKU0024,0.5924170616113744,0.0,7,2.4210858123878234,10.56922508783619,14.71614451911581,0.0,17.77251184834123,11.848341232227488,11.848341232227488,0.0,30.0,11.848341232227488,20.0,10.0,20.0,11.848341232227488,1184.8341232227488,0.0,1184.8341232227488,1184.8341232227488,0.47393364928909953,5.0,0.7109004739336493,13.333333333333332
ST006,SKU0025,0.5849056603773585,0.0,7,2.3961577637903044,10.460401949358562,14.554741572000072,0.0,17.547169811320753,11.69811320754717,11.69811320754717,0.0,30.0,11.69811320754717,20.0,10.0,20.0,11.69811320754717,1169.811320754717,0.0,1169.811320754717,1169.811320754717,0.4679245283018868,5.0,0.7018867924528301,13.333333333333332
ST006,SKU0026,0.23696682464454977,0.0,7,0.9811355393181938,4.28313705514724,5.941904827659088,0.0,7.109004739336493,4.739336492890995,4.739336492890995,0.0,30.0,4.739336492890995,20.0,10.0,20.0,4.739336492890995,473.93364928909955,0.0,473.93364928909955,473.93364928909955,0.18957345971563982,5.0,0.2843601895734597,13.333333333333332
ST006,SKU0027,0.24644549763033174,0.0,7,1.2671393243260352,5.531683622251227,7.256802105663549,0.0,7.393364928909953,4.9289099526066344,4.9289099526066344,0.0,30.0,4.9289099526066344,19.999999999999996,10.000000000000004,19.999999999999996,4.9289099526066344,492.89099526066343,0.0,492.89099526066343,492.89099526066343,0.1971563981042654,5.0000000000000036,0.2957345971563981,13.333333333333336
ST006,SKU0028,0.30660377358490565,0.0,7,1.1984799905539538,5.2319520103831225,7.378178425477462,0.0,9.19811320754717,6.132075471698113,6.132075471698113,0.0,30.0,6.132075471698113,20.0,10.0,20.0,6.132075471698113,613.2075471698113,0.0,613.2075471698113,613.2075471698113,0.24528301886792453,5.0,0.36792452830188677,13.333333333333332
ST006,SKU0029,0.6445497630331753,0.0,7,2.524490738108889,11.020638222201313,15.53248656343354,0.0,19.33649289099526,12.890995260663507,12.890995260663507,0.0,30.0,12.890995260663507,20.0,10.0,20.0,12.890995260663507,1289.0995260663508,0.0,1289.0995260663508,1289.0995260663508,0.5156398104265403,5.0,0.7734597156398104,13.333333333333332
ST006,SKU0030,0.26540284360189575,0.0,7,1.0935687335689028,4.773963002455628,6.631782907668898,0.0,7.9620853080568725,5.308056872037915,5.308056872037915,0.0,30.0,5.308056872037915,20.0,10.0,20.0,5.308056872037915,530.8056872037915,0.0,530.8056872037915,530.8056872037915,0.21232227488151661,5.0,0.3184834123222749,13.333333333333332
ST006,SKU0031,0.5497630331753555,0.0,7,1.8825356357237444,8.21818985846415,12.066531090691639,0.0,16.492890995260662,10.995260663507109,10.995260663507109,0.0,30.0,10.995260663507109,20.0,10.0,20.0,10.995260663507109,1099.5260663507108,0.0,1099.5260663507108,1099.5260663507108,0.4398104265402844,5.0000000000000036,0.6597156398104266,13.333333333333336
ST006,SKU0032,0.6650943396226415,0.0,7,2.7149068028946832,11.851897584741693,16.507557962100183,0.0,19.952830188679247,13.30188679245283,13.30188679245283,0.0,30.0,13.30188679245283,20.0,10.0,20.0,13.30188679245283,1330.188679245283,0.0,1330.188679245283,1330.188679245283,0.5320754716981132,5.0,0.7981132075471699,13.333333333333336
ST006,SKU0033,0.9906103286384976,0.0,7,3.7099949274346637,16.19594450645035,23.130216806919833,0.0,29.718309859154928,19.812206572769952,19.812206572769952,0.0,30.0,19.812206572769952,20.0,10.0,20.0,19.812206572769952,1981.220657276995,0.0,1981.220657276995,1981.220657276995,0.7924882629107981,5.0,1.1887323943661972,13.333333333333332
ST006,SKU0034,0.2938388625592417,0.0,7,1.1165038769500149,4.87408613381118,6.930958171725871,0.0,8.81516587677725,5.8767772511848335,5.8767772511848335,0.0,30.0,5.8767772511848335,20.0,10.0,20.0,5.8767772511848335,587.6777251184833,0.0,587.6777251184833,587.6777251184833,0.23507109004739335,5.0,0.35260663507109,13.333333333333336
ST006,SKU0035,0.2641509433962264,0.0,7,1.0780171968174612,4.706072929519455,6.55512953329304,0.0,7.9245283018867925,5.283018867924528,5.283018867924528,0.0,30.0,5.283018867924528,20.0,10.0,20.0,5.283018867924528,528.3018867924528,0.0,528.3018867924528,528.3018867924528,0.21132075471698114,5.0000000000000036,0.3169811320754717,13.333333333333332
ST006,SKU0036,1.0330188679245282,0.0,7,4.370717331304282,19.080321330825203,26.311453406296902,0.0,30.990566037735846,20.660377358490564,20.660377358490564,0.0,30.0,20.660377358490564,20.0,10.0,20.0,20.660377358490564,2066.0377358490564,0.0,2066.0377358490564,2066.0377358490564,0.8264150943396227,5.0000000000000036,1.2396226415094338,13.333333333333332
ST006,SKU0037,0.8056872037914692,0.0,7,3.4163703764831572,14.914129564393194,20.55393999093348,0.0,24.170616113744074,16.113744075829384,16.113744075829384,0.0,30.0,16.113744075829384,20.0,10.0,20.0,16.113744075829384,1611.3744075829384,0.0,1611.3744075829384,1611.3744075829384,0.6445497630331753,5.0,0.966824644549763,13.333333333333332
ST006,SKU0038,1.037914691943128,0.0,7,4.307079820848931,18.802512436736986,26.06791528033888,0.0,31.137440758293838,20.758293838862556,20.758293838862556,0.0,30.0,20.758293838862556,20.0,10.0,20.0,20.758293838862556,2075.8293838862555,0.0,2075.8293838862555,2075.8293838862555,0.8303317535545024,5.0000000000000036,1.2454976303317535,13.333333333333336
ST006,SKU0039,0.25,0.0,7,1.034362225368919,4.515497602911084,6.265497602911084,0.0,7.5,5.0,5.0,0.0,30.0,5.0,20.0,10.0,20.0,5.0,500.0,0.0,500.0,500.0,0.2,5.0,0.3,13.333333333333332
ST006,SKU0040,0.5165876777251185,0.0,7,2.0915839784011974,9.13078823754349,12.746901981619319,0.0,15.497630331753555,10.33175355450237,10.33175355450237,0.0,30.0,10.33175355450237,20.0,10.0,20.0,10.33175355450237,1033.175355450237,0.0,1033.175355450237,1033.175355450237,0.41327014218009483,5.0,0.6199052132701421,13.333333333333332
ST006,SKU0041,0.27488151658767773,0.0,7,1.1953418957769333,5.218252690071719,7.142423306185464,0.0,8.246445497630331,5.497630331753554,5.497630331753554,0.0,30.0,5.497630331753554,20.0,10.0,20.0,5.497630331753554,549.7630331753554,0.0,549.7630331753554,549.7630331753554,0.2199052132701422,5.0000000000000036,0.3298578199052133,13.333333333333336
ST006,SKU0042,0.6745283018867925,0.0,7,2.618329894267368,11.430292088419874,16.15199020162742,0.0,20.235849056603776,13.49056603773585,13.49056603773585,0.0,30.0,13.49056603773585,20.0,10.0,20.0,13.49056603773585,1349.056603773585,0.0,1349.056603773585,1349.056603773585,0.539622641509434,5.0,0.809433962264151,13.333333333333332
ST006,SKU0043,0.2938388625592417,0.0,7,1.1207607758876217,4.89266958212083,6.949541620035522,0.0,8.81516587677725,5.8767772511848335,5.8767772511848335,0.0,30.0,5.8767772511848335,20.0,10.0,20.0,5.8767772511848335,587.6777251184833,0.0,587.6777251184833,587.6777251184833,0.23507109004739335,5.0,0.35260663507109,13.333333333333336
ST006,SKU0044,1.070754716981132,0.0,7,4.54776580699641,19.85322462135452,27.348507640222444,0.0,32.12264150943396,21.41509433962264,21.41509433962264,0.0,30.0,21.41509433962264,20.0,10.0,20.0,21.41509433962264,2141.509433962264,0.0,2141.509433962264,2141.509433962264,0.8566037735849057,5.0,1.2849056603773583,13.333333333333332
ST006,SKU0045,0.5801886792452831,0.0,7,2.356433959797185,10.286988093641368,14.34830884835835,0.0,17.40566037735849,11.60377358490566,11.60377358490566,0.0,30.0,11.60377358490566,20.0,10.0,20.0,11.60377358490566,1160.377358490566,0.0,1160.377358490566,1160.377358490566,0.4641509433962265,5.0000000000000036,0.6962264150943397,13.333333333333336
ST006,SKU0046,0.596244131455399,0.0,7,2.091398596887283,9.129978956460738,13.303687876648532,0.0,17.88732394366197,11.92488262910798,11.92488262910798,0.0,30.0,11.92488262910798,20.0,10.0,20.0,11.92488262910798,1192.488262910798,0.0,1192.488262910798,1192.488262910798,0.4769953051643192,5.0,0.7154929577464788,13.333333333333332
ST006,SKU0047,0.7867298578199052,0.0,7,3.059258269582519,13.35516035309468,18.862269357834016,0.0,23.601895734597157,15.734597156398104,15.734597156398104,0.0,30.0,15.734597156398104,20.0,10.0,20.0,15.734597156398104,1573.4597156398104,0.0,1573.4597156398104,1573.4597156398104,0.6293838862559242,5.0000000000000036,0.9440758293838862,13.333333333333332
ST006,SKU0048,1.0188679245283019,0.0,7,4.6170529409192005,20.15569688829114,27.28777235998925,0.0,30.566037735849058,20.37735849056604,20.37735849056604,0.0,30.0,20.37735849056604,20.0,10.0,20.0,20.37735849056604,2037.735849056604,0.0,2037.735849056604,2037.735849056604,0.8150943396226416,5.0,1.2226415094339622,13.333333333333332
ST006,SKU0049,0.5924170616113744,0.0,7,2.714114665173068,11.848439515706108,15.995358946985728,0.0,17.77251184834123,11.848341232227488,11.848341232227488,0.0,30.0,11.848341232227488,20.0,10.0,20.0,11.848341232227488,1184.8341232227488,0.0,1184.8341232227488,1184.8341232227488,0.47393364928909953,5.0,0.7109004739336493,13.333333333333332
ST006,SKU0050,1.0330188679245282,0.0,7,3.320743983850212,14.496673535819557,21.727805611291256,0.0,30.990566037735846,20.660377358490564,20.660377358490564,0.0,30.0,20.660377358490564,20.0,10.0,20.0,20.660377358490564,2066.0377358490564,0.0,2066.0377358490564,2066.0377358490564,0.8264150943396227,5.0000000000000036,1.2396226415094338,13.333333333333332
ST006,SKU0051,1.0330188679245282,0.0,7,4.082542226703559,17.822295890482867,25.053427965954565,0.0,30.990566037735846,20.660377358490564,20.660377358490564,0.0,30.0,20.660377358490564,20.0,10.0,20.0,20.660377358490564,2066.0377358490564,0.0,2066.0377358490564,2066.0377358490564,0.8264150943396227,5.0000000000000036,1.2396226415094338,13.333333333333332
ST006,SKU0052,0.6273584905660378,0.0,7,2.4798346152952737,10.825692379657362,15.217201813619626,0.0,18.82075471698113,12.547169811320755,12.547169811320755,0.0,30.0,12.547169811320755,20.0,10.0,20.0,12.547169811320755,1254.7169811320755,0.0,1254.7169811320755,1254.7169811320755,0.5018867924528302,5.0,0.7528301886792453,13.333333333333336
ST006,SKU0053,0.7924528301886793,0.0,7,3.3165304234843345,14.47827928159681,20.025449092917565,0.0,23.77358490566038,15.849056603773587,15.849056603773587,0.0,30.0,15.849056603773587,20.0,10.0,20.0,15.849056603773587,1584.9056603773586,0.0,1584.9056603773586,1584.9056603773586,0.6339622641509435,5.0,0.9509433962264151,13.333333333333332
ST006,SKU0054,0.5518867924528302,0.0,7,2.1709294810674673,9.477170209258988,13.3403777564288,0.0,16.556603773584907,11.037735849056604,11.037735849056604,0.0,30.0,11.037735849056604,20.0,10.0,20.0,11.037735849056604,1103.7735849056605,0.0,1103.7735849056605,1103.7735849056605,0.4415094339622642,5.0000000000000036,0.6622641509433963,13.333333333333336
ST006,SKU0055,0.9859154929577465,0.0,7,3.920770613077492,17.116083583389933,24.01749203409416,0.0,29.577464788732396,19.718309859154928,19.718309859154928,0.0,30.0,19.718309859154928,19.999999999999996,10.000000000000004,19.999999999999996,19.718309859154928,1971.8309859154929,0.0,1971.8309859154929,1971.8309859154929,0.7887323943661972,5.0000000000000036,1.1830985915492958,13.333333333333336
ST006,SKU0056,0.27014218009478674,0.0,7,0.9942738334478253,4.34049214236297,6.231487403026477,0.0,8.104265402843602,5.402843601895735,5.402843601895735,0.0,30.0,5.402843601895735,20.0,10.0,20.0,5.402843601895735,540.2843601895735,0.0,540.2843601895735,540.2843601895735,0.2161137440758294,5.0,0.3241706161137441,13.333333333333332
ST006,SKU0057,0.5734597156398105,0.0,7,2.62007940120286,11.437929542862559,15.452147552341232,0.0,17.203791469194314,11.469194312796208,11.469194312796208,0.0,30.0,11.469194312796208,20.0,10.0,20.0,11.469194312796208,1146.9194312796208,0.0,1146.9194312796208,1146.9194312796208,0.4587677725118484,5.0000000000000036,0.6881516587677725,13.333333333333332
ST006,SKU0058,0.6273584905660378,0.0,7,2.709961718442752,11.830309869682857,16.22181930364512,0.0,18.82075471698113,12.547169811320755,12.547169811320755,0.0,30.0,12.547169811320755,20.0,10.0,20.0,12.547169811320755,1254.7169811320755,0.0,1254.7169811320755,1254.7169811320755,0.5018867924528302,5.0,0.7528301886792453,13.333333333333336
ST006,SKU0059,0.28773584905660377,0.0,7,1.2188256977732115,5.320770984940436,7.334921928336662,0.0,8.632075471698112,5.754716981132075,5.754716981132075,0.0,30.0,5.754716981132075,20.0,10.0,20.0,5.754716981132075,575.4716981132075,0.0,575.4716981132075,575.4716981132075,0.23018867924528302,5.0,0.3452830188679245,13.333333333333332
ST006,SKU0060,0.943127962085308,0.0,7,3.587888048065671,15.662888186752495,22.26478392134965,0.0,28.29383886255924,18.862559241706162,18.862559241706162,0.0,30.0,18.862559241706162,20.0,10.0,20.0,18.862559241706162,1886.2559241706163,0.0,1886.2559241706163,1886.2559241706163,0.7545023696682465,5.0,1.1317535545023696,13.333333333333332
ST006,SKU0061,0.8293838862559242,0.0,7,3.109017468364604,13.572383621029802,19.378070824821272,0.0,24.881516587677726,16.587677725118482,16.587677725118482,0.0,30.0,16.587677725118482,19.999999999999996,10.000000000000004,19.999999999999996,16.587677725118482,1658.7677725118483,0.0,1658.7677725118483,1658.7677725118483,0.6635071090047394,5.0000000000000036,0.995260663507109,13.333333333333336
ST006,SKU0062,0.9858490566037735,0.0,7,3.270547548378961,14.277541515637486,21.1784849118639,0.0,29.575471698113205,19.71698113207547,19.71698113207547,0.0,30.0,19.71698113207547,20.0,10.0,20.0,19.71698113207547,1971.698113207547,0.0,1971.698113207547,1971.698113207547,0.7886792452830189,5.0000000000000036,1.1830188679245282,13.333333333333332
ST006,SKU0063,0.2971698113207547,0.0,7,1.2957793349068072,5.656711292397146,7.736899971642429,0.0,8.915094339622641,5.943396226415095,5.943396226415095,0.0,30.0,5.943396226415095,20.0,10.0,20.0,5.943396226415095,594.3396226415094,0.0,594.3396226415094,594.3396226415094,0.23773584905660378,5.0,0.35660377358490564,13.333333333333332
ST006,SKU0064,0.39622641509433965,0.0,7,1.3002314433642779,5.676146925847931,8.44973183150831,0.0,11.88679245283019,7.924528301886793,7.924528301886793,0.0,30.0,7.924528301886793,20.0,10.0,20.0,7.924528301886793,792.4528301886793,0.0,792.4528301886793,792.4528301886793,0.31698113207547174,5.0,0.47547169811320755,13.333333333333332
ST006,SKU0065,0.3696682464454976,0.0,7,1.2519810526050899,5.465510343740605,8.053188068859088,0.0,11.090047393364928,7.393364928909953,7.393364928909953,0.0,30.0,7.393364928909953,20.0,10.0,20.0,7.393364928909953,739.3364928909953,0.0,739.3364928909953,739.3364928909953,0.2957345971563981,5.0,0.44360189573459713,13.333333333333332
ST006,SKU0066,0.6650943396226415,0.0,7,2.5989623322256907,11.345743196524452,16.001403573882943,0.0,19.952830188679247,13.30188679245283,13.30188679245283,0.0,30.0,13.30188679245283,20.0,10.0,20.0,13.30188679245283,1330.188679245283,0.0,1330.188679245283,1330.188679245283,0.5320754716981132,5.0,0.7981132075471699,13.333333333333336
ST006,SKU0067,0.5660377358490566,0.0,7,2.6052039351254157,11.372990849465355,15.33525500040875,0.0,16.9811320754717,11.320754716981131,11.320754716981131,0.0,30.0,11.320754716981131,20.0,10.0,20.0,11.320754716981131,1132.0754716981132,0.0,1132.0754716981132,1132.0754716981132,0.4528301886792453,5.0000000000000036,0.6792452830188679,13.333333333333332
ST006,SKU0068,0.6208530805687204,0.0,7,2.6740981981875676,11.673748042720858,16.0197196067019,0.0,18.62559241706161,12.417061611374407,12.417061611374407,0.0,30.0,12.417061611374407,20.0,10.0,20.0,12.417061611374407,1241.7061611374406,0.0,1241.7061611374406,1241.7061611374406,0.4966824644549763,5.0,0.7450236966824644,13.333333333333332
ST006,SKU0069,0.9575471698113207,0.0,7,3.4890607140046903,15.231458481462079,21.934288670141324,0.0,28.72641509433962,19.150943396226413,19.150943396226413,0.0,30.0,19.150943396226413,20.0,10.0,20.0,19.150943396226413,1915.0943396226414,0.0,1915.0943396226414,1915.0943396226414,0.7660377358490567,5.0000000000000036,1.1490566037735848,13.333333333333332
ST006,SKU0070,0.30660377358490565,0.0,7,1.2601639002648488,5.501232480615286,7.647458895709626,0.0,9.19811320754717,6.132075471698113,6.132075471698113,0.0,30.0,6.132075471698113,20.0,10.0,20.0,6.132075471698113,613.2075471698113,0.0,613.2075471698113,613.2075471698113,0.24528301886792453,5.0,0.36792452830188677,13.333333333333332
ST006,SKU0071,1.0,0.0,7,3.2115861679683646,14.020146218923689,21.02014621892369,0.0,30.0,20.0,20.0,0.0,30.0,20.0,20.0,10.0,20.0,20.0,2000.0,0.0,2000.0,2000.0,0.8,5.0,1.2,13.333333333333332
ST006,SKU0072,0.6729857819905213,0.0,7,2.6995908146353504,11.785035796313018,16.495936270246666,0.0,20.18957345971564,13.459715639810426,13.459715639810426,0.0,30.0,13.459715639810426,20.0,10.0,20.0,13.459715639810426,1345.9715639810427,0.0,1345.9715639810427,1345.9715639810427,0.5383886255924171,5.0,0.8075829383886255,13.333333333333332
ST006,SKU0073,0.909952606635071,0.0,7,3.503256375979127,15.293429497074566,21.663097743520062,0.0,27.29857819905213,18.19905213270142,18.19905213270142,0.0,30.0,18.19905213270142,20.0,10.0,20.0,18.19905213270142,1819.9052132701422,0.0,1819.9052132701422,1819.9052132701422,0.7279620853080568,5.0,1.0919431279620853,13.333333333333332
ST006,SKU0074,1.0849056603773586,0.0,7,4.319289753200231,18.855814770205647,26.450154392847157,0.0,32.54716981132076,21.698113207547173,21.698113207547173,0.0,30.0,21.698113207547173,20.0,10.0,20.0,21.698113207547173,2169.811320754717,0.0,2169.811320754717,2169.811320754717,0.8679245283018869,5.0,1.3018867924528303,13.333333333333332
ST006,SKU0075,0.7511737089201878,0.0,7,2.3749997086124655,10.368036678185094,15.626252640626408,0.0,22.535211267605632,15.023474178403756,15.023474178403756,0.0,30.0,15.023474178403756,20.0,10.0,20.0,15.023474178403756,1502.3474178403756,0.0,1502.3474178403756,1502.3474178403756,0.6009389671361502,5.0,0.9014084507042253,13.333333333333332
ST006,SKU0076,0.27014218009478674,0.0,7,1.1372521095346184,4.96466232869011,6.855657589353617,0.0,8.104265402843602,5.402843601895735,5.402843601895735,0.0,30.0,5.402843601895735,20.0,10.0,20.0,5.402843601895735,540.2843601895735,0.0,540.2843601895735,540.2843601895735,0.2161137440758294,5.0,0.3241706161137441,13.333333333333332
ST006,SKU0077,0.9952830188679245,0.0,7,3.9660856602630763,17.313905953468584,24.280887085544055,0.0,29.858490566037734,19.90566037735849,19.90566037735849,0.0,30.0,19.90566037735849,20.0,10.0,20.0,19.90566037735849,1990.566037735849,0.0,1990.566037735849,1990.566037735849,0.7962264150943397,5.0,1.1943396226415093,13.333333333333332
ST006,SKU0078,0.8625592417061612,0.0,7,3.4093807690864564,14.883616505552673,20.921531197495803,0.0,25.876777251184834,17.251184834123222,17.251184834123222,0.0,30.0,17.251184834123222,20.0,10.0,20.0,17.251184834123222,1725.1184834123223,0.0,1725.1184834123223,1725.1184834123223,0.6900473933649289,5.0,1.0350710900473934,13.333333333333336
ST006,SKU0079,0.2843601895734597,0.0,7,0.9022152330727602,3.938611274011756,5.929132601025974,0.0,8.530805687203792,5.687203791469194,5.687203791469194,0.0,30.0,5.687203791469194,20.0,10.0,20.0,5.687203791469194,568.7203791469194,0.0,568.7203791469194,568.7203791469194,0.2274881516587678,5.0,0.34123222748815163,13.333333333333332
ST006,SKU0080,0.5660377358490566,0.0,7,2.326516701133813,10.156384610193445,14.118648761136841,0.0,16.9811320754717,11.320754716981131,11.320754716981131,0.0,30.0,11.320754716981131,20.0,10.0,20.0,11.320754716981131,1132.0754716981132,0.0,1132.0754716981132,1132.0754716981132,0.4528301886792453,5.0000000000000036,0.6792452830188679,13.333333333333332
ST006,SKU0081,0.27358490566037735,0.0,7,1.2470478418132485,5.4439744630221565,7.3590688026447975,0.0,8.20754716981132,5.471698113207547,5.471698113207547,0.0,30.0,5.471698113207547,20.0,10.0,20.0,5.471698113207547,547.1698113207548,0.0,547.1698113207548,547.1698113207548,0.2188679245283019,5.0,0.3283018867924528,13.333333333333332
ST006,SKU0082,0.966824644549763,0.0,7,3.5137605499574627,15.33928535999804,22.107057871846383,0.0,29.00473933649289,19.33649289099526,19.33649289099526,0.0,30.0,19.33649289099526,20.0,10.0,20.0,19.33649289099526,1933.649289099526,0.0,1933.649289099526,1933.649289099526,0.7734597156398104,5.0,1.1601895734597156,13.333333333333336
ST006,SKU0083,0.24644549763033174,0.0,7,0.9081242680938881,3.964407105316311,5.689525588728634,0.0,7.393364928909953,4.9289099526066344,4.9289099526066344,0.0,30.0,4.9289099526066344,19.999999999999996,10.000000000000004,19.999999999999996,4.9289099526066344,492.89099526066343,0.0,492.89099526066343,492.89099526066343,0.1971563981042654,5.0000000000000036,0.2957345971563981,13.333333333333336
ST006,SKU0084,0.26066350710900477,0.0,7,1.1965496171213952,5.223524985117063,7.048169534880096,0.0,7.819905213270143,5.213270142180095,5.213270142180095,0.0,30.0,5.213270142180095,20.0,10.0,20.0,5.213270142180095,521.3270142180095,0.0,521.3270142180095,521.3270142180095,0.20853080568720384,5.0000000000000036,0.3127962085308057,13.333333333333332
ST006,SKU0085,1.018957345971564,0.0,7,3.6761290268408033,16.048103267470978,23.180804689271927,0.0,30.568720379146917,20.379146919431278,20.379146919431278,0.0,30.0,20.379146919431278,20.0,10.0,20.0,20.379146919431278,2037.9146919431278,0.0,2037.9146919431278,2037.9146919431278,0.8151658767772512,5.0,1.2227488151658767,13.333333333333336
ST006,SKU0086,0.3080568720379147,0.0,7,1.3714370345033386,5.986994197931574,8.143392302196977,0.0,9.241706161137442,6.161137440758294,6.161137440758294,0.0,30.0,6.161137440758294,20.0,10.0,20.0,6.161137440758294,616.1137440758293,0.0,616.1137440758293,616.1137440758293,0.24644549763033177,5.0,0.3696682464454976,13.333333333333332
ST006,SKU0087,0.24644549763033174,0.0,7,1.030914605773096,4.500447055202677,6.225565538614999,0.0,7.393364928909953,4.9289099526066344,4.9289099526066344,0.0,30.0,4.9289099526066344,19.999999999999996,10.000000000000004,19.999999999999996,4.9289099526066344,492.89099526066343,0.0,492.89099526066343,492.89099526066343,0.1971563981042654,5.0000000000000036,0.2957345971563981,13.333333333333336
ST006,SKU0088,0.7924528301886793,0.0,7,2.944082284073392,12.852360778899198,18.399530590219953,0.0,23.77358490566038,15.849056603773587,15.849056603773587,0.0,30.0,15.849056603773587,20.0,10.0,20.0,15.849056603773587,1584.9056603773586,0.0,1584.9056603773586,1584.9056603773586,0.6339622641509435,5.0,0.9509433962264151,13.333333333333332
ST006,SKU0089,0.5924170616113744,0.0,7,2.417148918022634,10.55203861617962,14.698958047459241,0.0,17.77251184834123,11.848341232227488,11.848341232227488,0.0,30.0,11.848341232227488,20.0,10.0,20.0,11.848341232227488,1184.8341232227488,0.0,1184.8341232227488,1184.8341232227488,0.47393364928909953,5.0,0.7109004739336493,13.333333333333332
ST006,SKU0090,0.5876777251184834,0.0,7,2.277350133154246,9.941748465900844,14.055492541730228,0.0,17.6303317535545,11.753554502369667,11.753554502369667,0.0,30.0,11.753554502369667,20.0,10.0,20.0,11.753554502369667,1175.3554502369666,0.0,1175.3554502369666,1175.3554502369666,0.4701421800947867,5.0,0.70521327014218,13.333333333333336
ST007,SKU0001,0.2559241706161137,0.0,7,1.0783145905195224,4.707371198651721,6.498840392964517,0.0,7.677725118483412,5.118483412322274,5.118483412322274,0.0,30.0,5.118483412322274,20.0,10.0,20.0,5.118483412322274,511.8483412322274,0.0,511.8483412322274,511.8483412322274,0.204739336492891,5.0000000000000036,0.30710900473933644,13.333333333333332
ST007,SKU0002,0.22274881516587677,0.0,7,0.9424658783445835,4.1143250498853075,5.673566756046445,0.0,6.682464454976303,4.454976303317536,4.454976303317536,0.0,30.0,4.454976303317536,20.0,10.0,20.0,4.454976303317536,445.49763033175356,0.0,445.49763033175356,445.49763033175356,0.17819905213270143,5.0,0.2672985781990521,13.333333333333332
ST007,SKU0003,0.6113744075829384,0.0,7,2.051866399416929,8.957401557038088,13.237022410118655,0.0,18.341232227488153,12.227488151658768,12.227488151658768,0.0,30.0,12.227488151658768,20.0,10.0,20.0,12.227488151658768,1222.7488151658767,0.0,1222.7488151658767,1222.7488151658767,0.4890995260663507,5.0,0.733649289099526,13.333333333333332
ST007,SKU0004,0.6113744075829384,0.0,7,2.392580497149867,10.44478542881702,14.72440628189759,0.0,18.341232227488153,12.227488151658768,12.227488151658768,0.0,30.0,12.227488151658768,20.0,10.0,20.0,12.227488151658768,1222.7488151658767,0.0,1222.7488151658767,1222.7488151658767,0.4890995260663507,5.0,0.733649289099526,13.333333333333332
ST007,SKU0005,0.5545023696682464,0.0,7,2.3402515358791747,10.216343889300859,14.097860476978584,0.0,16.635071090047393,11.090047393364928,11.090047393364928,0.0,30.0,11.090047393364928,20.0,10.0,20.0,11.090047393364928,1109.0047393364928,0.0,1109.0047393364928,1109.0047393364928,0.44360189573459713,5.0,0.6654028436018956,13.333333333333332
ST007,SKU0006,0.7298578199052133,0.0,7,3.4292869561043737,14.970516759214247,20.07952149855074,0.0,21.895734597156398,14.597156398104264,14.597156398104264,0.0,30.0,14.597156398104264,20.0,10.0,20.0,14.597156398104264,1459.7156398104264,0.0,1459.7156398104264,1459.7156398104264,0.5838862559241706,5.0000000000000036,0.8758293838862559,13.333333333333332
ST007,SKU0007,0.7877358490566038,0.0,7,2.4892642598739907,10.866857395593934,16.38100833899016,0.0,23.632075471698112,15.754716981132075,15.754716981132075,0.0,30.0,15.754716981132075,20.0,10.0,20.0,15.754716981132075,1575.4716981132076,0.0,1575.4716981132076,1575.4716981132076,0.6301886792452831,5.0000000000000036,0.9452830188679244,13.333333333333332
ST007,SKU0008,0.47393364928909953,0.0,7,2.0125873362547058,8.785929212821001,12.103464757844698,0.0,14.218009478672986,9.47867298578199,9.47867298578199,0.0,30.0,9.47867298578199,20.0,10.0,20.0,9.47867298578199,947.8672985781991,0.0,947.8672985781991,947.8672985781991,0.37914691943127965,5.0,0.5687203791469194,13.333333333333332
ST007,SKU0009,0.22274881516587677,0.0,7,1.105248960722045,4.824952913357159,6.384194619518297,0.0,6.682464454976303,4.454976303317536,4.454976303317536,0.0,30.0,4.454976303317536,20.0,10.0,20.0,4.454976303317536,445.49763033175356,0.0,445.49763033175356,445.49763033175356,0.17819905213270143,5.0,0.2672985781990521,13.333333333333332
ST007,SKU0010,0.2358490566037736,0.0,7,0.9593825699358607,4.1881746921635274,5.8391180883899425,0.0,7.0754716981132075,4.716981132075472,4.716981132075472,0.0,30.0,4.716981132075472,20.0,10.0,20.0,4.716981132075472,471.6981132075472,0.0,471.6981132075472,471.6981132075472,0.18867924528301888,5.0,0.2830188679245283,13.333333333333332
ST007,SKU0011,0.589622641509434,0.0,7,2.814398633341096,12.286228142133986,16.413586632700024,0.0,17.68867924528302,11.79245283018868,11.79245283018868,0.0,30.0,11.79245283018868,20.0,10.0,20.0,11.79245283018868,1179.245283018868,0.0,1179.245283018868,1179.245283018868,0.47169811320754723,5.0000000000000036,0.7075471698113208,13.333333333333336
ST007,SKU0012,0.9620853080568721,0.0,7,3.457012667486782,15.091553065660584,21.826150222058686,0.0,28.862559241706162,19.241706161137444,19.241706161137444,0.0,30.0,19.241706161137444,20.000000000000004,9.999999999999996,20.000000000000004,19.241706161137444,1924.1706161137445,0.0,1924.1706161137445,1924.1706161137445,0.7696682464454977,5.0,1.1545023696682464,13.333333333333329
ST007,SKU0013,0.6398104265402843,0.0,7,2.9829879494808416,13.022203059077537,17.500876044859528,0.0,19.19431279620853,12.796208530805686,12.796208530805686,0.0,30.0,12.796208530805686,20.0,10.0,20.0,12.796208530805686,1279.6208530805686,0.0,1279.6208530805686,1279.6208530805686,0.5118483412322274,5.0,0.7677725118483412,13.333333333333332
ST007,SKU0014,0.5283018867924528,0.0,7,2.4444832837526596,10.671366507225724,14.369479714772893,0.0,15.849056603773585,10.566037735849056,10.566037735849056,0.0,30.0,10.566037735849056,20.0,10.0,20.0,10.566037735849056,1056.6037735849056,0.0,1056.6037735849056,1056.6037735849056,0.4226415094339623,5.0000000000000036,0.6339622641509434,13.333333333333332
ST007,SKU0015,0.5355450236966824,0.0,7,2.091346584109859,9.129751895218535,12.878567061095312,0.0,16.066350710900473,10.710900473933648,10.710900473933648,0.0,30.0,10.710900473933648,20.0,10.0,20.0,10.710900473933648,1071.0900473933648,0.0,1071.0900473933648,1071.0900473933648,0.42843601895734595,5.0,0.6426540284360189,13.333333333333336
ST007,SKU0016,0.6018957345971564,0.0,7,2.534109444122578,11.062628583877979,15.275898726058074,0.0,18.05687203791469,12.037914691943127,12.037914691943127,0.0,30.0,12.037914691943127,20.0,10.0,20.0,12.037914691943127,1203.7914691943126,0.0,1203.7914691943126,1203.7914691943126,0.48151658767772515,5.0000000000000036,0.7222748815165877,13.333333333333336
ST007,SKU0017,0.5141509433962265,0.0,7,2.2696822617990327,9.90827445276048,13.507331056534065,0.0,15.424528301886793,10.283018867924529,10.283018867924529,0.0,30.0,10.283018867924529,20.0,10.0,20.0,10.283018867924529,1028.301886792453,0.0,1028.301886792453,1028.301886792453,0.4113207547169812,5.0000000000000036,0.6169811320754718,13.333333333333336
ST007,SKU0018,0.24170616113744076,0.0,7,1.0343458613377934,4.515426165902355,6.20736929386444,0.0,7.251184834123222,4.834123222748815,4.834123222748815,0.0,30.0,4.834123222748815,20.0,10.0,20.0,4.834123222748815,483.4123222748815,0.0,483.4123222748815,483.4123222748815,0.1933649289099526,5.0,0.2900473933649289,13.333333333333336
ST007,SKU0019,0.8443396226415094,0.0,7,3.1875522168734167,13.915226253851479,19.825603612342043,0.0,25.330188679245282,16.88679245283019,16.88679245283019,0.0,30.0,16.88679245283019,20.0,10.0,20.0,16.88679245283019,1688.6792452830189,0.0,1688.6792452830189,1688.6792452830189,0.6754716981132076,5.0000000000000036,1.0132075471698112,13.333333333333332
ST007,SKU0020,0.5592417061611374,0.0,7,2.269895611899143,9.909205830417164,13.823897773545127,0.0,16.777251184834125,11.18483412322275,11.18483412322275,0.0,30.0,11.18483412322275,20.0,10.0,20.0,11.18483412322275,1118.483412322275,0.0,1118.483412322275,1118.483412322275,0.44739336492890996,5.0,0.6710900473933649,13.333333333333329
ST007,SKU0021,0.6650943396226415,0.0,7,2.528718179407955,11.039093073494412,15.694753450852902,0.0,19.952830188679247,13.30188679245283,13.30188679245283,0.0,30.0,13.30188679245283,20.0,10.0,20.0,13.30188679245283,1330.188679245283,0.0,1330.188679245283,1330.188679245283,0.5320754716981132,5.0,0.7981132075471699,13.333333333333336
ST007,SKU0022,0.539906103286385,0.0,7,2.2264605108189457,9.71959034562906,13.498933068633754,0.0,16.19718309859155,10.7981220657277,10.7981220657277,0.0,30.0,10.7981220657277,20.0,10.0,20.0,10.7981220657277,1079.81220657277,0.0,1079.81220657277,1079.81220657277,0.431924882629108,5.0,0.647887323943662,13.333333333333332
ST007,SKU0023,0.7014218009478673,0.0,7,2.8603942231295534,12.487021413910885,17.396974020545954,0.0,21.04265402843602,14.028436018957347,14.028436018957347,0.0,30.0,14.028436018957347,20.0,10.0,20.0,14.028436018957347,1402.8436018957348,0.0,1402.8436018957348,1402.8436018957348,0.5611374407582939,5.0,0.8417061611374408,13.333333333333332
ST007,SKU0024,0.5165876777251185,0.0,7,2.1232185172605087,9.268888489935701,12.88500223401153,0.0,15.497630331753555,10.33175355450237,10.33175355450237,0.0,30.0,10.33175355450237,20.0,10.0,20.0,10.33175355450237,1033.175355450237,0.0,1033.175355450237,1033.175355450237,0.41327014218009483,5.0,0.6199052132701421,13.333333333333332
ST007,SKU0025,0.5023474178403756,0.0,7,1.7364690185305385,7.580537550960354,11.096969475842984,0.0,15.070422535211268,10.046948356807512,10.046948356807512,0.0,30.0,10.046948356807512,20.0,10.0,20.0,10.046948356807512,1004.6948356807512,0.0,1004.6948356807512,1004.6948356807512,0.4018779342723005,5.0000000000000036,0.6028169014084507,13.333333333333332
ST007,SKU0026,0.23222748815165878,0.0,7,1.1743708611129957,5.126703855018505,6.752296272080116,0.0,6.966824644549764,4.644549763033176,4.644549763033176,0.0,30.0,4.644549763033176,20.0,10.0,20.0,4.644549763033176,464.4549763033176,0.0,464.4549763033176,464.4549763033176,0.18578199052132705,5.0000000000000036,0.2786729857819905,13.333333333333332
ST007,SKU0027,0.22748815165876776,0.0,7,0.8311797946590281,3.6285068018917093,5.220923863503083,0.0,6.824644549763033,4.549763033175355,4.549763033175355,0.0,30.0,4.549763033175355,20.0,10.0,20.0,4.549763033175355,454.97630331753555,0.0,454.97630331753555,454.97630331753555,0.1819905213270142,5.0,0.2729857819905213,13.333333333333332
ST007,SKU0028,0.3004694835680751,0.0,7,1.1005357894355394,4.804377612824761,6.907663997801287,0.0,9.014084507042254,6.009389671361502,6.009389671361502,0.0,30.0,6.009389671361502,20.0,10.0,20.0,6.009389671361502,600.9389671361502,0.0,600.9389671361502,600.9389671361502,0.24037558685446012,5.0000000000000036,0.36056338028169016,13.333333333333336
ST007,SKU0029,0.5450236966824644,0.0,7,1.9716107445454902,8.607046325278937,12.422212202056187,0.0,16.35071090047393,10.900473933649288,10.900473933649288,0.0,30.0,10.900473933649288,20.0,10.0,20.0,10.900473933649288,1090.0473933649287,0.0,1090.0473933649287,1090.0473933649287,0.43601895734597157,5.0000000000000036,0.6540284360189573,13.333333333333336
ST007,SKU0030,0.25,0.0,7,1.0251574841450355,4.475314400245268,6.225314400245268,0.0,7.5,5.0,5.0,0.0,30.0,5.0,20.0,10.0,20.0,5.0,500.0,0.0,500.0,500.0,0.2,5.0,0.3,13.333333333333332
ST007,SKU0031,0.5046728971962616,0.0,7,1.8199408326331552,7.944932892598603,11.477643172972435,0.0,15.140186915887849,10.093457943925232,10.093457943925232,0.0,30.0,10.093457943925232,20.0,10.0,20.0,10.093457943925232,1009.3457943925232,0.0,1009.3457943925232,1009.3457943925232,0.4037383177570093,5.0,0.605607476635514,13.333333333333336
ST007,SKU0032,0.5660377358490566,0.0,7,2.2372074160135305,9.766505849168018,13.728770000111414,0.0,16.9811320754717,11.320754716981131,11.320754716981131,0.0,30.0,11.320754716981131,20.0,10.0,20.0,11.320754716981131,1132.0754716981132,0.0,1132.0754716981132,1132.0754716981132,0.4528301886792453,5.0000000000000036,0.6792452830188679,13.333333333333332
ST007,SKU0033,0.9575471698113207,0.0,7,3.8222458873490717,16.685974911647325,23.38880510032657,0.0,28.72641509433962,19.150943396226413,19.150943396226413,0.0,30.0,19.150943396226413,20.0,10.0,20.0,19.150943396226413,1915.0943396226414,0.0,1915.0943396226414,1915.0943396226414,0.7660377358490567,5.0000000000000036,1.1490566037735848,13.333333333333332
ST007,SKU0034,0.27488151658767773,0.0,7,1.0602265526941348,4.628408056496397,6.552578672610141,0.0,8.246445497630331,5.497630331753554,5.497630331753554,0.0,30.0,5.497630331753554,20.0,10.0,20.0,5.497630331753554,549.7630331753554,0.0,549.7630331753554,549.7630331753554,0.2199052132701422,5.0000000000000036,0.3298578199052133,13.333333333333336
ST007,SKU0035,0.22274881516587677,0.0,7,0.9868922015894711,4.30826770478736,5.8675094109484975,0.0,6.682464454976303,4.454976303317536,4.454976303317536,0.0,30.0,4.454976303317536,20.0,10.0,20.0,4.454976303317536,445.49763033175356,0.0,445.49763033175356,445.49763033175356,0.17819905213270143,5.0,0.2672985781990521,13.333333333333332
ST007,SKU0036,0.9150943396226415,0.0,7,3.3319306118873886,14.545508644882547,20.95116902224104,0.0,27.452830188679247,18.30188679245283,18.30188679245283,0.0,30.0,18.30188679245283,20.0,10.0,20.0,18.30188679245283,1830.188679245283,0.0,1830.188679245283,1830.188679245283,0.7320754716981133,5.0000000000000036,1.0981132075471698,13.333333333333332
ST007,SKU0037,0.7122641509433962,0.0,7,2.699348800887159,11.783979287796921,16.769828344400693,0.0,21.367924528301888,14.245283018867925,14.245283018867925,0.0,30.0,14.245283018867925,20.0,10.0,20.0,14.245283018867925,1424.5283018867924,0.0,1424.5283018867924,1424.5283018867924,0.569811320754717,5.0,0.8547169811320755,13.333333333333332
ST007,SKU0038,0.919431279620853,0.0,7,3.5827831239292394,15.640602693203192,22.076621650549164,0.0,27.582938388625593,18.38862559241706,18.38862559241706,0.0,30.0,18.38862559241706,20.0,10.0,20.0,18.38862559241706,1838.862559241706,0.0,1838.862559241706,1838.862559241706,0.7355450236966825,5.0000000000000036,1.1033175355450235,13.333333333333332
ST007,SKU0039,0.23222748815165878,0.0,7,1.0456732920549294,4.564875947609267,6.1904683646708785,0.0,6.966824644549764,4.644549763033176,4.644549763033176,0.0,30.0,4.644549763033176,20.0,10.0,20.0,4.644549763033176,464.4549763033176,0.0,464.4549763033176,464.4549763033176,0.18578199052132705,5.0000000000000036,0.2786729857819905,13.333333333333332
ST007,SKU0040,0.5283018867924528,0.0,7,2.158231447162813,9.421737073504538,13.119850281051708,0.0,15.849056603773585,10.566037735849056,10.566037735849056,0.0,30.0,10.566037735849056,20.0,10.0,20.0,10.566037735849056,1056.6037735849056,0.0,1056.6037735849056,1056.6037735849056,0.4226415094339623,5.0000000000000036,0.6339622641509434,13.333333333333332
ST007,SKU0041,0.25471698113207547,0.0,7,1.4542718296768975,6.348608640019722,8.13162750794425,0.0,7.6415094339622645,5.09433962264151,5.09433962264151,0.0,30.0,5.09433962264151,20.0,10.0,20.0,5.09433962264151,509.433962264151,0.0,509.433962264151,509.433962264151,0.2037735849056604,5.0,0.30566037735849055,13.333333333333332
ST007,SKU0042,0.5377358490566038,0.0,7,2.589349415267968,11.30377810691177,15.067929050307995,0.0,16.132075471698112,10.754716981132075,10.754716981132075,0.0,30.0,10.754716981132075,20.0,10.0,20.0,10.754716981132075,1075.4716981132076,0.0,1075.4716981132076,1075.4716981132076,0.43018867924528303,5.0,0.6452830188679245,13.333333333333332
ST007,SKU0043,0.2535211267605634,0.0,7,1.2291849177611782,5.365994052717306,7.140641940041249,0.0,7.605633802816901,5.070422535211268,5.070422535211268,0.0,30.0,5.070422535211268,20.0,10.0,20.0,5.070422535211268,507.0422535211268,0.0,507.0422535211268,507.0422535211268,0.2028169014084507,5.0,0.30422535211267604,13.333333333333332
ST007,SKU0044,1.0187793427230047,0.0,7,3.488474880737072,15.228901032387899,22.36035643144893,0.0,30.563380281690144,20.375586854460096,20.375586854460096,0.0,30.0,20.375586854460096,20.0,10.0,20.0,20.375586854460096,2037.5586854460096,0.0,2037.5586854460096,2037.5586854460096,0.8150234741784038,5.0,1.2225352112676056,13.333333333333332
ST007,SKU0045,0.4928909952606635,0.0,7,2.015108807759274,8.796936670610389,12.247173637435033,0.0,14.786729857819905,9.857819905213269,9.857819905213269,0.0,30.0,9.857819905213269,19.999999999999996,10.000000000000004,19.999999999999996,9.857819905213269,985.7819905213269,0.0,985.7819905213269,985.7819905213269,0.3943127962085308,5.0000000000000036,0.5914691943127962,13.333333333333336
ST007,SKU0046,0.5188679245283019,0.0,7,2.3395674735976426,10.213357622481807,13.84543309417992,0.0,15.566037735849056,10.377358490566039,10.377358490566039,0.0,30.0,10.377358490566039,20.0,10.0,20.0,10.377358490566039,1037.735849056604,0.0,1037.735849056604,1037.735849056604,0.41509433962264153,5.0,0.6226415094339622,13.333333333333332
ST007,SKU0047,0.7255813953488373,0.0,7,2.757156620087011,12.036338724969278,17.115408492411138,0.0,21.76744186046512,14.511627906976745,14.511627906976745,0.0,30.0,14.511627906976745,20.0,10.0,20.0,14.511627906976745,1451.1627906976746,0.0,1451.1627906976746,1451.1627906976746,0.5804651162790698,5.0,0.8706976744186047,13.333333333333332
ST007,SKU0048,0.919431279620853,0.0,7,3.7680551581707142,16.44940584357487,22.88542480092084,0.0,27.582938388625593,18.38862559241706,18.38862559241706,0.0,30.0,18.38862559241706,20.0,10.0,20.0,18.38862559241706,1838.862559241706,0.0,1838.862559241706,1838.862559241706,0.7355450236966825,5.0000000000000036,1.1033175355450235,13.333333333333332
ST007,SKU0049,0.5308056872037915,0.0,7,2.1674538090680713,9.461997199072753,13.177637009499293,0.0,15.924170616113745,10.61611374407583,10.61611374407583,0.0,30.0,10.61611374407583,20.0,10.0,20.0,10.61611374407583,1061.611374407583,0.0,1061.611374407583,1061.611374407583,0.42464454976303323,5.0,0.6369668246445498,13.333333333333332
ST007,SKU0050,0.5592417061611374,0.0,7,2.6258871323375894,11.463283133098196,15.377975076226157,0.0,16.777251184834125,11.18483412322275,11.18483412322275,0.0,30.0,11.18483412322275,20.0,10.0,20.0,11.18483412322275,1118.483412322275,0.0,1118.483412322275,1118.483412322275,0.44739336492890996,5.0,0.6710900473933649,13.333333333333329
ST007,SKU0051,0.9004739336492891,0.0,7,3.2710199025516093,14.27960357289558,20.5829211084406,0.0,27.01421800947867,18.009478672985782,18.009478672985782,0.0,30.0,18.009478672985782,20.0,10.0,20.0,18.009478672985782,1800.9478672985783,0.0,1800.9478672985783,1800.9478672985783,0.7203791469194313,5.0,1.0805687203791468,13.333333333333332
ST007,SKU0052,0.5876777251184834,0.0,7,2.050700184821095,8.952310459274836,13.066054535104218,0.0,17.6303317535545,11.753554502369667,11.753554502369667,0.0,30.0,11.753554502369667,20.0,10.0,20.0,11.753554502369667,1175.3554502369666,0.0,1175.3554502369666,1175.3554502369666,0.4701421800947867,5.0,0.70521327014218,13.333333333333336
ST007,SKU0053,0.7535545023696683,0.0,7,2.836148322170171,12.38117618389636,17.656057700484038,0.0,22.606635071090047,15.071090047393366,15.071090047393366,0.0,30.0,15.071090047393366,20.0,10.0,20.0,15.071090047393366,1507.1090047393366,0.0,1507.1090047393366,1507.1090047393366,0.6028436018957346,5.0,0.9042654028436019,13.333333333333332
ST007,SKU0054,0.5118483412322274,0.0,7,1.9428996238402703,8.481708224619787,12.06464661324538,0.0,15.355450236966824,10.236966824644549,10.236966824644549,0.0,30.0,10.236966824644549,20.0,10.0,20.0,10.236966824644549,1023.6966824644549,0.0,1023.6966824644549,1023.6966824644549,0.409478672985782,5.0000000000000036,0.6142180094786729,13.333333333333332
ST007,SKU0055,0.919431279620853,0.0,7,3.4638475247933367,15.121390564582184,21.557409521928154,0.0,27.582938388625593,18.38862559241706,18.38862559241706,0.0,30.0,18.38862559241706,20.0,10.0,20.0,18.38862559241706,1838.862559241706,0.0,1838.862559241706,1838.862559241706,0.7355450236966825,5.0000000000000036,1.1033175355450235,13.333333333333332
ST007,SKU0056,0.23696682464454977,0.0,7,0.9415075519201778,4.1101414857855385,5.768909258297387,0.0,7.109004739336493,4.739336492890995,4.739336492890995,0.0,30.0,4.739336492890995,20.0,10.0,20.0,4.739336492890995,473.93364928909955,0.0,473.93364928909955,473.93364928909955,0.18957345971563982,5.0,0.2843601895734597,13.333333333333332
ST007,SKU0057,0.5118483412322274,0.0,7,2.3631298647857837,10.316218997655245,13.899157386280837,0.0,15.355450236966824,10.236966824644549,10.236966824644549,0.0,30.0,10.236966824644549,20.0,10.0,20.0,10.236966824644549,1023.6966824644549,0.0,1023.6966824644549,1023.6966824644549,0.409478672985782,5.0000000000000036,0.6142180094786729,13.333333333333332
ST007,SKU0058,0.5801886792452831,0.0,7,3.3313367742646376,14.542916252878777,18.60423700759576,0.0,17.40566037735849,11.60377358490566,11.60377358490566,0.0,30.0,11.60377358490566,20.0,10.0,20.0,11.60377358490566,1160.377358490566,0.0,1160.377358490566,1160.377358490566,0.4641509433962265,5.0000000000000036,0.6962264150943397,13.333333333333336
ST007,SKU0059,0.24170616113744076,0.0,7,1.0616092586302543,4.634444244967851,6.326387372929936,0.0,7.251184834123222,4.834123222748815,4.834123222748815,0.0,30.0,4.834123222748815,20.0,10.0,20.0,4.834123222748815,483.4123222748815,0.0,483.4123222748815,483.4123222748815,0.1933649289099526,5.0,0.2900473933649289,13.333333333333336
ST007,SKU0060,0.9858490566037735,0.0,7,3.8397753360237825,16.762499538639364,23.663442934865778,0.0,29.575471698113205,19.71698113207547,19.71698113207547,0.0,30.0,19.71698113207547,20.0,10.0,20.0,19.71698113207547,1971.698113207547,0.0,1971.698113207547,1971.698113207547,0.7886792452830189,5.0000000000000036,1.1830188679245282,13.333333333333332
ST007,SKU0061,0.7358490566037735,0.0,7,2.4756707618712035,10.807515120575268,15.958458516801683,0.0,22.075471698113205,14.716981132075471,14.716981132075471,0.0,30.0,14.716981132075471,20.0,10.0,20.0,14.716981132075471,1471.698113207547,0.0,1471.698113207547,1471.698113207547,0.5886792452830188,5.0,0.8830188679245282,13.333333333333332
ST007,SKU0062,1.009478672985782,0.0,7,4.09760734055865,17.88806248929305,24.95441320019352,0.0,30.284360189573462,20.189573459715643,20.189573459715643,0.0,30.0,20.189573459715643,20.0,10.0,20.0,20.189573459715643,2018.9573459715643,0.0,2018.9573459715643,2018.9573459715643,0.8075829383886257,5.0,1.2113744075829385,13.333333333333332
ST007,SKU0063,0.2890995260663507,0.0,7,1.0541639181066051,4.601941687872435,6.6256383703368895,0.0,8.672985781990521,5.781990521327014,5.781990521327014,0.0,30.0,5.781990521327014,20.0,10.0,20.0,5.781990521327014,578.1990521327014,0.0,578.1990521327014,578.1990521327014,0.23127962085308057,5.0,0.3469194312796208,13.333333333333332
ST007,SKU0064,0.2641509433962264,0.0,7,0.9618493915315572,4.198943576340639,6.048000180114224,0.0,7.9245283018867925,5.283018867924528,5.283018867924528,0.0,30.0,5.283018867924528,20.0,10.0,20.0,5.283018867924528,528.3018867924528,0.0,528.3018867924528,528.3018867924528,0.21132075471698114,5.0000000000000036,0.3169811320754717,13.333333333333332
ST007,SKU0065,0.2535211267605634,0.0,7,0.9222354382482754,4.026009272761743,5.800657160085686,0.0,7.605633802816901,5.070422535211268,5.070422535211268,0.0,30.0,5.070422535211268,20.0,10.0,20.0,5.070422535211268,507.0422535211268,0.0,507.0422535211268,507.0422535211268,0.2028169014084507,5.0,0.30422535211267604,13.333333333333332
ST007,SKU0066,0.7725118483412322,0.0,7,2.6806898265721686,11.702523728297862,17.110106666686487,0.0,23.175355450236967,15.450236966824644,15.450236966824644,0.0,30.0,15.450236966824644,20.0,10.0,20.0,15.450236966824644,1545.0236966824643,0.0,1545.0236966824643,1545.0236966824643,0.6180094786729858,5.0000000000000036,0.9270142180094786,13.333333333333332
ST007,SKU0067,0.49056603773584906,0.0,7,2.319279521314327,10.124790776500351,13.558753040651295,0.0,14.716981132075471,9.81132075471698,9.81132075471698,0.0,30.0,9.81132075471698,20.0,10.0,20.0,9.81132075471698,981.132075471698,0.0,981.132075471698,981.132075471698,0.39245283018867927,5.0000000000000036,0.5886792452830188,13.333333333333332
ST007,SKU0068,0.7014218009478673,0.0,7,2.3239842363408028,10.145329161317,15.05528176795207,0.0,21.04265402843602,14.028436018957347,14.028436018957347,0.0,30.0,14.028436018957347,20.0,10.0,20.0,14.028436018957347,1402.8436018957348,0.0,1402.8436018957348,1402.8436018957348,0.5611374407582939,5.0,0.8417061611374408,13.333333333333332
ST007,SKU0069,0.8957345971563981,0.0,7,3.136350746555044,13.691706764433086,19.961848944527873,0.0,26.872037914691944,17.914691943127963,17.914691943127963,0.0,30.0,17.914691943127963,20.0,10.0,20.0,17.914691943127963,1791.4691943127964,0.0,1791.4691943127964,1791.4691943127964,0.7165876777251186,5.0,1.0748815165876777,13.333333333333332
ST007,SKU0070,0.27488151658767773,0.0,7,1.2650181102372267,5.522423484072979,7.446594100186723,0.0,8.246445497630331,5.497630331753554,5.497630331753554,0.0,30.0,5.497630331753554,20.0,10.0,20.0,5.497630331753554,549.7630331753554,0.0,549.7630331753554,549.7630331753554,0.2199052132701422,5.0000000000000036,0.3298578199052133,13.333333333333336
ST007,SKU0071,0.9014084507042254,0.0,7,3.1042648519513167,13.551636123204174,19.861495278133752,0.0,27.04225352112676,18.028169014084508,18.028169014084508,0.0,30.0,18.028169014084508,20.0,10.0,20.0,18.028169014084508,1802.8169014084508,0.0,1802.8169014084508,1802.8169014084508,0.7211267605633803,5.0,1.0816901408450703,13.333333333333332
ST007,SKU0072,0.5467289719626168,0.0,7,2.3347072182060735,10.192140227809126,14.019243031547443,0.0,16.401869158878505,10.934579439252337,10.934579439252337,0.0,30.0,10.934579439252337,20.0,10.0,20.0,10.934579439252337,1093.4579439252336,0.0,1093.4579439252336,1093.4579439252336,0.4373831775700935,5.0,0.6560747663551402,13.333333333333332
ST007,SKU0073,0.7630331753554502,0.0,7,3.487495798780724,15.22462686022798,20.56585908771613,0.0,22.89099526066351,15.260663507109005,15.260663507109005,0.0,30.0,15.260663507109005,20.0,10.0,20.0,15.260663507109005,1526.0663507109005,0.0,1526.0663507109005,1526.0663507109005,0.6104265402843603,5.0000000000000036,0.9156398104265402,13.333333333333332
ST007,SKU0074,0.9289099526066351,0.0,7,3.819706825753778,16.674890664498697,23.177260332745142,0.0,27.867298578199055,18.578199052132703,18.578199052132703,0.0,30.0,18.578199052132703,20.0,10.0,20.0,18.578199052132703,1857.8199052132704,0.0,1857.8199052132704,1857.8199052132704,0.7431279620853082,5.0000000000000036,1.114691943127962,13.333333333333332
ST007,SKU0075,0.6018957345971564,0.0,7,2.62638556784447,11.465459048151281,15.678729190331376,0.0,18.05687203791469,12.037914691943127,12.037914691943127,0.0,30.0,12.037914691943127,20.0,10.0,20.0,12.037914691943127,1203.7914691943126,0.0,1203.7914691943126,1203.7914691943126,0.48151658767772515,5.0000000000000036,0.7222748815165877,13.333333333333336
ST007,SKU0076,0.24170616113744076,0.0,7,0.8855264395557794,3.8657565184211524,5.557699646383238,0.0,7.251184834123222,4.834123222748815,4.834123222748815,0.0,30.0,4.834123222748815,20.0,10.0,20.0,4.834123222748815,483.4123222748815,0.0,483.4123222748815,483.4123222748815,0.1933649289099526,5.0,0.2900473933649289,13.333333333333336
ST007,SKU0077,0.9481132075471698,0.0,7,4.353148473968284,19.003624665729678,25.640417118559867,0.0,28.443396226415093,18.962264150943394,18.962264150943394,0.0,30.0,18.962264150943394,20.0,10.0,20.0,18.962264150943394,1896.2264150943395,0.0,1896.2264150943395,1896.2264150943395,0.7584905660377359,5.0000000000000036,1.1377358490566036,13.333333333333332
ST007,SKU0078,0.704225352112676,0.0,7,3.1053561436919854,13.55640014601766,18.485977610806394,0.0,21.12676056338028,14.08450704225352,14.08450704225352,0.0,30.0,14.08450704225352,20.0,10.0,20.0,14.08450704225352,1408.450704225352,0.0,1408.450704225352,1408.450704225352,0.5633802816901409,5.0000000000000036,0.8450704225352111,13.333333333333332
ST007,SKU0079,0.24528301886792453,0.0,7,1.4028496438721327,6.124125619426962,7.841106751502434,0.0,7.3584905660377355,4.90566037735849,4.90566037735849,0.0,30.0,4.90566037735849,20.0,10.0,20.0,4.90566037735849,490.566037735849,0.0,490.566037735849,490.566037735849,0.19622641509433963,5.0000000000000036,0.2943396226415094,13.333333333333332
ST007,SKU0080,0.49056603773584906,0.0,7,1.8459397381673548,8.058430845964136,11.49239311011508,0.0,14.716981132075471,9.81132075471698,9.81132075471698,0.0,30.0,9.81132075471698,20.0,10.0,20.0,9.81132075471698,981.132075471698,0.0,981.132075471698,981.132075471698,0.39245283018867927,5.0000000000000036,0.5886792452830188,13.333333333333332
ST007,SKU0081,0.25,0.0,7,1.0835915356414263,4.730407648034965,6.480407648034965,0.0,7.5,5.0,5.0,0.0,30.0,5.0,20.0,10.0,20.0,5.0,500.0,0.0,500.0,500.0,0.2,5.0,0.3,13.333333333333332
ST007,SKU0082,0.919431279620853,0.0,7,4.054174997840148,17.69845904610441,24.134478003450383,0.0,27.582938388625593,18.38862559241706,18.38862559241706,0.0,30.0,18.38862559241706,20.0,10.0,20.0,18.38862559241706,1838.862559241706,0.0,1838.862559241706,1838.862559241706,0.7355450236966825,5.0000000000000036,1.1033175355450235,13.333333333333332
ST007,SKU0083,0.2169811320754717,0.0,7,0.9389387675034976,4.098927483967387,5.617795408495689,0.0,6.5094339622641515,4.339622641509434,4.339622641509434,0.0,30.0,4.339622641509434,20.0,10.0,20.0,4.339622641509434,433.96226415094344,0.0,433.96226415094344,433.96226415094344,0.17358490566037738,5.0,0.26037735849056604,13.333333333333332
ST007,SKU0084,0.23222748815165878,0.0,7,0.9990968614097927,4.361547021076537,5.987139438138148,0.0,6.966824644549764,4.644549763033176,4.644549763033176,0.0,30.0,4.644549763033176,20.0,10.0,20.0,4.644549763033176,464.4549763033176,0.0,464.4549763033176,464.4549763033176,0.18578199052132705,5.0000000000000036,0.2786729857819905,13.333333333333332
ST007,SKU0085,0.8820754716981132,0.0,7,3.1382458700994826,13.699979906676926,19.874508208563718,0.0,26.462264150943394,17.641509433962263,17.641509433962263,0.0,30.0,17.641509433962263,20.0,10.0,20.0,17.641509433962263,1764.1509433962262,0.0,1764.1509433962262,1764.1509433962262,0.7056603773584906,5.0000000000000036,1.0584905660377357,13.333333333333332
ST007,SKU0086,0.27488151658767773,0.0,7,1.2650181102372267,5.522423484072979,7.446594100186723,0.0,8.246445497630331,5.497630331753554,5.497630331753554,0.0,30.0,5.497630331753554,20.0,10.0,20.0,5.497630331753554,549.7630331753554,0.0,549.7630331753554,549.7630331753554,0.2199052132701422,5.0000000000000036,0.3298578199052133,13.333333333333336
ST007,SKU0087,0.2358490566037736,0.0,7,0.949451193861576,4.144819372569324,5.795762768795739,0.0,7.0754716981132075,4.716981132075472,4.716981132075472,0.0,30.0,4.716981132075472,20.0,10.0,20.0,4.716981132075472,471.6981132075472,0.0,471.6981132075472,471.6981132075472,0.18867924528301888,5.0,0.2830188679245283,13.333333333333332
ST007,SKU0088,0.7393364928909952,0.0,7,2.8440945559837156,12.415865385471207,17.591220835708175,0.0,22.180094786729857,14.786729857819905,14.786729857819905,0.0,30.0,14.786729857819905,20.0,10.0,20.0,14.786729857819905,1478.6729857819905,0.0,1478.6729857819905,1478.6729857819905,0.5914691943127962,5.0,0.8872037914691943,13.333333333333332
ST007,SKU0089,0.5497630331753555,0.0,7,1.7378523803707486,7.586576602774336,11.434917835001825,0.0,16.492890995260662,10.995260663507109,10.995260663507109,0.0,30.0,10.995260663507109,20.0,10.0,20.0,10.995260663507109,1099.5260663507108,0.0,1099.5260663507108,1099.5260663507108,0.4398104265402844,5.0000000000000036,0.6597156398104266,13.333333333333336
ST007,SKU0090,0.5047169811320755,0.0,7,1.8356595248260719,8.013552680886692,11.54657154881122,0.0,15.141509433962266,10.09433962264151,10.09433962264151,0.0,30.0,10.09433962264151,20.0,10.0,20.0,10.09433962264151,1009.433962264151,0.0,1009.433962264151,1009.433962264151,0.40377358490566045,5.0000000000000036,0.6056603773584907,13.333333333333336
ST008,SKU0001,0.41232227488151657,0.0,7,1.7280982694793876,7.543995132503841,10.430251056674457,0.0,12.369668246445498,8.246445497630331,8.246445497630331,0.0,30.0,8.246445497630331,20.0,10.0,20.0,8.246445497630331,824.6445497630331,0.0,824.6445497630331,824.6445497630331,0.3298578199052133,5.0000000000000036,0.49478672985781985,13.333333333333332
ST008,SKU0002,0.36492890995260663,0.0,7,1.2245513735040723,5.345766363158668,7.900268732826914,0.0,10.947867298578199,7.298578199052132,7.298578199052132,0.0,30.0,7.298578199052132,20.0,10.0,20.0,7.298578199052132,729.8578199052132,0.0,729.8578199052132,729.8578199052132,0.2919431279620853,5.0000000000000036,0.43791469194312793,13.333333333333332
ST008,SKU0003,0.8301886792452831,0.0,7,3.2900012190124586,14.362466313700416,20.173787068417397,0.0,24.90566037735849,16.60377358490566,16.60377358490566,0.0,30.0,16.60377358490566,20.0,10.0,20.0,16.60377358490566,1660.377358490566,0.0,1660.377358490566,1660.377358490566,0.6641509433962265,5.0000000000000036,0.9962264150943396,13.333333333333332
ST008,SKU0004,0.8862559241706162,0.0,7,3.1976703887585596,13.959397028627125,20.163188497821437,0.0,26.587677725118485,17.725118483412324,17.725118483412324,0.0,30.0,17.725118483412324,20.0,10.0,20.0,17.725118483412324,1772.5118483412323,0.0,1772.5118483412323,1772.5118483412323,0.709004739336493,5.0,1.0635071090047394,13.333333333333332
ST008,SKU0005,0.7688679245283019,0.0,7,3.0068441111138022,13.126346886091207,18.50842235778932,0.0,23.066037735849058,15.377358490566039,15.377358490566039,0.0,30.0,15.377358490566039,20.0,10.0,20.0,15.377358490566039,1537.735849056604,0.0,1537.735849056604,1537.735849056604,0.6150943396226416,5.0000000000000036,0.9226415094339622,13.333333333333332
ST008,SKU0006,1.0660377358490567,0.0,7,4.49490257458016,19.62245072667505,27.08471487761845,0.0,31.981132075471702,21.320754716981135,21.320754716981135,0.0,30.0,21.320754716981135,20.0,10.0,20.0,21.320754716981135,2132.0754716981137,0.0,2132.0754716981137,2132.0754716981137,0.8528301886792454,5.0,1.279245283018868,13.333333333333332
ST008,SKU0007,1.028436018957346,0.0,7,4.327007865271917,18.889508108674452,26.088560241375873,0.0,30.85308056872038,20.56872037914692,20.56872037914692,0.0,30.0,20.56872037914692,20.0,10.0,20.0,20.56872037914692,2056.872037914692,0.0,2056.872037914692,2056.872037914692,0.8227488151658768,5.0,1.2341232227488153,13.333333333333332
ST008,SKU0008,0.7547169811320755,0.0,7,2.8143549453441827,12.28603742263505,17.56905629055958,0.0,22.641509433962266,15.09433962264151,15.09433962264151,0.0,30.0,15.09433962264151,20.0,10.0,20.0,15.09433962264151,1509.433962264151,0.0,1509.433962264151,1509.433962264151,0.6037735849056605,5.0000000000000036,0.9056603773584906,13.333333333333332
ST008,SKU0009,0.37735849056603776,0.0,7,1.6605419670788029,7.2490787926862525,9.890588226648518,0.0,11.320754716981133,7.547169811320755,7.547169811320755,0.0,30.0,7.547169811320755,20.0,10.0,20.0,7.547169811320755,754.7169811320755,0.0,754.7169811320755,754.7169811320755,0.30188679245283023,5.0000000000000036,0.4528301886792453,13.333333333333332
ST008,SKU0010,0.35071090047393366,0.0,7,1.4508575352018682,6.333703572781667,8.788679876099202,0.0,10.52132701421801,7.0142180094786735,7.0142180094786735,0.0,30.0,7.0142180094786735,20.0,10.0,20.0,7.0142180094786735,701.4218009478674,0.0,701.4218009478674,701.4218009478674,0.28056872037914693,5.0,0.4208530805687204,13.333333333333332
ST008,SKU0011,0.7535545023696683,0.0,7,3.1039029456194127,13.550056224853181,18.82493774144086,0.0,22.606635071090047,15.071090047393366,15.071090047393366,0.0,30.0,15.071090047393366,20.0,10.0,20.0,15.071090047393366,1507.1090047393366,0.0,1507.1090047393366,1507.1090047393366,0.6028436018957346,5.0,0.9042654028436019,13.333333333333332
ST008,SKU0012,1.179245283018868,0.0,7,5.100501173797658,22.266185151641704,30.520902132773777,0.0,35.37735849056604,23.58490566037736,23.58490566037736,0.0,30.0,23.58490566037736,20.0,10.0,20.0,23.58490566037736,2358.490566037736,0.0,2358.490566037736,2358.490566037736,0.9433962264150945,5.0000000000000036,1.4150943396226416,13.333333333333336
ST008,SKU0013,0.8341232227488151,0.0,7,3.1841828680408426,13.90051739635097,19.739379955592675,0.0,25.023696682464454,16.6824644549763,16.6824644549763,0.0,30.0,16.6824644549763,20.0,10.0,20.0,16.6824644549763,1668.2464454976302,0.0,1668.2464454976302,1668.2464454976302,0.6672985781990521,5.0000000000000036,1.000947867298578,13.333333333333332
ST008,SKU0014,0.8625592417061612,0.0,7,3.5247520804471555,15.387268772734163,21.425183464677293,0.0,25.876777251184834,17.251184834123222,17.251184834123222,0.0,30.0,17.251184834123222,20.0,10.0,20.0,17.251184834123222,1725.1184834123223,0.0,1725.1184834123223,1725.1184834123223,0.6900473933649289,5.0,1.0350710900473934,13.333333333333336
ST008,SKU0015,0.7688679245283019,0.0,7,3.3498069041766594,14.623547414088714,20.005622885786828,0.0,23.066037735849058,15.377358490566039,15.377358490566039,0.0,30.0,15.377358490566039,20.0,10.0,20.0,15.377358490566039,1537.735849056604,0.0,1537.735849056604,1537.735849056604,0.6150943396226416,5.0000000000000036,0.9226415094339622,13.333333333333332
ST008,SKU0016,1.0,0.0,7,3.3494846796257516,14.622140746142477,21.622140746142477,0.0,30.0,20.0,20.0,0.0,30.0,20.0,20.0,10.0,20.0,20.0,2000.0,0.0,2000.0,2000.0,0.8,5.0,1.2,13.333333333333332
ST008,SKU0017,0.7962085308056872,0.0,7,3.4656387900320054,15.129210314465741,20.70267003010555,0.0,23.886255924170616,15.924170616113745,15.924170616113745,0.0,30.0,15.924170616113745,20.0,10.0,20.0,15.924170616113745,1592.4170616113745,0.0,1592.4170616113745,1592.4170616113745,0.6369668246445498,5.0,0.9554502369668246,13.333333333333332
ST008,SKU0018,0.3443396226415094,0.0,7,1.6491606475585636,7.199393759966428,9.609771118456994,0.0,10.330188679245282,6.886792452830188,6.886792452830188,0.0,30.0,6.886792452830188,20.0,10.0,20.0,6.886792452830188,688.6792452830189,0.0,688.6792452830189,688.6792452830189,0.27547169811320754,5.0,0.4132075471698113,13.333333333333332
ST008,SKU0019,1.3933649289099526,0.0,7,4.780093001137745,20.86744658587192,30.621001088241588,0.0,41.800947867298575,27.86729857819905,27.86729857819905,0.0,30.0,27.86729857819905,20.0,10.0,20.0,27.86729857819905,2786.729857819905,0.0,2786.729857819905,2786.729857819905,1.114691943127962,5.0,1.672037914691943,13.333333333333332
ST008,SKU0020,0.8009478672985783,0.0,7,2.6597885795200766,11.61127955034278,17.21791462143283,0.0,24.028436018957347,16.018957345971565,16.018957345971565,0.0,30.0,16.018957345971565,20.0,10.0,20.0,16.018957345971565,1601.8957345971564,0.0,1601.8957345971564,1601.8957345971564,0.6407582938388626,5.0,0.9611374407582939,13.333333333333332
ST008,SKU0021,1.0471698113207548,0.0,7,3.6839142470418946,16.08208956578502,23.4122782450303,0.0,31.415094339622645,20.943396226415096,20.943396226415096,0.0,30.0,20.943396226415096,20.0,10.0,20.0,20.943396226415096,2094.33962264151,0.0,2094.33962264151,2094.33962264151,0.8377358490566039,5.0000000000000036,1.2566037735849058,13.333333333333332
ST008,SKU0022,0.8767772511848341,0.0,7,3.206241092835158,13.996812348680347,20.134253106974185,0.0,26.303317535545023,17.53554502369668,17.53554502369668,0.0,30.0,17.53554502369668,20.0,10.0,20.0,17.53554502369668,1753.5545023696682,0.0,1753.5545023696682,1753.5545023696682,0.7014218009478673,5.0000000000000036,1.052132701421801,13.333333333333336
ST008,SKU0023,1.0,0.0,7,3.909694909544003,17.067732714101194,24.067732714101194,0.0,30.0,20.0,20.0,0.0,30.0,20.0,20.0,10.0,20.0,20.0,2000.0,0.0,2000.0,2000.0,0.8,5.0,1.2,13.333333333333332
ST008,SKU0024,0.7677725118483413,0.0,7,3.412596311622274,14.897653923254548,20.272061506192937,0.0,23.03317535545024,15.355450236966826,15.355450236966826,0.0,30.0,15.355450236966826,20.0,10.0,20.0,15.355450236966826,1535.5450236966826,0.0,1535.5450236966826,1535.5450236966826,0.6142180094786731,5.0000000000000036,0.9213270142180094,13.333333333333332
ST008,SKU0025,0.7251184834123223,0.0,7,3.162320480158228,13.805077368035313,18.88090675192157,0.0,21.75355450236967,14.502369668246446,14.502369668246446,0.0,30.0,14.502369668246446,20.0,10.0,20.0,14.502369668246446,1450.2369668246447,0.0,1450.2369668246447,1450.2369668246447,0.5800947867298579,5.0000000000000036,0.8701421800947867,13.333333333333332
ST008,SKU0026,0.33175355450236965,0.0,7,1.3883481983738017,6.06081970900172,8.383094590518308,0.0,9.95260663507109,6.6350710900473935,6.6350710900473935,0.0,30.0,6.6350710900473935,20.0,10.0,20.0,6.6350710900473935,663.5071090047394,0.0,663.5071090047394,663.5071090047394,0.26540284360189575,5.0,0.39810426540284355,13.333333333333332
ST008,SKU0027,0.35545023696682465,0.0,7,1.5558510643427956,6.792051738955214,9.280203397722987,0.0,10.66350710900474,7.109004739336493,7.109004739336493,0.0,30.0,7.109004739336493,20.0,10.0,20.0,7.109004739336493,710.9004739336493,0.0,710.9004739336493,710.9004739336493,0.2843601895734597,5.0,0.4265402843601896,13.333333333333332
ST008,SKU0028,0.37735849056603776,0.0,7,1.7467794614630614,7.62554768300588,10.267057116968145,0.0,11.320754716981133,7.547169811320755,7.547169811320755,0.0,30.0,7.547169811320755,20.0,10.0,20.0,7.547169811320755,754.7169811320755,0.0,754.7169811320755,754.7169811320755,0.30188679245283023,5.0000000000000036,0.4528301886792453,13.333333333333332
ST008,SKU0029,0.8925233644859814,0.0,7,3.2505167789810674,14.190097398883905,20.437760950285774,0.0,26.77570093457944,17.850467289719628,17.850467289719628,0.0,30.0,17.850467289719628,20.0,10.0,20.0,17.850467289719628,1785.0467289719627,0.0,1785.0467289719627,1785.0467289719627,0.7140186915887852,5.0000000000000036,1.0710280373831775,13.333333333333332
ST008,SKU0030,0.36018957345971564,0.0,7,1.367349874090931,5.969151741399138,8.490478755617147,0.0,10.80568720379147,7.203791469194313,7.203791469194313,0.0,30.0,7.203791469194313,20.0,10.0,20.0,7.203791469194313,720.3791469194313,0.0,720.3791469194313,720.3791469194313,0.28815165876777254,5.0000000000000036,0.43222748815165873,13.333333333333332
ST008,SKU0031,0.7677725118483413,0.0,7,2.9143494357604074,12.72256233692969,18.09696991986808,0.0,23.03317535545024,15.355450236966826,15.355450236966826,0.0,30.0,15.355450236966826,20.0,10.0,20.0,15.355450236966826,1535.5450236966826,0.0,1535.5450236966826,1535.5450236966826,0.6142180094786731,5.0000000000000036,0.9213270142180094,13.333333333333332
ST008,SKU0032,0.8591549295774648,0.0,7,3.205077522306881,13.991732793566683,20.005817300608935,0.0,25.774647887323944,17.183098591549296,17.183098591549296,0.0,30.0,17.183098591549296,20.0,10.0,20.0,17.183098591549296,1718.3098591549297,0.0,1718.3098591549297,1718.3098591549297,0.6873239436619718,5.0,1.0309859154929577,13.333333333333332
ST008,SKU0033,1.3773584905660377,0.0,7,6.024362592683699,26.299292626070265,35.940802060032524,0.0,41.32075471698113,27.547169811320753,27.547169811320753,0.0,30.0,27.547169811320753,20.0,10.0,20.0,27.547169811320753,2754.7169811320755,0.0,2754.7169811320755,2754.7169811320755,1.1018867924528302,5.0,1.6528301886792451,13.333333333333332
ST008,SKU0034,0.36492890995260663,0.0,7,1.4974589173689719,6.537141424925627,9.091643794593875,0.0,10.947867298578199,7.298578199052132,7.298578199052132,0.0,30.0,7.298578199052132,20.0,10.0,20.0,7.298578199052132,729.8578199052132,0.0,729.8578199052132,729.8578199052132,0.2919431279620853,5.0000000000000036,0.43791469194312793,13.333333333333332
ST008,SKU0035,0.3459715639810427,0.0,7,1.594251691650474,6.959689280529453,9.381490228396752,0.0,10.37914691943128,6.919431279620854,6.919431279620854,0.0,30.0,6.919431279620854,20.0,10.0,20.0,6.919431279620854,691.9431279620854,0.0,691.9431279620854,691.9431279620854,0.27677725118483415,5.0,0.4151658767772512,13.333333333333332
ST008,SKU0036,1.4786729857819905,0.0,7,5.940440110533745,25.93292989772981,36.28364079820374,0.0,44.360189573459714,29.57345971563981,29.57345971563981,0.0,30.0,29.57345971563981,20.0,10.0,20.0,29.57345971563981,2957.345971563981,0.0,2957.345971563981,2957.345971563981,1.1829383886255924,5.0,1.7744075829383885,13.333333333333332
ST008,SKU0037,1.099056603773585,0.0,7,5.366616049818054,23.427906892147544,31.121303118562636,0.0,32.97169811320755,21.9811320754717,21.9811320754717,0.0,30.0,21.9811320754717,20.0,10.0,20.0,21.9811320754717,2198.11320754717,0.0,2198.11320754717,2198.11320754717,0.879245283018868,5.0,1.318867924528302,13.333333333333332
ST008,SKU0038,1.3443396226415094,0.0,7,4.2134197745899975,18.39364047293348,27.804017831424048,0.0,40.33018867924528,26.88679245283019,26.88679245283019,0.0,30.0,26.88679245283019,20.0,10.0,20.0,26.88679245283019,2688.679245283019,0.0,2688.679245283019,2688.679245283019,1.0754716981132075,5.0,1.6132075471698113,13.333333333333332
ST008,SKU0039,0.39906103286384975,0.0,7,1.3924998089606813,6.078943522104609,8.872370752151557,0.0,11.971830985915492,7.981220657276995,7.981220657276995,0.0,30.0,7.981220657276995,20.0,10.0,20.0,7.981220657276995,798.1220657276995,0.0,798.1220657276995,798.1220657276995,0.3192488262910798,5.0,0.4788732394366197,13.333333333333332
ST008,SKU0040,1.018957345971564,84.0,7,3.823439096774447,16.691183855059904,23.823885276860853,84.0,30.568720379146917,0.0,20.379146919431278,82.43720930232558,0.0,84.0,82.43720930232558,0.0,0.0,0.0,0.0,8400.0,8400.0,0.0,0.8151658767772512,0.0,1.2227488151658767,0.0
ST008,SKU0041,0.3744075829383886,0.0,7,1.780077313660531,7.770909112582578,10.391762193151298,0.0,11.232227488151658,7.488151658767772,7.488151658767772,0.0,30.0,7.488151658767772,20.0,10.0,20.0,7.488151658767772,748.8151658767772,0.0,748.8151658767772,748.8151658767772,0.2995260663507109,5.0,0.4492890995260663,13.333333333333332
ST008,SKU0042,0.812206572769953,0.0,7,3.246542618847677,14.172748243901463,19.858194253291135,0.0,24.366197183098592,16.24413145539906,16.24413145539906,0.0,30.0,16.24413145539906,20.0,10.0,20.0,16.24413145539906,1624.413145539906,0.0,1624.413145539906,1624.413145539906,0.6497652582159624,5.0,0.9746478873239436,13.333333333333332
ST008,SKU0043,0.4265402843601896,0.0,7,1.936628605159447,8.454332157390564,11.44011414791189,0.0,12.796208530805687,8.530805687203792,8.530805687203792,0.0,30.0,8.530805687203792,20.0,10.0,20.0,8.530805687203792,853.0805687203791,0.0,853.0805687203791,853.0805687203791,0.3412322274881517,5.0,0.5118483412322274,13.333333333333332
ST008,SKU0044,1.4075829383886256,0.0,7,5.039344187915619,21.999204961937732,31.85228553065811,0.0,42.22748815165877,28.15165876777251,28.15165876777251,0.0,30.0,28.15165876777251,20.0,10.0,20.0,28.15165876777251,2815.165876777251,0.0,2815.165876777251,2815.165876777251,1.1260663507109006,5.0000000000000036,1.6890995260663506,13.333333333333332
ST008,SKU0045,0.784037558685446,0.0,7,2.843451370552326,12.413057566118919,17.901320476917043,0.0,23.52112676056338,15.68075117370892,15.68075117370892,0.0,30.0,15.68075117370892,20.0,10.0,20.0,15.68075117370892,1568.075117370892,0.0,1568.075117370892,1568.075117370892,0.6272300469483568,5.0,0.9408450704225352,13.333333333333332
ST008,SKU0046,0.7535545023696683,0.0,7,2.9221525286313805,12.756626658199352,18.031508174787028,0.0,22.606635071090047,15.071090047393366,15.071090047393366,0.0,30.0,15.071090047393366,20.0,10.0,20.0,15.071090047393366,1507.1090047393366,0.0,1507.1090047393366,1507.1090047393366,0.6028436018957346,5.0,0.9042654028436019,13.333333333333332
ST008,SKU0047,1.028301886792453,0.0,7,3.8624637845074337,16.86154572597007,24.05965893351724,0.0,30.849056603773587,20.566037735849058,20.566037735849058,0.0,30.0,20.566037735849058,20.0,10.0,20.0,20.566037735849058,2056.603773584906,0.0,2056.603773584906,2056.603773584906,0.8226415094339624,5.0000000000000036,1.2339622641509436,13.333333333333336
ST008,SKU0048,1.4312796208530805,0.0,7,5.3557950610274085,23.380667977435763,33.39962532340733,0.0,42.93838862559242,28.62559241706161,28.62559241706161,0.0,30.0,28.62559241706161,20.0,10.0,20.0,28.62559241706161,2862.559241706161,0.0,2862.559241706161,2862.559241706161,1.1450236966824645,5.0,1.7175355450236964,13.333333333333332
ST008,SKU0049,0.7547169811320755,0.0,7,3.618832575378452,15.7979762008708,21.08099506879533,0.0,22.641509433962266,15.09433962264151,15.09433962264151,0.0,30.0,15.09433962264151,20.0,10.0,20.0,15.09433962264151,1509.433962264151,0.0,1509.433962264151,1509.433962264151,0.6037735849056605,5.0000000000000036,0.9056603773584906,13.333333333333332
ST008,SKU0050,0.9383886255924171,0.0,7,3.932888828070944,17.16898552568097,23.73770590482789,0.0,28.151658767772513,18.767772511848342,18.767772511848342,0.0,30.0,18.767772511848342,20.0,10.0,20.0,18.767772511848342,1876.7772511848343,0.0,1876.7772511848343,1876.7772511848343,0.7507109004739337,5.0,1.1260663507109006,13.333333333333332
ST008,SKU0051,1.4407582938388626,0.0,7,5.644217217088735,24.63977191837566,34.725079975247695,0.0,43.22274881516588,28.81516587677725,28.81516587677725,0.0,30.0,28.81516587677725,20.0,10.0,20.0,28.81516587677725,2881.516587677725,0.0,2881.516587677725,2881.516587677725,1.1526066350710902,5.0000000000000036,1.728909952606635,13.333333333333332
ST008,SKU0052,0.8672985781990521,0.0,7,3.895225624732077,17.004567200820016,23.075657248213382,0.0,26.018957345971565,17.345971563981042,17.345971563981042,0.0,30.0,17.345971563981042,20.0,10.0,20.0,17.345971563981042,1734.5971563981043,0.0,1734.5971563981043,1734.5971563981043,0.6938388625592418,5.0000000000000036,1.0407582938388624,13.333333333333332
ST008,SKU0053,1.080568720379147,0.0,7,4.064732364968996,17.744547123176602,25.30852816583063,0.0,32.41706161137441,21.61137440758294,21.61137440758294,0.0,30.0,21.61137440758294,20.0,10.0,20.0,21.61137440758294,2161.137440758294,0.0,2161.137440758294,2161.137440758294,0.8644549763033176,5.0,1.2966824644549764,13.333333333333332
ST008,SKU0054,0.7772511848341233,0.0,7,2.9861033740336675,13.035803412759558,18.47656170659842,0.0,23.3175355450237,15.545023696682465,15.545023696682465,0.0,30.0,15.545023696682465,20.0,10.0,20.0,15.545023696682465,1554.5023696682465,0.0,1554.5023696682465,1554.5023696682465,0.6218009478672987,5.0000000000000036,0.9327014218009478,13.333333333333332
ST008,SKU0055,1.3554502369668247,0.0,7,5.348048701663906,23.346851325706524,32.8350029844743,0.0,40.66350710900474,27.10900473933649,27.10900473933649,0.0,30.0,27.10900473933649,20.0,10.0,20.0,27.10900473933649,2710.900473933649,0.0,2710.900473933649,2710.900473933649,1.0843601895734598,5.0000000000000036,1.6265402843601895,13.333333333333332
ST008,SKU0056,0.32075471698113206,0.0,7,1.25094974203069,5.461008168088457,7.706291186956381,0.0,9.622641509433961,6.415094339622641,6.415094339622641,0.0,30.0,6.415094339622641,20.0,10.0,20.0,6.415094339622641,641.5094339622641,0.0,641.5094339622641,641.5094339622641,0.25660377358490566,5.0000000000000036,0.38490566037735846,13.333333333333332
ST008,SKU0057,0.7203791469194313,0.0,7,2.9313594844357884,12.796819528593556,17.839473557029574,0.0,21.61137440758294,14.407582938388625,14.407582938388625,0.0,30.0,14.407582938388625,20.0,10.0,20.0,14.407582938388625,1440.7582938388625,0.0,1440.7582938388625,1440.7582938388625,0.5763033175355451,5.0000000000000036,0.8644549763033175,13.333333333333332
ST008,SKU0058,1.5355450236966826,0.0,7,11.618639255692367,50.72104957183209,61.46986473770887,0.0,46.06635071090048,30.710900473933652,30.710900473933652,0.0,30.0,30.710900473933652,20.0,10.0,20.0,30.710900473933652,3071.0900473933652,0.0,3071.0900473933652,3071.0900473933652,1.2284360189573462,5.0000000000000036,1.8426540284360189,13.333333333333332
ST008,SKU0059,0.38207547169811323,0.0,7,1.5425280640559684,6.733890318919506,9.408418620806298,0.0,11.462264150943398,7.6415094339622645,7.6415094339622645,0.0,30.0,7.6415094339622645,20.0,10.0,20.0,7.6415094339622645,764.1509433962265,0.0,764.1509433962265,764.1509433962265,0.3056603773584906,5.0000000000000036,0.45849056603773586,13.333333333333332
ST008,SKU0060,1.5,0.0,7,5.369300130022152,23.439624216533883,33.939624216533886,0.0,45.0,30.0,30.0,0.0,30.0,30.0,20.0,10.0,20.0,30.0,3000.0,0.0,3000.0,3000.0,1.2000000000000002,5.0000000000000036,1.7999999999999998,13.333333333333332
ST008,SKU0061,1.0471698113207548,0.0,7,3.717212622004367,16.227453277486934,23.55764195673222,0.0,31.415094339622645,20.943396226415096,20.943396226415096,0.0,30.0,20.943396226415096,20.0,10.0,20.0,20.943396226415096,2094.33962264151,0.0,2094.33962264151,2094.33962264151,0.8377358490566039,5.0000000000000036,1.2566037735849058,13.333333333333332
ST008,SKU0062,1.3773584905660377,0.0,7,5.33512518708518,23.29043385640015,32.93194329036241,0.0,41.32075471698113,27.547169811320753,27.547169811320753,0.0,30.0,27.547169811320753,20.0,10.0,20.0,27.547169811320753,2754.7169811320755,0.0,2754.7169811320755,2754.7169811320755,1.1018867924528302,5.0,1.6528301886792451,13.333333333333332
ST008,SKU0063,0.4009433962264151,0.0,7,1.8069374096708593,7.888166584069746,10.694770357654653,0.0,12.028301886792454,8.018867924528303,8.018867924528303,0.0,30.0,8.018867924528303,20.0,10.0,20.0,8.018867924528303,801.8867924528303,0.0,801.8867924528303,801.8867924528303,0.3207547169811321,5.0,0.4811320754716981,13.333333333333332
ST008,SKU0064,0.3915094339622642,0.0,7,2.0358222217065007,8.887360865087762,11.627926902823612,0.0,11.745283018867925,7.830188679245284,7.830188679245284,0.0,30.0,7.830188679245284,20.0,10.0,20.0,7.830188679245284,783.0188679245284,0.0,783.0188679245284,783.0188679245284,0.31320754716981136,5.0,0.469811320754717,13.333333333333332
ST008,SKU0065,0.4075829383886256,0.0,7,1.5567791342545585,6.796103218561794,9.649183787282173,0.0,12.227488151658768,8.151658767772512,8.151658767772512,0.0,30.0,8.151658767772512,20.0,10.0,20.0,8.151658767772512,815.1658767772511,0.0,815.1658767772511,815.1658767772511,0.3260663507109005,5.0000000000000036,0.48909952606635065,13.333333333333332
ST008,SKU0066,0.8672985781990521,0.0,7,3.774781204753446,16.478768330406368,22.549858377799733,0.0,26.018957345971565,17.345971563981042,17.345971563981042,0.0,30.0,17.345971563981042,20.0,10.0,20.0,17.345971563981042,1734.5971563981043,0.0,1734.5971563981043,1734.5971563981043,0.6938388625592418,5.0000000000000036,1.0407582938388624,13.333333333333332
ST008,SKU0067,0.8199052132701422,0.0,7,3.1252858140567104,13.643402915986977,19.382739408877974,0.0,24.597156398104268,16.398104265402843,16.398104265402843,0.0,30.0,16.398104265402843,20.0,10.0,20.0,16.398104265402843,1639.8104265402842,0.0,1639.8104265402842,1639.8104265402842,0.6559241706161139,5.000000000000007,0.9838862559241706,13.333333333333332
ST008,SKU0068,0.8160377358490566,0.0,7,3.6087213156621396,15.753835601096737,21.466099752040133,0.0,24.4811320754717,16.32075471698113,16.32075471698113,0.0,30.0,16.32075471698113,20.0,10.0,20.0,16.32075471698113,1632.0754716981132,0.0,1632.0754716981132,1632.0754716981132,0.6528301886792454,5.0000000000000036,0.9792452830188678,13.333333333333332
ST008,SKU0069,1.4218009478672986,0.0,7,5.429838073372602,23.703901982465087,33.656508617536176,0.0,42.65402843601896,28.436018957345972,28.436018957345972,0.0,30.0,28.436018957345972,20.0,10.0,20.0,28.436018957345972,2843.6018957345973,0.0,2843.6018957345973,2843.6018957345973,1.1374407582938388,5.0,1.7061611374407584,13.333333333333332
ST008,SKU0070,0.4218009478672986,0.0,7,1.560616049971186,6.812853234461518,9.76545986953261,0.0,12.654028436018958,8.436018957345972,8.436018957345972,0.0,30.0,8.436018957345972,20.0,10.0,20.0,8.436018957345972,843.6018957345972,0.0,843.6018957345972,843.6018957345972,0.3374407582938389,5.0,0.5061611374407583,13.333333333333332
ST008,SKU0071,1.439252336448598,0.0,7,5.882539725048911,25.68016636339719,35.754932718537376,0.0,43.177570093457945,28.785046728971963,28.785046728971963,0.0,30.0,28.785046728971963,20.0,10.0,20.0,28.785046728971963,2878.5046728971965,0.0,2878.5046728971965,2878.5046728971965,1.1514018691588785,5.0,1.7271028037383176,13.333333333333332
ST008,SKU0072,0.8246445497630331,0.0,7,3.9716326547758727,17.338121300676338,23.11063314901757,0.0,24.739336492890995,16.492890995260662,16.492890995260662,0.0,30.0,16.492890995260662,20.0,10.0,20.0,16.492890995260662,1649.2890995260661,0.0,1649.2890995260661,1649.2890995260661,0.6597156398104266,5.0000000000000036,0.9895734597156397,13.333333333333332
ST008,SKU0073,1.0568720379146919,0.0,7,3.950477689949131,17.245769520398643,24.643873785801485,0.0,31.706161137440755,21.137440758293838,21.137440758293838,0.0,30.0,21.137440758293838,20.0,10.0,20.0,21.137440758293838,2113.7440758293837,0.0,2113.7440758293837,2113.7440758293837,0.8454976303317535,5.0,1.26824644549763,13.333333333333332
ST008,SKU0074,1.4170616113744077,0.0,7,5.13127598454023,22.400532269827078,32.319963549447934,0.0,42.51184834123223,28.341232227488153,28.341232227488153,0.0,30.0,28.341232227488153,20.0,10.0,20.0,28.341232227488153,2834.1232227488154,0.0,2834.1232227488154,2834.1232227488154,1.1336492890995262,5.0000000000000036,1.7004739336492891,13.333333333333332
ST008,SKU0075,0.8773584905660378,0.0,7,3.461919666325132,15.112974518367013,21.254483952329277,0.0,26.32075471698113,17.547169811320757,17.547169811320757,0.0,30.0,17.547169811320757,20.0,10.0,20.0,17.547169811320757,1754.7169811320757,0.0,1754.7169811320757,1754.7169811320757,0.7018867924528303,5.0,1.0528301886792453,13.333333333333332
ST008,SKU0076,0.35545023696682465,0.0,7,1.411418118717902,6.161531207796041,8.649682866563813,0.0,10.66350710900474,7.109004739336493,7.109004739336493,0.0,30.0,7.109004739336493,20.0,10.0,20.0,7.109004739336493,710.9004739336493,0.0,710.9004739336493,710.9004739336493,0.2843601895734597,5.0,0.4265402843601896,13.333333333333332
ST008,SKU0077,1.7345971563981042,22.0,7,5.484670168820893,23.943270928359297,36.08545102314603,22.0,52.03791469194313,30.03791469194313,34.691943127962084,12.683060109289618,17.31693989071038,52.03791469194313,30.000000000000004,0.0,17.31693989071038,30.03791469194313,3003.791469194313,2200.0,5203.791469194313,3003.7914691943133,1.3876777251184835,0.0,2.081516587677725,4.9999999999999964
ST008,SKU0078,1.037914691943128,0.0,7,4.0128939103276835,17.518246885280757,24.78364972888265,0.0,31.137440758293838,20.758293838862556,20.758293838862556,0.0,30.0,20.758293838862556,20.0,10.0,20.0,20.758293838862556,2075.8293838862555,0.0,2075.8293838862555,2075.8293838862555,0.8303317535545024,5.0000000000000036,1.2454976303317535,13.333333333333336
ST008,SKU0079,0.38497652582159625,0.0,7,1.3147062317725042,5.73933646502187,8.434172145773044,0.0,11.549295774647888,7.699530516431925,7.699530516431925,0.0,30.0,7.699530516431925,20.0,10.0,20.0,7.699530516431925,769.9530516431925,0.0,769.9530516431925,769.9530516431925,0.307981220657277,5.0,0.4619718309859155,13.333333333333332
ST008,SKU0080,0.7393364928909952,0.0,7,2.662493914242099,11.623089661107418,16.798445111344385,0.0,22.180094786729857,14.786729857819905,14.786729857819905,0.0,30.0,14.786729857819905,20.0,10.0,20.0,14.786729857819905,1478.6729857819905,0.0,1478.6729857819905,1478.6729857819905,0.5914691943127962,5.0,0.8872037914691943,13.333333333333332
ST008,SKU0081,0.41232227488151657,0.0,7,1.3751674566173973,6.003279317110082,8.889535241280697,0.0,12.369668246445498,8.246445497630331,8.246445497630331,0.0,30.0,8.246445497630331,20.0,10.0,20.0,8.246445497630331,824.6445497630331,0.0,824.6445497630331,824.6445497630331,0.3298578199052133,5.0000000000000036,0.49478672985781985,13.333333333333332
ST008,SKU0082,1.4103773584905661,0.0,7,5.962480307800333,26.02914615107323,35.901787660507196,0.0,42.31132075471698,28.20754716981132,28.20754716981132,0.0,30.0,28.20754716981132,20.0,10.0,20.0,28.20754716981132,2820.754716981132,0.0,2820.754716981132,2820.754716981132,1.128301886792453,5.0000000000000036,1.6924528301886792,13.333333333333332
ST008,SKU0083,0.33649289099526064,0.0,7,1.741795741044469,7.6037913030339555,9.95924154000078,0.0,10.09478672985782,6.729857819905213,6.729857819905213,0.0,30.0,6.729857819905213,20.0,10.0,20.0,6.729857819905213,672.9857819905213,0.0,672.9857819905213,672.9857819905213,0.26919431279620853,5.0,0.40379146919431275,13.333333333333332
ST008,SKU0084,0.3443396226415094,0.0,7,1.3592986893114551,5.934004377467367,8.344381735957933,0.0,10.330188679245282,6.886792452830188,6.886792452830188,0.0,30.0,6.886792452830188,20.0,10.0,20.0,6.886792452830188,688.6792452830189,0.0,688.6792452830189,688.6792452830189,0.27547169811320754,5.0,0.4132075471698113,13.333333333333332
ST008,SKU0085,1.4454976303317535,0.0,7,6.138916928963013,26.799378396978828,36.9178618093011,0.0,43.3649289099526,28.90995260663507,28.90995260663507,0.0,30.0,28.90995260663507,20.0,10.0,20.0,28.90995260663507,2890.995260663507,0.0,2890.995260663507,2890.995260663507,1.1563981042654028,5.0,1.7345971563981042,13.333333333333332
ST008,SKU0086,0.4075829383886256,0.0,7,1.5352180972694742,6.7019787344743165,9.555059303194696,0.0,12.227488151658768,8.151658767772512,8.151658767772512,0.0,30.0,8.151658767772512,20.0,10.0,20.0,8.151658767772512,815.1658767772511,0.0,815.1658767772511,815.1658767772511,0.3260663507109005,5.0000000000000036,0.48909952606635065,13.333333333333332
ST008,SKU0087,0.33649289099526064,0.0,7,1.5903114470941673,6.942488183648193,9.297938420615017,0.0,10.09478672985782,6.729857819905213,6.729857819905213,0.0,30.0,6.729857819905213,20.0,10.0,20.0,6.729857819905213,672.9857819905213,0.0,672.9857819905213,672.9857819905213,0.26919431279620853,5.0,0.40379146919431275,13.333333333333332
ST008,SKU0088,1.0471698113207548,0.0,7,4.521422574173996,19.738223510771512,27.068412190016794,0.0,31.415094339622645,20.943396226415096,20.943396226415096,0.0,30.0,20.943396226415096,20.0,10.0,20.0,20.943396226415096,2094.33962264151,0.0,2094.33962264151,2094.33962264151,0.8377358490566039,5.0000000000000036,1.2566037735849058,13.333333333333332
ST008,SKU0089,0.7772511848341233,0.0,7,2.8805842708325042,12.575160858458773,18.015919152297634,0.0,23.3175355450237,15.545023696682465,15.545023696682465,0.0,30.0,15.545023696682465,20.0,10.0,20.0,15.545023696682465,1554.5023696682465,0.0,1554.5023696682465,1554.5023696682465,0.6218009478672987,5.0000000000000036,0.9327014218009478,13.333333333333332
ST008,SKU0090,0.7641509433962265,0.0,7,3.072741760987204,13.414022395446443,18.763078999220028,0.0,22.924528301886795,15.283018867924529,15.283018867924529,0.0,30.0,15.283018867924529,20.0,10.0,20.0,15.283018867924529,1528.301886792453,0.0,1528.301886792453,1528.301886792453,0.6113207547169812,5.0000000000000036,0.9169811320754717,13.333333333333332
ST009,SKU0001,0.3459715639810427,0.0,7,1.5146020628242103,6.611979649206175,9.033780597073473,0.0,10.37914691943128,6.919431279620854,6.919431279620854,0.0,30.0,6.919431279620854,20.0,10.0,20.0,6.919431279620854,691.9431279620854,0.0,691.9431279620854,691.9431279620854,0.27677725118483415,5.0,0.4151658767772512,13.333333333333332
ST009,SKU0002,0.2890995260663507,0.0,7,1.2058684460151583,5.264206236326442,7.287902918790897,0.0,8.672985781990521,5.781990521327014,5.781990521327014,0.0,30.0,5.781990521327014,20.0,10.0,20.0,5.781990521327014,578.1990521327014,0.0,578.1990521327014,578.1990521327014,0.23127962085308057,5.0,0.3469194312796208,13.333333333333332
ST009,SKU0003,0.6635071090047393,0.0,7,2.6214399938995148,11.443869196215708,16.088418959248884,0.0,19.90521327014218,13.270142180094787,13.270142180094787,0.0,30.0,13.270142180094787,20.0,10.0,20.0,13.270142180094787,1327.0142180094788,0.0,1327.0142180094788,1327.0142180094788,0.5308056872037915,5.0,0.7962085308056871,13.333333333333332
ST009,SKU0004,0.6777251184834123,0.0,7,2.4320139685306006,10.616931840515939,15.361007669899825,0.0,20.33175355450237,13.554502369668246,13.554502369668246,0.0,30.0,13.554502369668246,20.0,10.0,20.0,13.554502369668246,1355.4502369668246,0.0,1355.4502369668246,1355.4502369668246,0.5421800947867299,5.0000000000000036,0.8132701421800947,13.333333333333332
ST009,SKU0005,0.6018957345971564,0.0,7,2.847354027953941,12.430094576664901,16.643364718844996,0.0,18.05687203791469,12.037914691943127,12.037914691943127,0.0,30.0,12.037914691943127,20.0,10.0,20.0,12.037914691943127,1203.7914691943126,0.0,1203.7914691943126,1203.7914691943126,0.48151658767772515,5.0000000000000036,0.7222748815165877,13.333333333333336
ST009,SKU0006,0.8388625592417062,0.0,7,3.2953945692032653,14.386010928208707,20.25804884290065,0.0,25.165876777251185,16.777251184834125,16.777251184834125,0.0,30.0,16.777251184834125,20.0,10.0,20.0,16.777251184834125,1677.7251184834124,0.0,1677.7251184834124,1677.7251184834124,0.671090047393365,5.0,1.0066350710900474,13.333333333333332
ST009,SKU0007,0.8232558139534883,0.0,7,2.772767874631749,12.1044894953148,17.86728019298922,0.0,24.69767441860465,16.46511627906977,16.46511627906977,0.0,30.0,16.46511627906977,20.0,10.0,20.0,16.46511627906977,1646.5116279069769,0.0,1646.5116279069769,1646.5116279069769,0.6586046511627908,5.0,0.9879069767441859,13.333333333333332
ST009,SKU0008,0.5876777251184834,0.0,7,2.3635404860034996,10.318011560336698,14.43175563616608,0.0,17.6303317535545,11.753554502369667,11.753554502369667,0.0,30.0,11.753554502369667,20.0,10.0,20.0,11.753554502369667,1175.3554502369666,0.0,1175.3554502369666,1175.3554502369666,0.4701421800947867,5.0,0.70521327014218,13.333333333333336
ST009,SKU0009,0.2843601895734597,0.0,7,1.1018131995889935,4.809954133645404,6.800475460659622,0.0,8.530805687203792,5.687203791469194,5.687203791469194,0.0,30.0,5.687203791469194,20.0,10.0,20.0,5.687203791469194,568.7203791469194,0.0,568.7203791469194,568.7203791469194,0.2274881516587678,5.0,0.34123222748815163,13.333333333333332
ST009,SKU0010,0.27230046948356806,0.0,7,1.3034905474937046,5.690374511236421,7.596477797621397,0.0,8.169014084507042,5.446009389671361,5.446009389671361,0.0,30.0,5.446009389671361,20.0,10.0,20.0,5.446009389671361,544.6009389671361,0.0,544.6009389671361,544.6009389671361,0.21784037558685446,5.0,0.32676056338028164,13.333333333333332
ST009,SKU0011,0.6445497630331753,0.0,7,2.753647997896858,12.021021871065894,16.53287021229812,0.0,19.33649289099526,12.890995260663507,12.890995260663507,0.0,30.0,12.890995260663507,20.0,10.0,20.0,12.890995260663507,1289.0995260663508,0.0,1289.0995260663508,1289.0995260663508,0.5156398104265403,5.0,0.7734597156398104,13.333333333333332
ST009,SKU0012,0.8820754716981132,0.0,7,3.888281023960491,16.974250617936214,23.148778919823005,0.0,26.462264150943394,17.641509433962263,17.641509433962263,0.0,30.0,17.641509433962263,20.0,10.0,20.0,17.641509433962263,1764.1509433962262,0.0,1764.1509433962262,1764.1509433962262,0.7056603773584906,5.0000000000000036,1.0584905660377357,13.333333333333332
ST009,SKU0013,0.6350710900473934,0.0,7,2.6357437496785914,11.506312094215016,15.95180972454677,0.0,19.0521327014218,12.701421800947868,12.701421800947868,0.0,30.0,12.701421800947868,20.0,10.0,20.0,12.701421800947868,1270.1421800947867,0.0,1270.1421800947867,1270.1421800947867,0.5080568720379147,5.0,0.762085308056872,13.333333333333332
ST009,SKU0014,0.7014218009478673,0.0,7,2.5337620941612022,11.061112231212059,15.97106483784713,0.0,21.04265402843602,14.028436018957347,14.028436018957347,0.0,30.0,14.028436018957347,20.0,10.0,20.0,14.028436018957347,1402.8436018957348,0.0,1402.8436018957348,1402.8436018957348,0.5611374407582939,5.0,0.8417061611374408,13.333333333333332
ST009,SKU0015,0.6186046511627907,0.0,7,2.704034353003165,11.804434017125995,16.13466657526553,0.0,18.558139534883722,12.372093023255815,12.372093023255815,0.0,30.0,12.372093023255815,20.0,10.0,20.0,12.372093023255815,1237.2093023255816,0.0,1237.2093023255816,1237.2093023255816,0.4948837209302326,5.0,0.7423255813953489,13.333333333333332
ST009,SKU0016,0.7216981132075472,0.0,7,2.695072024360261,11.76530906407669,16.817195856529523,0.0,21.650943396226417,14.433962264150944,14.433962264150944,0.0,30.0,14.433962264150944,20.0,10.0,20.0,14.433962264150944,1443.3962264150944,0.0,1443.3962264150944,1443.3962264150944,0.5773584905660377,5.0,0.8660377358490566,13.333333333333332
ST009,SKU0017,0.6525821596244131,0.0,7,2.2510910141154126,9.827114553170594,14.395189670541486,0.0,19.577464788732392,13.051643192488262,13.051643192488262,0.0,30.0,13.051643192488262,20.0,10.0,20.0,13.051643192488262,1305.1643192488261,0.0,1305.1643192488261,1305.1643192488261,0.5220657276995305,5.0000000000000036,0.7830985915492957,13.333333333333332
ST009,SKU0018,0.45023696682464454,0.0,7,1.2539983446325726,5.474316811234352,8.625975579006862,0.0,13.507109004739336,9.004739336492891,9.004739336492891,0.0,30.0,9.004739336492891,20.0,10.0,20.0,9.004739336492891,900.4739336492892,0.0,900.4739336492892,900.4739336492892,0.36018957345971564,5.0,0.5402843601895734,13.333333333333332
ST009,SKU0019,1.132701421800948,0.0,7,4.052209485600225,17.689878622738025,25.61878857534466,0.0,33.981042654028435,22.654028436018958,22.654028436018958,0.0,30.0,22.654028436018958,20.0,10.0,20.0,22.654028436018958,2265.4028436018957,0.0,2265.4028436018957,2265.4028436018957,0.9061611374407583,5.0,1.3592417061611375,13.333333333333332
ST009,SKU0020,0.6226415094339622,0.0,7,2.678518477779152,11.693044727586624,16.05153529362436,0.0,18.67924528301887,12.452830188679245,12.452830188679245,0.0,30.0,12.452830188679245,20.0,10.0,20.0,12.452830188679245,1245.2830188679245,0.0,1245.2830188679245,1245.2830188679245,0.4981132075471698,5.0,0.7471698113207547,13.333333333333332
ST009,SKU0021,0.8537735849056604,0.0,7,2.8819317681488856,12.581043344064703,18.557458438404325,0.0,25.61320754716981,17.07547169811321,17.07547169811321,0.0,30.0,17.07547169811321,20.0,10.0,20.0,17.07547169811321,1707.5471698113208,0.0,1707.5471698113208,1707.5471698113208,0.6830188679245284,5.0,1.0245283018867923,13.333333333333332
ST009,SKU0022,0.6872037914691943,0.0,7,2.814380969098471,12.286151029065397,17.09657756934976,0.0,20.61611374407583,13.744075829383887,13.744075829383887,0.0,30.0,13.744075829383887,20.0,10.0,20.0,13.744075829383887,1374.4075829383887,0.0,1374.4075829383887,1374.4075829383887,0.5497630331753555,5.0,0.8246445497630331,13.333333333333332
ST009,SKU0023,0.8815165876777251,0.0,7,3.2308320575739247,14.104163951056938,20.274780064801014,0.0,26.445497630331754,17.6303317535545,17.6303317535545,0.0,30.0,17.6303317535545,19.999999999999996,10.000000000000004,19.999999999999996,17.6303317535545,1763.03317535545,0.0,1763.03317535545,1763.03317535545,0.7052132701421802,5.0000000000000036,1.0578199052132702,13.333333333333336
ST009,SKU0024,0.6037735849056604,0.0,7,2.026737135814006,8.84770001653428,13.074115110873901,0.0,18.11320754716981,12.075471698113207,12.075471698113207,0.0,30.0,12.075471698113207,20.0,10.0,20.0,12.075471698113207,1207.5471698113206,0.0,1207.5471698113206,1207.5471698113206,0.4830188679245283,5.0000000000000036,0.7245283018867924,13.333333333333332
ST009,SKU0025,0.6197183098591549,0.0,7,2.24889614756674,9.817532885940135,14.15556105495422,0.0,18.591549295774648,12.394366197183098,12.394366197183098,0.0,30.0,12.394366197183098,20.0,10.0,20.0,12.394366197183098,1239.4366197183099,0.0,1239.4366197183099,1239.4366197183099,0.49577464788732395,5.0,0.7436619718309858,13.333333333333332
ST009,SKU0026,0.27230046948356806,0.0,7,1.0004870813050357,4.367616011658874,6.273719298043851,0.0,8.169014084507042,5.446009389671361,5.446009389671361,0.0,30.0,5.446009389671361,20.0,10.0,20.0,5.446009389671361,544.6009389671361,0.0,544.6009389671361,544.6009389671361,0.21784037558685446,5.0,0.32676056338028164,13.333333333333332
ST009,SKU0027,0.3175355450236967,0.0,7,1.2338964965533883,5.386562401232318,7.609311216398195,0.0,9.5260663507109,6.350710900473934,6.350710900473934,0.0,30.0,6.350710900473934,20.0,10.0,20.0,6.350710900473934,635.0710900473933,0.0,635.0710900473933,635.0710900473933,0.25402843601895736,5.0,0.381042654028436,13.333333333333332
ST009,SKU0028,0.32547169811320753,0.0,7,1.2999133270964571,5.674758192569046,7.9530600793614985,0.0,9.764150943396226,6.509433962264151,6.509433962264151,0.0,30.0,6.509433962264151,20.0,10.0,20.0,6.509433962264151,650.9433962264151,0.0,650.9433962264151,650.9433962264151,0.26037735849056604,5.0,0.390566037735849,13.333333333333332
ST009,SKU0029,0.6886792452830188,0.0,7,2.622770170225201,11.449676067215801,16.270430784196932,0.0,20.660377358490564,13.773584905660377,13.773584905660377,0.0,30.0,13.773584905660377,20.0,10.0,20.0,13.773584905660377,1377.3584905660377,0.0,1377.3584905660377,1377.3584905660377,0.5509433962264151,5.0,0.8264150943396226,13.333333333333332
ST009,SKU0030,0.2796208530805687,0.0,7,1.3531310598337802,5.907079654735782,7.864425626299763,0.0,8.388625592417062,5.592417061611375,5.592417061611375,0.0,30.0,5.592417061611375,20.0,10.0,20.0,5.592417061611375,559.2417061611375,0.0,559.2417061611375,559.2417061611375,0.22369668246445498,5.0,0.33554502369668243,13.333333333333329
ST009,SKU0031,0.6398104265402843,0.0,7,3.0555379796106537,13.338919465678186,17.817592451460175,0.0,19.19431279620853,12.796208530805686,12.796208530805686,0.0,30.0,12.796208530805686,20.0,10.0,20.0,12.796208530805686,1279.6208530805686,0.0,1279.6208530805686,1279.6208530805686,0.5118483412322274,5.0,0.7677725118483412,13.333333333333332
ST009,SKU0032,0.6966824644549763,0.0,7,2.5751446355358625,11.241767287822427,16.11854453900726,0.0,20.900473933649288,13.933649289099526,13.933649289099526,0.0,30.0,13.933649289099526,20.0,10.0,20.0,13.933649289099526,1393.3649289099526,0.0,1393.3649289099526,1393.3649289099526,0.557345971563981,5.0,0.8360189573459715,13.333333333333332
ST009,SKU0033,1.1839622641509433,0.0,7,4.626231344576878,20.195765114583924,28.483500963640527,0.0,35.5188679245283,23.679245283018865,23.679245283018865,0.0,30.0,23.679245283018865,20.0,10.0,20.0,23.679245283018865,2367.9245283018863,0.0,2367.9245283018863,2367.9245283018863,0.9471698113207547,5.0000000000000036,1.4207547169811319,13.333333333333332
ST009,SKU0034,0.33490566037735847,0.0,7,1.3441495101921512,5.867870792615224,8.212210415256733,0.0,10.047169811320755,6.69811320754717,6.69811320754717,0.0,30.0,6.69811320754717,20.0,10.0,20.0,6.69811320754717,669.811320754717,0.0,669.811320754717,669.811320754717,0.2679245283018868,5.0,0.40188679245283015,13.333333333333332
ST009,SKU0035,0.2985781990521327,0.0,7,1.0871315981577074,4.7458617543570725,6.835909147722001,0.0,8.95734597156398,5.971563981042653,5.971563981042653,0.0,30.0,5.971563981042653,20.0,10.0,20.0,5.971563981042653,597.1563981042653,0.0,597.1563981042653,597.1563981042653,0.23886255924170616,5.0000000000000036,0.3582938388625592,13.333333333333336
ST009,SKU0036,1.0566037735849056,0.0,7,4.993512736905252,21.799128236299925,29.195354651394265,0.0,31.69811320754717,21.132075471698112,21.132075471698112,0.0,30.0,21.132075471698112,20.0,10.0,20.0,21.132075471698112,2113.2075471698113,0.0,2113.2075471698113,2113.2075471698113,0.8452830188679246,5.0000000000000036,1.2679245283018867,13.333333333333332
ST009,SKU0037,0.8767772511848341,0.0,7,3.2970377819887005,14.393184356638054,20.530625114931894,0.0,26.303317535545023,17.53554502369668,17.53554502369668,0.0,30.0,17.53554502369668,20.0,10.0,20.0,17.53554502369668,1753.5545023696682,0.0,1753.5545023696682,1753.5545023696682,0.7014218009478673,5.0000000000000036,1.052132701421801,13.333333333333336
ST009,SKU0038,1.1421800947867298,0.0,7,4.273804258924583,18.657248315117194,26.652508978624304,0.0,34.26540284360189,22.843601895734594,22.843601895734594,0.0,30.0,22.843601895734594,20.0,10.0,20.0,22.843601895734594,2284.360189573459,0.0,2284.360189573459,2284.360189573459,0.9137440758293839,5.0000000000000036,1.3706161137440758,13.333333333333336
ST009,SKU0039,0.3080568720379147,0.0,7,1.3469123479056255,5.879931932094651,8.036330036360054,0.0,9.241706161137442,6.161137440758294,6.161137440758294,0.0,30.0,6.161137440758294,20.0,10.0,20.0,6.161137440758294,616.1137440758293,0.0,616.1137440758293,616.1137440758293,0.24644549763033177,5.0,0.3696682464454976,13.333333333333332
ST009,SKU0040,1.037914691943128,106.0,7,3.2423512063113757,14.154450675799795,21.41985351940169,106.0,31.137440758293838,0.0,20.758293838862556,102.12785388127854,0.0,106.0,102.12785388127854,0.0,0.0,0.0,0.0,10600.0,10600.0,0.0,0.8303317535545024,0.0,1.2454976303317535,0.0
ST009,SKU0041,0.3427230046948357,0.0,7,1.4108428175847776,6.159019736646127,8.558080769509978,0.0,10.28169014084507,6.854460093896714,6.854460093896714,0.0,30.0,6.854460093896714,20.0,10.0,20.0,6.854460093896714,685.4460093896714,0.0,685.4460093896714,685.4460093896714,0.27417840375586855,5.0,0.4112676056338028,13.333333333333332
ST009,SKU0042,0.7109004739336493,0.0,7,2.6343562771214715,11.500255097108855,16.4765584146444,0.0,21.32701421800948,14.218009478672986,14.218009478672986,0.0,30.0,14.218009478672986,20.0,10.0,20.0,14.218009478672986,1421.8009478672986,0.0,1421.8009478672986,1421.8009478672986,0.5687203791469194,5.0,0.8530805687203792,13.333333333333332
ST009,SKU0043,0.3175355450236967,0.0,7,1.4271602147244857,6.230253165190775,8.453001980356651,0.0,9.5260663507109,6.350710900473934,6.350710900473934,0.0,30.0,6.350710900473934,20.0,10.0,20.0,6.350710900473934,635.0710900473933,0.0,635.0710900473933,635.0710900473933,0.25402843601895736,5.0,0.381042654028436,13.333333333333332
ST009,SKU0044,1.1603773584905661,0.0,7,3.9007516409064915,17.02869096730841,25.151332476742375,0.0,34.81132075471698,23.20754716981132,23.20754716981132,0.0,30.0,23.20754716981132,20.0,10.0,20.0,23.20754716981132,2320.754716981132,0.0,2320.754716981132,2320.754716981132,0.928301886792453,5.0000000000000036,1.3924528301886794,13.333333333333336
ST009,SKU0045,0.6161137440758294,0.0,7,2.563391738702513,11.19046013818312,15.503256346713925,0.0,18.483412322274884,12.322274881516588,12.322274881516588,0.0,30.0,12.322274881516588,20.0,10.0,20.0,12.322274881516588,1232.2274881516587,0.0,1232.2274881516587,1232.2274881516587,0.49289099526066354,5.0,0.7393364928909952,13.333333333333332
ST009,SKU0046,0.660377358490566,0.0,7,3.178383124830189,13.87519867731532,18.497840186749283,0.0,19.81132075471698,13.20754716981132,13.20754716981132,0.0,30.0,13.20754716981132,20.0,10.0,20.0,13.20754716981132,1320.754716981132,0.0,1320.754716981132,1320.754716981132,0.5283018867924528,5.0,0.7924528301886792,13.333333333333332
ST009,SKU0047,0.8497652582159625,0.0,7,3.262994694846843,14.244569611614935,20.19292641912667,0.0,25.492957746478876,16.995305164319248,16.995305164319248,0.0,30.0,16.995305164319248,19.999999999999996,10.000000000000004,19.999999999999996,16.995305164319248,1699.5305164319248,0.0,1699.5305164319248,1699.5305164319248,0.6798122065727701,5.000000000000007,1.019718309859155,13.333333333333332
ST009,SKU0048,1.2028301886792452,0.0,7,5.083323865890291,22.191197791529515,30.61100911228423,0.0,36.08490566037736,24.056603773584904,24.056603773584904,0.0,30.0,24.056603773584904,20.0,10.0,20.0,24.056603773584904,2405.66037735849,0.0,2405.66037735849,2405.66037735849,0.9622641509433962,5.0000000000000036,1.4433962264150941,13.333333333333332
ST009,SKU0049,0.6161137440758294,0.0,7,2.192959745217302,9.573343099683903,13.886139308214709,0.0,18.483412322274884,12.322274881516588,12.322274881516588,0.0,30.0,12.322274881516588,20.0,10.0,20.0,12.322274881516588,1232.2274881516587,0.0,1232.2274881516587,1232.2274881516587,0.49289099526066354,5.0,0.7393364928909952,13.333333333333332
ST009,SKU0050,0.6509433962264151,0.0,7,2.729659641752797,11.91630095028048,16.472904723865383,0.0,19.528301886792452,13.018867924528301,13.018867924528301,0.0,30.0,13.018867924528301,20.0,10.0,20.0,13.018867924528301,1301.8867924528302,0.0,1301.8867924528302,1301.8867924528302,0.5207547169811321,5.0,0.781132075471698,13.333333333333332
ST009,SKU0051,1.1184834123222749,0.0,7,4.550268393283415,19.864149635921848,27.693533522177773,0.0,33.55450236966825,22.3696682464455,22.3696682464455,0.0,30.0,22.3696682464455,20.0,10.0,20.0,22.3696682464455,2236.96682464455,0.0,2236.96682464455,2236.96682464455,0.8947867298578199,5.0,1.3421800947867297,13.333333333333329
ST009,SKU0052,0.7014218009478673,0.0,7,2.4920727397659066,10.879117785531557,15.789070392166629,0.0,21.04265402843602,14.028436018957347,14.028436018957347,0.0,30.0,14.028436018957347,20.0,10.0,20.0,14.028436018957347,1402.8436018957348,0.0,1402.8436018957348,1402.8436018957348,0.5611374407582939,5.0,0.8417061611374408,13.333333333333332
ST009,SKU0053,0.8341232227488151,0.0,7,2.914000941919161,12.721040990668019,18.559903549909727,0.0,25.023696682464454,16.6824644549763,16.6824644549763,0.0,30.0,16.6824644549763,20.0,10.0,20.0,16.6824644549763,1668.2464454976302,0.0,1668.2464454976302,1668.2464454976302,0.6672985781990521,5.0000000000000036,1.000947867298578,13.333333333333332
ST009,SKU0054,0.6540284360189573,0.0,7,2.398158098594464,10.469134390269174,15.047333442401875,0.0,19.62085308056872,13.080568720379146,13.080568720379146,0.0,30.0,13.080568720379146,20.0,10.0,20.0,13.080568720379146,1308.0568720379147,0.0,1308.0568720379147,1308.0568720379147,0.5232227488151658,5.0,0.7848341232227488,13.333333333333336
ST009,SKU0055,1.113744075829384,0.0,7,3.714367306362131,16.21503208146205,24.011240612267734,0.0,33.41232227488152,22.27488151658768,22.27488151658768,0.0,30.0,22.27488151658768,20.0,10.0,20.0,22.27488151658768,2227.488151658768,0.0,2227.488151658768,2227.488151658768,0.8909952606635072,5.0,1.3364928909952607,13.333333333333332
ST009,SKU0056,0.3080568720379147,0.0,7,1.4880097018973515,6.495890972458385,8.652289076723788,0.0,9.241706161137442,6.161137440758294,6.161137440758294,0.0,30.0,6.161137440758294,20.0,10.0,20.0,6.161137440758294,616.1137440758293,0.0,616.1137440758293,616.1137440758293,0.24644549763033177,5.0,0.3696682464454976,13.333333333333332
ST009,SKU0057,0.6540284360189573,0.0,7,2.6989804740285814,11.7823713607031,16.360570412835802,0.0,19.62085308056872,13.080568720379146,13.080568720379146,0.0,30.0,13.080568720379146,20.0,10.0,20.0,13.080568720379146,1308.0568720379147,0.0,1308.0568720379147,1308.0568720379147,0.5232227488151658,5.0,0.7848341232227488,13.333333333333336
ST009,SKU0058,0.6966824644549763,0.0,7,2.667786381936045,11.646193874118461,16.522971125303293,0.0,20.900473933649288,13.933649289099526,13.933649289099526,0.0,30.0,13.933649289099526,20.0,10.0,20.0,13.933649289099526,1393.3649289099526,0.0,1393.3649289099526,1393.3649289099526,0.557345971563981,5.0,0.8360189573459715,13.333333333333332
ST009,SKU0059,0.33175355450236965,0.0,7,1.559574501166804,6.8083063639222114,9.1305812454388,0.0,9.95260663507109,6.6350710900473935,6.6350710900473935,0.0,30.0,6.6350710900473935,20.0,10.0,20.0,6.6350710900473935,663.5071090047394,0.0,663.5071090047394,663.5071090047394,0.26540284360189575,5.0,0.39810426540284355,13.333333333333332
ST009,SKU0060,1.146919431279621,0.0,7,4.373320356559398,19.09168481066961,27.120120829626956,0.0,34.40758293838863,22.938388625592417,22.938388625592417,0.0,30.0,22.938388625592417,20.0,10.0,20.0,22.938388625592417,2293.8388625592415,0.0,2293.8388625592415,2293.8388625592415,0.9175355450236968,5.0000000000000036,1.376303317535545,13.333333333333332
ST009,SKU0061,0.8720379146919431,0.0,7,3.163440730549332,13.809967809537936,19.91423321238154,0.0,26.161137440758296,17.44075829383886,17.44075829383886,0.0,30.0,17.44075829383886,20.0,10.0,20.0,17.44075829383886,1744.0758293838862,0.0,1744.0758293838862,1744.0758293838862,0.6976303317535546,5.0000000000000036,1.0464454976303317,13.333333333333332
ST009,SKU0062,1.0758293838862558,0.0,7,4.474683670574257,19.534185310234907,27.0649909974387,0.0,32.274881516587676,21.516587677725116,21.516587677725116,0.0,30.0,21.516587677725116,20.0,10.0,20.0,21.516587677725116,2151.6587677725115,0.0,2151.6587677725115,2151.6587677725115,0.8606635071090047,5.0000000000000036,1.290995260663507,13.333333333333332
ST009,SKU0063,0.33649289099526064,0.0,7,1.251872891652337,5.465038168219395,7.82048840518622,0.0,10.09478672985782,6.729857819905213,6.729857819905213,0.0,30.0,6.729857819905213,20.0,10.0,20.0,6.729857819905213,672.9857819905213,0.0,672.9857819905213,672.9857819905213,0.26919431279620853,5.0,0.40379146919431275,13.333333333333332
ST009,SKU0064,0.32075471698113206,0.0,7,1.4703848663499346,6.41894993505954,8.664232953927463,0.0,9.622641509433961,6.415094339622641,6.415094339622641,0.0,30.0,6.415094339622641,20.0,10.0,20.0,6.415094339622641,641.5094339622641,0.0,641.5094339622641,641.5094339622641,0.25660377358490566,5.0000000000000036,0.38490566037735846,13.333333333333332
ST009,SKU0065,0.3222748815165877,0.0,7,1.2948346245883002,5.652587169266932,7.908511339883045,0.0,9.66824644549763,6.4454976303317535,6.4454976303317535,0.0,30.0,6.4454976303317535,20.0,10.0,20.0,6.4454976303317535,644.5497630331754,0.0,644.5497630331754,644.5497630331754,0.25781990521327014,5.0,0.3867298578199052,13.333333333333332
ST009,SKU0066,0.7311320754716981,0.0,7,2.792741546832129,12.191684354842835,17.309608883144723,0.0,21.933962264150942,14.622641509433961,14.622641509433961,0.0,30.0,14.622641509433961,20.0,10.0,20.0,14.622641509433961,1462.264150943396,0.0,1462.264150943396,1462.264150943396,0.5849056603773585,5.0,0.8773584905660378,13.333333333333336
ST009,SKU0067,0.8490566037735849,0.0,7,4.254448361343697,18.572750344304783,24.516146570719876,0.0,25.471698113207548,16.9811320754717,16.9811320754717,0.0,30.0,16.9811320754717,20.0,10.0,20.0,16.9811320754717,1698.1132075471698,0.0,1698.1132075471698,1698.1132075471698,0.679245283018868,5.0,1.0188679245283019,13.333333333333332
ST009,SKU0068,0.7203791469194313,0.0,7,2.769306574430164,12.089379225063356,17.132033253499372,0.0,21.61137440758294,14.407582938388625,14.407582938388625,0.0,30.0,14.407582938388625,20.0,10.0,20.0,14.407582938388625,1440.7582938388625,0.0,1440.7582938388625,1440.7582938388625,0.5763033175355451,5.0000000000000036,0.8644549763033175,13.333333333333332
ST009,SKU0069,1.0424528301886793,0.0,7,3.556329331670509,15.52511893654377,22.822288747864526,0.0,31.27358490566038,20.849056603773587,20.849056603773587,0.0,30.0,20.849056603773587,20.0,10.0,20.0,20.849056603773587,2084.905660377359,0.0,2084.905660377359,2084.905660377359,0.8339622641509434,5.0,1.2509433962264151,13.333333333333332
ST009,SKU0070,0.32547169811320753,0.0,7,1.4218045619793704,6.206873118491983,8.485175005284436,0.0,9.764150943396226,6.509433962264151,6.509433962264151,0.0,30.0,6.509433962264151,20.0,10.0,20.0,6.509433962264151,650.9433962264151,0.0,650.9433962264151,650.9433962264151,0.26037735849056604,5.0,0.390566037735849,13.333333333333332
ST009,SKU0071,1.099056603773585,0.0,7,4.596990469934335,20.06811437858732,27.761510605002414,0.0,32.97169811320755,21.9811320754717,21.9811320754717,0.0,30.0,21.9811320754717,20.0,10.0,20.0,21.9811320754717,2198.11320754717,0.0,2198.11320754717,2198.11320754717,0.879245283018868,5.0,1.318867924528302,13.333333333333332
ST009,SKU0072,0.7323943661971831,0.0,7,2.9152708528760214,12.726584773823449,17.85334533720373,0.0,21.971830985915492,14.647887323943662,14.647887323943662,0.0,30.0,14.647887323943662,20.0,10.0,20.0,14.647887323943662,1464.7887323943662,0.0,1464.7887323943662,1464.7887323943662,0.5859154929577465,5.0,0.8788732394366198,13.333333333333336
ST009,SKU0073,0.7582938388625592,0.0,7,2.6785505904553166,11.69318491514248,17.001241787180394,0.0,22.748815165876774,15.165876777251183,15.165876777251183,0.0,30.0,15.165876777251183,20.0,10.0,20.0,15.165876777251183,1516.5876777251183,0.0,1516.5876777251183,1516.5876777251183,0.6066350710900474,5.0000000000000036,0.9099526066350709,13.333333333333332
ST009,SKU0074,1.221698113207547,0.0,7,4.6204676466090895,20.17060375068341,28.72249054313624,0.0,36.65094339622641,24.433962264150942,24.433962264150942,0.0,30.0,24.433962264150942,20.0,10.0,20.0,24.433962264150942,2443.396226415094,0.0,2443.396226415094,2443.396226415094,0.9773584905660377,5.0,1.4660377358490564,13.333333333333332
ST009,SKU0075,0.7298578199052133,0.0,7,2.8381767250376955,12.390031155647456,17.499035894983948,0.0,21.895734597156398,14.597156398104264,14.597156398104264,0.0,30.0,14.597156398104264,20.0,10.0,20.0,14.597156398104264,1459.7156398104264,0.0,1459.7156398104264,1459.7156398104264,0.5838862559241706,5.0000000000000036,0.8758293838862559,13.333333333333332
ST009,SKU0076,0.2985781990521327,0.0,7,1.7514478003718008,7.64592726825656,9.735974661621489,0.0,8.95734597156398,5.971563981042653,5.971563981042653,0.0,30.0,5.971563981042653,20.0,10.0,20.0,5.971563981042653,597.1563981042653,0.0,597.1563981042653,597.1563981042653,0.23886255924170616,5.0000000000000036,0.3582938388625592,13.333333333333336
ST009,SKU0077,1.161137440758294,0.0,7,4.047645598436689,17.669955020501337,25.797917105809397,0.0,34.834123222748815,23.22274881516588,23.22274881516588,0.0,30.0,23.22274881516588,20.0,10.0,20.0,23.22274881516588,2322.274881516588,0.0,2322.274881516588,2322.274881516588,0.9289099526066352,5.0000000000000036,1.3933649289099528,13.333333333333332
ST009,SKU0078,0.7677725118483413,0.0,7,3.1011678699365066,13.538116280231229,18.912523863169618,0.0,23.03317535545024,15.355450236966826,15.355450236966826,0.0,30.0,15.355450236966826,20.0,10.0,20.0,15.355450236966826,1535.5450236966826,0.0,1535.5450236966826,1535.5450236966826,0.6142180094786731,5.0000000000000036,0.9213270142180094,13.333333333333332
ST009,SKU0079,0.3127962085308057,0.0,7,1.0940432877240862,4.776034663714737,6.965608123430377,0.0,9.383886255924171,6.2559241706161135,6.2559241706161135,0.0,30.0,6.2559241706161135,20.0,10.0,20.0,6.2559241706161135,625.5924170616114,0.0,625.5924170616114,625.5924170616114,0.2502369668246446,5.0000000000000036,0.3753554502369668,13.333333333333332
ST009,SKU0080,0.6415094339622641,0.0,7,2.52265067561686,11.012605448412616,15.503171486148464,0.0,19.245283018867923,12.830188679245282,12.830188679245282,0.0,30.0,12.830188679245282,20.0,10.0,20.0,12.830188679245282,1283.0188679245282,0.0,1283.0188679245282,1283.0188679245282,0.5132075471698113,5.0000000000000036,0.7698113207547169,13.333333333333332
ST009,SKU0081,0.32701421800947866,0.0,7,1.2917983385249938,5.639332293842878,7.928431819909228,0.0,9.81042654028436,6.540284360189573,6.540284360189573,0.0,30.0,6.540284360189573,20.0,10.0,20.0,6.540284360189573,654.0284360189573,0.0,654.0284360189573,654.0284360189573,0.2616113744075829,5.0,0.3924170616113744,13.333333333333336
ST009,SKU0082,1.080568720379147,0.0,7,4.318085075891393,18.850555763866357,26.414536806520385,0.0,32.41706161137441,21.61137440758294,21.61137440758294,0.0,30.0,21.61137440758294,20.0,10.0,20.0,21.61137440758294,2161.137440758294,0.0,2161.137440758294,2161.137440758294,0.8644549763033176,5.0,1.2966824644549764,13.333333333333332
ST009,SKU0083,0.2796208530805687,0.0,7,1.0746037357539808,4.691171500530903,6.648517472094884,0.0,8.388625592417062,5.592417061611375,5.592417061611375,0.0,30.0,5.592417061611375,20.0,10.0,20.0,5.592417061611375,559.2417061611375,0.0,559.2417061611375,559.2417061611375,0.22369668246445498,5.0,0.33554502369668243,13.333333333333329
ST009,SKU0084,0.2897196261682243,0.0,7,1.1828932922033866,5.163908439849423,7.191945823026993,0.0,8.691588785046727,5.794392523364485,5.794392523364485,0.0,30.0,5.794392523364485,20.0,10.0,20.0,5.794392523364485,579.4392523364485,0.0,579.4392523364485,579.4392523364485,0.23177570093457944,5.0000000000000036,0.3476635514018691,13.333333333333332
ST009,SKU0085,1.5943396226415094,0.0,7,9.596877752426064,41.895070627752965,53.05544798624353,0.0,47.83018867924528,31.88679245283019,31.88679245283019,0.0,30.0,31.88679245283019,20.0,10.0,20.0,31.88679245283019,3188.679245283019,0.0,3188.679245283019,3188.679245283019,1.2754716981132077,5.0000000000000036,1.9132075471698111,13.333333333333332
ST009,SKU0086,0.35071090047393366,0.0,7,1.536922393810077,6.709418823405441,9.164395126722976,0.0,10.52132701421801,7.0142180094786735,7.0142180094786735,0.0,30.0,7.0142180094786735,20.0,10.0,20.0,7.0142180094786735,701.4218009478674,0.0,701.4218009478674,701.4218009478674,0.28056872037914693,5.0,0.4208530805687204,13.333333333333332
ST009,SKU0087,0.4976303317535545,0.0,7,1.5161806890150888,6.618871125524602,10.102283447799483,0.0,14.928909952606634,9.95260663507109,9.95260663507109,0.0,30.0,9.95260663507109,20.0,10.0,20.0,9.95260663507109,995.260663507109,0.0,995.260663507109,995.260663507109,0.3981042654028436,5.0,0.5971563981042654,13.333333333333332
ST009,SKU0088,0.8915094339622641,0.0,7,3.8444301539293697,16.782820098090543,23.023386135826392,0.0,26.745283018867923,17.830188679245282,17.830188679245282,0.0,30.0,17.830188679245282,20.0,10.0,20.0,17.830188679245282,1783.0188679245282,0.0,1783.0188679245282,1783.0188679245282,0.7132075471698114,5.0000000000000036,1.0698113207547169,13.333333333333332
ST009,SKU0089,0.6179245283018868,0.0,7,2.3285289040156396,10.165168861074434,14.490640559187643,0.0,18.537735849056606,12.358490566037737,12.358490566037737,0.0,30.0,12.358490566037737,20.0,10.0,20.0,12.358490566037737,1235.8490566037738,0.0,1235.8490566037738,1235.8490566037738,0.4943396226415095,5.0,0.7415094339622642,13.333333333333332
ST009,SKU0090,0.6415094339622641,0.0,7,2.448284743395813,10.687961740003198,15.178527777739045,0.0,19.245283018867923,12.830188679245282,12.830188679245282,0.0,30.0,12.830188679245282,20.0,10.0,20.0,12.830188679245282,1283.0188679245282,0.0,1283.0188679245282,1283.0188679245282,0.5132075471698113,5.0000000000000036,0.7698113207547169,13.333333333333332
ST010,SKU0001,0.23222748815165878,0.0,7,0.904014467542703,3.946465813492066,5.572058230553678,0.0,6.966824644549764,4.644549763033176,4.644549763033176,0.0,30.0,4.644549763033176,20.0,10.0,20.0,4.644549763033176,464.4549763033176,0.0,464.4549763033176,464.4549763033176,0.18578199052132705,5.0000000000000036,0.2786729857819905,13.333333333333332
ST010,SKU0002,0.2132701421800948,0.0,7,0.9086956733008552,3.9669015688408567,5.45979256410152,0.0,6.398104265402844,4.265402843601896,4.265402843601896,0.0,30.0,4.265402843601896,20.0,10.0,20.0,4.265402843601896,426.54028436018956,0.0,426.54028436018956,426.54028436018956,0.17061611374407584,5.0,0.2559241706161137,13.333333333333332
ST010,SKU0003,1.0236966824644549,0.0,7,2.954320094682714,12.897053835288574,20.06293061253976,0.0,30.71090047393365,20.473933649289098,20.473933649289098,0.0,30.0,20.473933649289098,20.0,10.0,20.0,20.473933649289098,2047.3933649289097,0.0,2047.3933649289097,2047.3933649289097,0.818957345971564,5.0000000000000036,1.2284360189573458,13.333333333333332
ST010,SKU0004,0.5592417061611374,0.0,7,2.099897365601909,9.167080243434846,13.081772186562809,0.0,16.777251184834125,11.18483412322275,11.18483412322275,0.0,30.0,11.18483412322275,20.0,10.0,20.0,11.18483412322275,1118.483412322275,0.0,1118.483412322275,1118.483412322275,0.44739336492890996,5.0,0.6710900473933649,13.333333333333329
ST010,SKU0005,0.4716981132075472,0.0,7,1.6098485235021391,7.027777088757447,10.329663881210276,0.0,14.150943396226415,9.433962264150944,9.433962264150944,0.0,30.0,9.433962264150944,20.0,10.0,20.0,9.433962264150944,943.3962264150944,0.0,943.3962264150944,943.3962264150944,0.37735849056603776,5.0,0.5660377358490566,13.333333333333332
ST010,SKU0006,0.6682464454976303,0.0,7,2.477303883146271,10.814644494620419,15.49236961310383,0.0,20.04739336492891,13.364928909952607,13.364928909952607,0.0,30.0,13.364928909952607,20.0,10.0,20.0,13.364928909952607,1336.4928909952607,0.0,1336.4928909952607,1336.4928909952607,0.5345971563981043,5.0000000000000036,0.8018957345971564,13.333333333333332
ST010,SKU0007,0.6113744075829384,0.0,7,2.556162210202185,11.158899706244718,15.438520559325287,0.0,18.341232227488153,12.227488151658768,12.227488151658768,0.0,30.0,12.227488151658768,20.0,10.0,20.0,12.227488151658768,1222.7488151658767,0.0,1222.7488151658767,1222.7488151658767,0.4890995260663507,5.0,0.733649289099526,13.333333333333332
ST010,SKU0008,0.4669811320754717,0.0,7,2.088979056207277,9.119416476632344,12.388284401160647,0.0,14.00943396226415,9.339622641509434,9.339622641509434,0.0,30.0,9.339622641509434,20.0,10.0,20.0,9.339622641509434,933.9622641509434,0.0,933.9622641509434,933.9622641509434,0.3735849056603774,5.0,0.560377358490566,13.333333333333332
ST010,SKU0009,0.22897196261682243,0.0,7,0.827293720886763,3.611542187008234,5.214345925325991,0.0,6.869158878504673,4.579439252336448,4.579439252336448,0.0,30.0,4.579439252336448,20.0,10.0,20.0,4.579439252336448,457.94392523364485,0.0,457.94392523364485,457.94392523364485,0.18317757009345795,5.0,0.2747663551401869,13.333333333333332
ST010,SKU0010,0.19811320754716982,0.0,7,0.7899824381124914,3.448660167734307,4.835452620564496,0.0,5.943396226415095,3.9622641509433967,3.9622641509433967,0.0,30.0,3.9622641509433967,20.0,10.0,20.0,3.9622641509433967,396.22641509433964,0.0,396.22641509433964,396.22641509433964,0.15849056603773587,5.0,0.23773584905660378,13.333333333333332
ST010,SKU0011,0.46226415094339623,0.0,7,2.1842804548063506,9.535453747110493,12.771302803714267,0.0,13.867924528301888,9.245283018867925,9.245283018867925,0.0,30.0,9.245283018867925,20.0,10.0,20.0,9.245283018867925,924.5283018867925,0.0,924.5283018867925,924.5283018867925,0.369811320754717,5.0,0.5547169811320755,13.333333333333332
ST010,SKU0012,0.6919431279620853,0.0,7,2.7263933120495047,11.90204182172397,16.745643717458567,0.0,20.75829383886256,13.838862559241708,13.838862559241708,0.0,30.0,13.838862559241708,20.0,10.0,20.0,13.838862559241708,1383.8862559241709,0.0,1383.8862559241709,1383.8862559241709,0.5535545023696683,5.0,0.8303317535545024,13.333333333333332
ST010,SKU0013,0.47393364928909953,0.0,7,2.1520827509659552,9.39489500381465,12.712430548838347,0.0,14.218009478672986,9.47867298578199,9.47867298578199,0.0,30.0,9.47867298578199,20.0,10.0,20.0,9.47867298578199,947.8672985781991,0.0,947.8672985781991,947.8672985781991,0.37914691943127965,5.0,0.5687203791469194,13.333333333333332
ST010,SKU0014,0.5545023696682464,0.0,7,1.9519504564712107,8.521219540914021,12.402736128591746,0.0,16.635071090047393,11.090047393364928,11.090047393364928,0.0,30.0,11.090047393364928,20.0,10.0,20.0,11.090047393364928,1109.0047393364928,0.0,1109.0047393364928,1109.0047393364928,0.44360189573459713,5.0,0.6654028436018956,13.333333333333332
ST010,SKU0015,0.4786729857819905,0.0,7,1.7897246774640778,7.8130245795446385,11.163735480018572,0.0,14.360189573459715,9.57345971563981,9.57345971563981,0.0,30.0,9.57345971563981,20.0,10.0,20.0,9.57345971563981,957.345971563981,0.0,957.345971563981,957.345971563981,0.38293838862559243,5.0,0.5744075829383886,13.333333333333332
ST010,SKU0016,0.5424528301886793,0.0,7,2.4287163583718936,10.602536157454653,14.399705968775407,0.0,16.27358490566038,10.849056603773587,10.849056603773587,0.0,30.0,10.849056603773587,20.0,10.0,20.0,10.849056603773587,1084.9056603773586,0.0,1084.9056603773586,1084.9056603773586,0.43396226415094347,5.0,0.6509433962264152,13.333333333333332
ST010,SKU0017,0.47417840375586856,0.0,7,1.719900146866607,7.508206312979637,10.827455139270718,0.0,14.225352112676056,9.483568075117372,9.483568075117372,0.0,30.0,9.483568075117372,20.0,10.0,20.0,9.483568075117372,948.3568075117372,0.0,948.3568075117372,948.3568075117372,0.37934272300469485,5.0,0.5690140845070423,13.333333333333332
ST010,SKU0018,0.19339622641509435,0.0,7,0.7760354792207563,3.387774862858574,4.7415484477642345,0.0,5.80188679245283,3.867924528301887,3.867924528301887,0.0,30.0,3.867924528301887,20.0,10.0,20.0,3.867924528301887,386.7924528301887,0.0,386.7924528301887,386.7924528301887,0.1547169811320755,5.0000000000000036,0.2320754716981132,13.333333333333332
ST010,SKU0019,0.8530805687203792,0.0,7,3.024066560137929,13.201531309281995,19.17309529032465,0.0,25.592417061611375,17.061611374407583,17.061611374407583,0.0,30.0,17.061611374407583,20.0,10.0,20.0,17.061611374407583,1706.1611374407582,0.0,1706.1611374407582,1706.1611374407582,0.6824644549763034,5.0,1.0236966824644549,13.333333333333332
ST010,SKU0020,0.44075829383886256,0.0,7,1.5522786302922023,6.776456315034682,9.86176437190672,0.0,13.222748815165877,8.81516587677725,8.81516587677725,0.0,30.0,8.81516587677725,19.999999999999996,10.000000000000004,19.999999999999996,8.81516587677725,881.516587677725,0.0,881.516587677725,881.516587677725,0.3526066350710901,5.0000000000000036,0.5289099526066351,13.333333333333336
ST010,SKU0021,0.6777251184834123,0.0,7,2.6022749278796082,11.360204298610176,16.104280127994063,0.0,20.33175355450237,13.554502369668246,13.554502369668246,0.0,30.0,13.554502369668246,20.0,10.0,20.0,13.554502369668246,1355.4502369668246,0.0,1355.4502369668246,1355.4502369668246,0.5421800947867299,5.0000000000000036,0.8132701421800947,13.333333333333332
ST010,SKU0022,0.7405660377358491,0.0,7,2.6846334107510312,11.719739404266868,16.90370166841781,0.0,22.21698113207547,14.81132075471698,14.81132075471698,0.0,30.0,14.81132075471698,20.0,10.0,20.0,14.81132075471698,1481.132075471698,0.0,1481.132075471698,1481.132075471698,0.5924528301886792,5.0,0.8886792452830189,13.333333333333336
ST010,SKU0023,0.6492890995260664,0.0,7,2.5560827482739055,11.158552816018192,15.703576512700657,0.0,19.47867298578199,12.985781990521328,12.985781990521328,0.0,30.0,12.985781990521328,20.0,10.0,20.0,12.985781990521328,1298.5781990521327,0.0,1298.5781990521327,1298.5781990521327,0.5194312796208531,5.0,0.7791469194312797,13.333333333333332
ST010,SKU0024,0.5165876777251185,0.0,7,2.1232185172605087,9.268888489935701,12.88500223401153,0.0,15.497630331753555,10.33175355450237,10.33175355450237,0.0,30.0,10.33175355450237,20.0,10.0,20.0,10.33175355450237,1033.175355450237,0.0,1033.175355450237,1033.175355450237,0.41327014218009483,5.0,0.6199052132701421,13.333333333333332
ST010,SKU0025,0.44339622641509435,0.0,7,1.7035240233659004,7.436716515113089,10.540490100018749,0.0,13.30188679245283,8.867924528301888,8.867924528301888,0.0,30.0,8.867924528301888,20.000000000000004,9.999999999999996,20.000000000000004,8.867924528301888,886.7924528301888,0.0,886.7924528301888,886.7924528301888,0.3547169811320755,5.0,0.5320754716981132,13.333333333333332
ST010,SKU0026,0.20853080568720378,0.0,7,0.858638580627338,3.7483778482019408,5.208093488012367,0.0,6.2559241706161135,4.170616113744075,4.170616113744075,0.0,30.0,4.170616113744075,20.0,10.0,20.0,4.170616113744075,417.06161137440756,0.0,417.06161137440756,417.06161137440756,0.16682464454976303,5.0000000000000036,0.2502369668246445,13.333333333333332
ST010,SKU0027,0.21495327102803738,0.0,7,1.0617377675339752,4.635005249258681,6.139678146454942,0.0,6.4485981308411215,4.299065420560748,4.299065420560748,0.0,30.0,4.299065420560748,20.0,10.0,20.0,4.299065420560748,429.9065420560748,0.0,429.9065420560748,429.9065420560748,0.17196261682242991,5.0,0.25794392523364484,13.333333333333332
ST010,SKU0028,0.2559241706161137,0.0,7,1.0605032381054038,4.629615923799266,6.421085118112062,0.0,7.677725118483412,5.118483412322274,5.118483412322274,0.0,30.0,5.118483412322274,20.0,10.0,20.0,5.118483412322274,511.8483412322274,0.0,511.8483412322274,511.8483412322274,0.204739336492891,5.0000000000000036,0.30710900473933644,13.333333333333332
ST010,SKU0029,0.5377358490566038,0.0,7,1.7452686388738885,7.618952202609832,11.383103146006059,0.0,16.132075471698112,10.754716981132075,10.754716981132075,0.0,30.0,10.754716981132075,20.0,10.0,20.0,10.754716981132075,1075.4716981132076,0.0,1075.4716981132076,1075.4716981132076,0.43018867924528303,5.0,0.6452830188679245,13.333333333333332
ST010,SKU0030,0.20853080568720378,0.0,7,0.9924108321460308,4.332359229437353,5.792074869247779,0.0,6.2559241706161135,4.170616113744075,4.170616113744075,0.0,30.0,4.170616113744075,20.0,10.0,20.0,4.170616113744075,417.06161137440756,0.0,417.06161137440756,417.06161137440756,0.16682464454976303,5.0000000000000036,0.2502369668246445,13.333333333333332
ST010,SKU0031,0.4881516587677725,0.0,7,1.852566275592191,8.08735892659544,11.504420537969848,0.0,14.644549763033176,9.76303317535545,9.76303317535545,0.0,30.0,9.76303317535545,20.0,10.0,20.0,9.76303317535545,976.3033175355449,0.0,976.3033175355449,976.3033175355449,0.39052132701421804,5.0000000000000036,0.585781990521327,13.333333333333332
ST010,SKU0032,0.5213270142180095,0.0,7,2.0960893615492853,9.150456441105478,12.799745540631545,0.0,15.639810426540286,10.42654028436019,10.42654028436019,0.0,30.0,10.42654028436019,20.0,10.0,20.0,10.42654028436019,1042.654028436019,0.0,1042.654028436019,1042.654028436019,0.41706161137440767,5.0000000000000036,0.6255924170616114,13.333333333333332
ST010,SKU0033,0.9061032863849765,0.0,7,3.70244823752416,16.16299950965424,22.505722514349078,0.0,27.183098591549296,18.12206572769953,18.12206572769953,0.0,30.0,18.12206572769953,19.999999999999996,10.000000000000004,19.999999999999996,18.12206572769953,1812.2065727699528,0.0,1812.2065727699528,1812.2065727699528,0.7248826291079813,5.000000000000007,1.0873239436619717,13.333333333333332
ST010,SKU0034,0.26066350710900477,0.0,7,1.1642768184769807,5.082638416230511,6.907282965993544,0.0,7.819905213270143,5.213270142180095,5.213270142180095,0.0,30.0,5.213270142180095,20.0,10.0,20.0,5.213270142180095,521.3270142180095,0.0,521.3270142180095,521.3270142180095,0.20853080568720384,5.0000000000000036,0.3127962085308057,13.333333333333332
ST010,SKU0035,0.2132701421800948,0.0,7,0.998577186853508,4.359278387172819,5.852169382433482,0.0,6.398104265402844,4.265402843601896,4.265402843601896,0.0,30.0,4.265402843601896,20.0,10.0,20.0,4.265402843601896,426.54028436018956,0.0,426.54028436018956,426.54028436018956,0.17061611374407584,5.0,0.2559241706161137,13.333333333333332
ST010,SKU0036,0.7867298578199052,0.0,7,3.6835560223149653,16.080525739442486,21.587634744181823,0.0,23.601895734597157,15.734597156398104,15.734597156398104,0.0,30.0,15.734597156398104,20.0,10.0,20.0,15.734597156398104,1573.4597156398104,0.0,1573.4597156398104,1573.4597156398104,0.6293838862559242,5.0000000000000036,0.9440758293838862,13.333333333333332
ST010,SKU0037,0.6492890995260664,0.0,7,2.546750865005141,11.117814576069684,15.662838272752149,0.0,19.47867298578199,12.985781990521328,12.985781990521328,0.0,30.0,12.985781990521328,20.0,10.0,20.0,12.985781990521328,1298.5781990521327,0.0,1298.5781990521327,1298.5781990521327,0.5194312796208531,5.0,0.7791469194312797,13.333333333333332
ST010,SKU0038,0.8403755868544601,0.0,7,3.652714659889409,15.945888090572968,21.828517198554188,0.0,25.211267605633804,16.807511737089204,16.807511737089204,0.0,30.0,16.807511737089204,20.0,10.0,20.0,16.807511737089204,1680.7511737089203,0.0,1680.7511737089203,1680.7511737089203,0.6723004694835681,5.0,1.008450704225352,13.333333333333332
ST010,SKU0039,0.19339622641509435,0.0,7,0.7821187492926962,3.4143313154764257,4.768104900382086,0.0,5.80188679245283,3.867924528301887,3.867924528301887,0.0,30.0,3.867924528301887,20.0,10.0,20.0,3.867924528301887,386.7924528301887,0.0,386.7924528301887,386.7924528301887,0.1547169811320755,5.0000000000000036,0.2320754716981132,13.333333333333332
ST010,SKU0040,0.45754716981132076,0.0,7,2.010184878116926,8.775441306654118,11.978271495333363,0.0,13.726415094339623,9.150943396226415,9.150943396226415,0.0,30.0,9.150943396226415,20.0,10.0,20.0,9.150943396226415,915.0943396226415,0.0,915.0943396226415,915.0943396226415,0.36603773584905663,5.0000000000000036,0.5490566037735849,13.333333333333332
ST010,SKU0041,0.25118483412322273,0.0,7,1.0087408553700554,4.403647777022572,6.161941615885131,0.0,7.535545023696682,5.023696682464455,5.023696682464455,0.0,30.0,5.023696682464455,20.0,10.0,20.0,5.023696682464455,502.3696682464455,0.0,502.3696682464455,502.3696682464455,0.2009478672985782,5.0,0.30142180094786725,13.333333333333332
ST010,SKU0042,0.5687203791469194,0.0,7,2.52582240685359,11.026451608341189,15.007494262369624,0.0,17.061611374407583,11.374407582938389,11.374407582938389,0.0,30.0,11.374407582938389,20.0,10.0,20.0,11.374407582938389,1137.4407582938388,0.0,1137.4407582938388,1137.4407582938388,0.4549763033175356,5.0,0.6824644549763033,13.333333333333332
ST010,SKU0043,0.24528301886792453,0.0,7,0.8577643237862663,3.7445612889992113,5.461542421074683,0.0,7.3584905660377355,4.90566037735849,4.90566037735849,0.0,30.0,4.90566037735849,20.0,10.0,20.0,4.90566037735849,490.566037735849,0.0,490.566037735849,490.566037735849,0.19622641509433963,5.0000000000000036,0.2943396226415094,13.333333333333332
ST010,SKU0044,0.8726415094339622,0.0,7,3.769144698354171,16.454162219983456,22.56265278602119,0.0,26.17924528301887,17.452830188679243,17.452830188679243,0.0,30.0,17.452830188679243,20.0,10.0,20.0,17.452830188679243,1745.2830188679243,0.0,1745.2830188679243,1745.2830188679243,0.6981132075471699,5.0000000000000036,1.0471698113207546,13.333333333333332
ST010,SKU0045,0.6540284360189573,29.0,7,2.0210135079181297,8.822713578118504,13.400912630251206,29.0,19.62085308056872,0.0,13.080568720379146,44.34057971014493,0.0,29.0,44.34057971014493,0.0,0.0,0.0,0.0,2900.0,2900.0,0.0,0.5232227488151658,0.0,0.7848341232227488,0.0
ST010,SKU0046,0.4786729857819905,0.0,7,2.0617306974343053,9.000464048068228,12.35117494854216,0.0,14.360189573459715,9.57345971563981,9.57345971563981,0.0,30.0,9.57345971563981,20.0,10.0,20.0,9.57345971563981,957.345971563981,0.0,957.345971563981,957.345971563981,0.38293838862559243,5.0,0.5744075829383886,13.333333333333332
ST010,SKU0047,0.5734597156398105,0.0,7,2.252629547469212,9.83383100462318,13.848049014101854,0.0,17.203791469194314,11.469194312796208,11.469194312796208,0.0,30.0,11.469194312796208,20.0,10.0,20.0,11.469194312796208,1146.9194312796208,0.0,1146.9194312796208,1146.9194312796208,0.4587677725118484,5.0000000000000036,0.6881516587677725,13.333333333333332
ST010,SKU0048,0.9154929577464789,0.0,7,3.522487645598429,15.37738340580893,21.78583411003428,0.0,27.464788732394368,18.309859154929576,18.309859154929576,0.0,30.0,18.309859154929576,20.0,10.0,20.0,18.309859154929576,1830.9859154929577,0.0,1830.9859154929577,1830.9859154929577,0.7323943661971831,5.0000000000000036,1.0985915492957745,13.333333333333332
ST010,SKU0049,0.44075829383886256,0.0,7,1.944478726417548,8.488601780598115,11.573909837470154,0.0,13.222748815165877,8.81516587677725,8.81516587677725,0.0,30.0,8.81516587677725,19.999999999999996,10.000000000000004,19.999999999999996,8.81516587677725,881.516587677725,0.0,881.516587677725,881.516587677725,0.3526066350710901,5.0000000000000036,0.5289099526066351,13.333333333333336
ST010,SKU0050,0.5094339622641509,0.0,7,1.9653167226335047,8.579569837681852,12.145607573530908,0.0,15.283018867924529,10.18867924528302,10.18867924528302,0.0,30.0,10.18867924528302,20.0,10.0,20.0,10.18867924528302,1018.867924528302,0.0,1018.867924528302,1018.867924528302,0.4075471698113208,5.0,0.6113207547169811,13.333333333333332
ST010,SKU0051,0.8591549295774648,0.0,7,3.410427024587177,14.888183923126196,20.902268430168448,0.0,25.774647887323944,17.183098591549296,17.183098591549296,0.0,30.0,17.183098591549296,20.0,10.0,20.0,17.183098591549296,1718.3098591549297,0.0,1718.3098591549297,1718.3098591549297,0.6873239436619718,5.0,1.0309859154929577,13.333333333333332
ST010,SKU0052,0.5424528301886793,0.0,7,2.4208982749136965,10.568406394931415,14.36557620625217,0.0,16.27358490566038,10.849056603773587,10.849056603773587,0.0,30.0,10.849056603773587,20.0,10.0,20.0,10.849056603773587,1084.9056603773586,0.0,1084.9056603773586,1084.9056603773586,0.43396226415094347,5.0,0.6509433962264152,13.333333333333332
ST010,SKU0053,0.6303317535545023,0.0,7,2.2479258977547345,9.813297270415049,14.225619545296565,0.0,18.90995260663507,12.606635071090047,12.606635071090047,0.0,30.0,12.606635071090047,20.0,10.0,20.0,12.606635071090047,1260.6635071090047,0.0,1260.6635071090047,1260.6635071090047,0.5042654028436019,5.0,0.7563981042654028,13.333333333333332
ST010,SKU0054,0.45754716981132076,0.0,7,2.325031645841097,10.14990161666373,13.352731805342975,0.0,13.726415094339623,9.150943396226415,9.150943396226415,0.0,30.0,9.150943396226415,20.0,10.0,20.0,9.150943396226415,915.0943396226415,0.0,915.0943396226415,915.0943396226415,0.36603773584905663,5.0000000000000036,0.5490566037735849,13.333333333333332
ST010,SKU0055,0.8443396226415094,0.0,7,3.2610462714570203,14.236063789447016,20.14644114793758,0.0,25.330188679245282,16.88679245283019,16.88679245283019,0.0,30.0,16.88679245283019,20.0,10.0,20.0,16.88679245283019,1688.6792452830189,0.0,1688.6792452830189,1688.6792452830189,0.6754716981132076,5.0000000000000036,1.0132075471698112,13.333333333333332
ST010,SKU0056,0.23222748815165878,0.0,7,1.0547417943575634,4.604464400672635,6.230056817734246,0.0,6.966824644549764,4.644549763033176,4.644549763033176,0.0,30.0,4.644549763033176,20.0,10.0,20.0,4.644549763033176,464.4549763033176,0.0,464.4549763033176,464.4549763033176,0.18578199052132705,5.0000000000000036,0.2786729857819905,13.333333333333332
ST010,SKU0057,0.4976303317535545,0.0,7,1.727575806573059,7.5417143260868285,11.02512664836171,0.0,14.928909952606634,9.95260663507109,9.95260663507109,0.0,30.0,9.95260663507109,20.0,10.0,20.0,9.95260663507109,995.260663507109,0.0,995.260663507109,995.260663507109,0.3981042654028436,5.0,0.5971563981042654,13.333333333333332
ST010,SKU0058,0.49056603773584906,0.0,7,2.0293826625057707,8.859249035961048,12.293211300111992,0.0,14.716981132075471,9.81132075471698,9.81132075471698,0.0,30.0,9.81132075471698,20.0,10.0,20.0,9.81132075471698,981.132075471698,0.0,981.132075471698,981.132075471698,0.39245283018867927,5.0000000000000036,0.5886792452830188,13.333333333333332
ST010,SKU0059,0.25471698113207547,0.0,7,1.1233102803194726,4.903799417364502,6.68681828528903,0.0,7.6415094339622645,5.09433962264151,5.09433962264151,0.0,30.0,5.09433962264151,20.0,10.0,20.0,5.09433962264151,509.433962264151,0.0,509.433962264151,509.433962264151,0.2037735849056604,5.0,0.30566037735849055,13.333333333333332
ST010,SKU0060,0.8915094339622641,0.0,7,3.287564330533887,14.351828102236706,20.592394139972555,0.0,26.745283018867923,17.830188679245282,17.830188679245282,0.0,30.0,17.830188679245282,20.0,10.0,20.0,17.830188679245282,1783.0188679245282,0.0,1783.0188679245282,1783.0188679245282,0.7132075471698114,5.0000000000000036,1.0698113207547169,13.333333333333332
ST010,SKU0061,0.660377358490566,0.0,7,2.7481550638619274,11.997042524315454,16.619684033749415,0.0,19.81132075471698,13.20754716981132,13.20754716981132,0.0,30.0,13.20754716981132,20.0,10.0,20.0,13.20754716981132,1320.754716981132,0.0,1320.754716981132,1320.754716981132,0.5283018867924528,5.0,0.7924528301886792,13.333333333333332
ST010,SKU0062,1.3175355450236967,0.0,7,8.677756216047966,37.88265506141788,47.10540387658376,0.0,39.526066350710906,26.350710900473935,26.350710900473935,0.0,30.0,26.350710900473935,20.0,10.0,20.0,26.350710900473935,2635.0710900473937,0.0,2635.0710900473937,2635.0710900473937,1.0540284360189573,5.0,1.5810426540284361,13.333333333333332
ST010,SKU0063,0.24644549763033174,0.0,7,0.876097499801365,3.824594579387788,5.549713062800111,0.0,7.393364928909953,4.9289099526066344,4.9289099526066344,0.0,30.0,4.9289099526066344,19.999999999999996,10.000000000000004,19.999999999999996,4.9289099526066344,492.89099526066343,0.0,492.89099526066343,492.89099526066343,0.1971563981042654,5.0000000000000036,0.2957345971563981,13.333333333333336
ST010,SKU0064,0.25471698113207547,0.0,7,1.3388919572076021,5.844918999407151,7.627937867331679,0.0,7.6415094339622645,5.09433962264151,5.09433962264151,0.0,30.0,5.09433962264151,20.0,10.0,20.0,5.09433962264151,509.433962264151,0.0,509.433962264151,509.433962264151,0.2037735849056604,5.0,0.30566037735849055,13.333333333333332
ST010,SKU0065,0.23696682464454977,0.0,7,1.000361027133925,4.367065723477879,6.025833495989727,0.0,7.109004739336493,4.739336492890995,4.739336492890995,0.0,30.0,4.739336492890995,20.0,10.0,20.0,4.739336492890995,473.93364928909955,0.0,473.93364928909955,473.93364928909955,0.18957345971563982,5.0,0.2843601895734597,13.333333333333332
ST010,SKU0066,0.5330188679245284,0.0,7,2.1908565572895493,9.564161654525414,13.295293729997113,0.0,15.990566037735851,10.660377358490567,10.660377358490567,0.0,30.0,10.660377358490567,20.0,10.0,20.0,10.660377358490567,1066.0377358490568,0.0,1066.0377358490568,1066.0377358490568,0.4264150943396227,5.0,0.639622641509434,13.333333333333332
ST010,SKU0067,0.4811320754716981,0.0,7,1.8355681846971654,8.01315393649811,11.381078464799998,0.0,14.433962264150944,9.622641509433961,9.622641509433961,0.0,30.0,9.622641509433961,19.999999999999996,10.000000000000004,19.999999999999996,9.622641509433961,962.2641509433961,0.0,962.2641509433961,962.2641509433961,0.3849056603773585,5.0000000000000036,0.5773584905660377,13.333333333333336
ST010,SKU0068,0.5497630331753555,0.0,7,2.199813290942642,9.603262182704533,13.451603414932022,0.0,16.492890995260662,10.995260663507109,10.995260663507109,0.0,30.0,10.995260663507109,20.0,10.0,20.0,10.995260663507109,1099.5260663507108,0.0,1099.5260663507108,1099.5260663507108,0.4398104265402844,5.0000000000000036,0.6597156398104266,13.333333333333336
ST010,SKU0069,0.8293838862559242,0.0,7,3.1906543737738144,13.928768687733966,19.734455891525435,0.0,24.881516587677726,16.587677725118482,16.587677725118482,0.0,30.0,16.587677725118482,19.999999999999996,10.000000000000004,19.999999999999996,16.587677725118482,1658.7677725118483,0.0,1658.7677725118483,1658.7677725118483,0.6635071090047394,5.0000000000000036,0.995260663507109,13.333333333333336
ST010,SKU0070,0.25118483412322273,0.0,7,1.1581742688828112,5.055997799057653,6.814291637920212,0.0,7.535545023696682,5.023696682464455,5.023696682464455,0.0,30.0,5.023696682464455,20.0,10.0,20.0,5.023696682464455,502.3696682464455,0.0,502.3696682464455,502.3696682464455,0.2009478672985782,5.0,0.30142180094786725,13.333333333333332
ST010,SKU0071,0.8497652582159625,0.0,7,2.993067846427077,13.06620674500302,19.01456355251476,0.0,25.492957746478876,16.995305164319248,16.995305164319248,0.0,30.0,16.995305164319248,19.999999999999996,10.000000000000004,19.999999999999996,16.995305164319248,1699.5305164319248,0.0,1699.5305164319248,1699.5305164319248,0.6798122065727701,5.000000000000007,1.019718309859155,13.333333333333332
ST010,SKU0072,0.5330188679245284,0.0,7,2.0338007143311456,8.878535995536453,12.609668071008151,0.0,15.990566037735851,10.660377358490567,10.660377358490567,0.0,30.0,10.660377358490567,20.0,10.0,20.0,10.660377358490567,1066.0377358490568,0.0,1066.0377358490568,1066.0377358490568,0.4264150943396227,5.0,0.639622641509434,13.333333333333332
ST010,SKU0073,0.6113744075829384,0.0,7,2.124833552497253,9.275938909567504,13.555559762648073,0.0,18.341232227488153,12.227488151658768,12.227488151658768,0.0,30.0,12.227488151658768,20.0,10.0,20.0,12.227488151658768,1222.7488151658767,0.0,1222.7488151658767,1222.7488151658767,0.4890995260663507,5.0,0.733649289099526,13.333333333333332
ST010,SKU0074,0.8056872037914692,0.0,7,3.2315654288193265,14.107365475648068,19.747175902188353,0.0,24.170616113744074,16.113744075829384,16.113744075829384,0.0,30.0,16.113744075829384,20.0,10.0,20.0,16.113744075829384,1611.3744075829384,0.0,1611.3744075829384,1611.3744075829384,0.6445497630331753,5.0,0.966824644549763,13.333333333333332
ST010,SKU0075,0.5023696682464455,0.0,7,2.0032697262295924,8.745253282570113,12.261840960295231,0.0,15.071090047393364,10.04739336492891,10.04739336492891,0.0,30.0,10.04739336492891,20.0,10.0,20.0,10.04739336492891,1004.739336492891,0.0,1004.739336492891,1004.739336492891,0.4018957345971564,5.0,0.6028436018957345,13.333333333333332
ST010,SKU0076,0.20754716981132076,0.0,7,0.9309525380470363,4.064063681826809,5.516893870506054,0.0,6.226415094339623,4.150943396226415,4.150943396226415,0.0,30.0,4.150943396226415,20.0,10.0,20.0,4.150943396226415,415.0943396226415,0.0,415.0943396226415,415.0943396226415,0.16603773584905662,5.0000000000000036,0.2490566037735849,13.333333333333332
ST010,SKU0077,0.8309859154929577,0.0,7,2.886137567948112,12.599403719613951,18.416305128064657,0.0,24.929577464788732,16.619718309859156,16.619718309859156,0.0,30.0,16.619718309859156,20.0,10.0,20.0,16.619718309859156,1661.9718309859156,0.0,1661.9718309859156,1661.9718309859156,0.6647887323943662,5.0,0.9971830985915493,13.333333333333332
ST010,SKU0078,0.6839622641509434,0.0,7,2.727623717723669,11.907413144976145,16.69514899403275,0.0,20.5188679245283,13.679245283018869,13.679245283018869,0.0,30.0,13.679245283018869,20.0,10.0,20.0,13.679245283018869,1367.9245283018868,0.0,1367.9245283018868,1367.9245283018868,0.5471698113207547,4.9999999999999964,0.8207547169811321,13.333333333333332
ST010,SKU0079,0.24170616113744076,0.0,7,1.1098540997677955,4.845056600259242,6.5369997282213275,0.0,7.251184834123222,4.834123222748815,4.834123222748815,0.0,30.0,4.834123222748815,20.0,10.0,20.0,4.834123222748815,483.4123222748815,0.0,483.4123222748815,483.4123222748815,0.1933649289099526,5.0,0.2900473933649289,13.333333333333336
ST010,SKU0080,0.6682464454976303,0.0,7,2.2517477351570543,9.829981462089524,14.507706580572936,0.0,20.04739336492891,13.364928909952607,13.364928909952607,0.0,30.0,13.364928909952607,20.0,10.0,20.0,13.364928909952607,1336.4928909952607,0.0,1336.4928909952607,1336.4928909952607,0.5345971563981043,5.0000000000000036,0.8018957345971564,13.333333333333332
ST010,SKU0081,0.23696682464454977,0.0,7,1.1044318918140947,4.821386007485334,6.480153779997182,0.0,7.109004739336493,4.739336492890995,4.739336492890995,0.0,30.0,4.739336492890995,20.0,10.0,20.0,4.739336492890995,473.93364928909955,0.0,473.93364928909955,473.93364928909955,0.18957345971563982,5.0,0.2843601895734597,13.333333333333332
ST010,SKU0082,0.8962264150943396,0.0,7,3.4433237697847026,15.03179432424078,21.305379229901156,0.0,26.88679245283019,17.92452830188679,17.92452830188679,0.0,30.0,17.92452830188679,20.0,10.0,20.0,17.92452830188679,1792.4528301886792,0.0,1792.4528301886792,1792.4528301886792,0.7169811320754718,5.0000000000000036,1.0754716981132075,13.333333333333332
ST010,SKU0083,0.2028301886792453,0.0,7,0.8211606105255147,3.5847681571225922,5.004579477877309,0.0,6.084905660377359,4.056603773584905,4.056603773584905,0.0,30.0,4.056603773584905,19.999999999999996,10.000000000000004,19.999999999999996,4.056603773584905,405.66037735849056,0.0,405.66037735849056,405.66037735849056,0.16226415094339625,5.0000000000000036,0.24339622641509434,13.333333333333336
ST010,SKU0084,0.22748815165876776,0.0,7,1.012024300292615,4.417981621891879,6.010398683503253,0.0,6.824644549763033,4.549763033175355,4.549763033175355,0.0,30.0,4.549763033175355,20.0,10.0,20.0,4.549763033175355,454.97630331753555,0.0,454.97630331753555,454.97630331753555,0.1819905213270142,5.0,0.2729857819905213,13.333333333333332
ST010,SKU0085,0.8862559241706162,0.0,7,3.2080777081938,14.004830074043873,20.208621543238188,0.0,26.587677725118485,17.725118483412324,17.725118483412324,0.0,30.0,17.725118483412324,20.0,10.0,20.0,17.725118483412324,1772.5118483412323,0.0,1772.5118483412323,1772.5118483412323,0.709004739336493,5.0,1.0635071090047394,13.333333333333332
ST010,SKU0086,0.23696682464454977,0.0,7,1.0238853608815242,4.4697609592880205,6.128528731799869,0.0,7.109004739336493,4.739336492890995,4.739336492890995,0.0,30.0,4.739336492890995,20.0,10.0,20.0,4.739336492890995,473.93364928909955,0.0,473.93364928909955,473.93364928909955,0.18957345971563982,5.0,0.2843601895734597,13.333333333333332
ST010,SKU0087,0.32075471698113206,0.0,7,2.063205851350934,9.006903817242984,11.252186836110909,0.0,9.622641509433961,6.415094339622641,6.415094339622641,0.0,30.0,6.415094339622641,20.0,10.0,20.0,6.415094339622641,641.5094339622641,0.0,641.5094339622641,641.5094339622641,0.25660377358490566,5.0000000000000036,0.38490566037735846,13.333333333333332
ST010,SKU0088,0.6619718309859155,0.0,7,2.6931621764455125,11.756971642746462,16.390774459647872,0.0,19.859154929577464,13.23943661971831,13.23943661971831,0.0,30.0,13.23943661971831,20.0,10.0,20.0,13.23943661971831,1323.943661971831,0.0,1323.943661971831,1323.943661971831,0.5295774647887325,5.0000000000000036,0.7943661971830985,13.333333333333332
ST010,SKU0089,0.4811320754716981,0.0,7,2.1561380785452995,9.412598494443397,12.780523022745285,0.0,14.433962264150944,9.622641509433961,9.622641509433961,0.0,30.0,9.622641509433961,19.999999999999996,10.000000000000004,19.999999999999996,9.622641509433961,962.2641509433961,0.0,962.2641509433961,962.2641509433961,0.3849056603773585,5.0000000000000036,0.5773584905660377,13.333333333333336
ST010,SKU0090,0.44549763033175355,0.0,7,1.9543884961905542,8.531862778107426,11.650346190429701,0.0,13.364928909952607,8.909952606635072,8.909952606635072,0.0,30.0,8.909952606635072,20.0,10.0,20.0,8.909952606635072,890.9952606635071,0.0,890.9952606635071,890.9952606635071,0.35639810426540286,5.0,0.5345971563981042,13.333333333333332
ST011,SKU0001,0.419811320754717,0.0,7,1.625677827938359,7.096879753650306,10.035558998933325,0.0,12.59433962264151,8.39622641509434,8.39622641509434,0.0,30.0,8.39622641509434,20.0,10.0,20.0,8.39622641509434,839.622641509434,0.0,839.622641509434,839.622641509434,0.3358490566037736,5.0000000000000036,0.5037735849056604,13.333333333333332
ST011,SKU0002,0.35071090047393366,0.0,7,1.5797036994095548,6.896180170780582,9.351156474098119,0.0,10.52132701421801,7.0142180094786735,7.0142180094786735,0.0,30.0,7.0142180094786735,20.0,10.0,20.0,7.0142180094786735,701.4218009478674,0.0,701.4218009478674,701.4218009478674,0.28056872037914693,5.0,0.4208530805687204,13.333333333333332
ST011,SKU0003,0.8720379146919431,0.0,7,3.860387979327542,16.85248381991432,22.95674922275792,0.0,26.161137440758296,17.44075829383886,17.44075829383886,0.0,30.0,17.44075829383886,20.0,10.0,20.0,17.44075829383886,1744.0758293838862,0.0,1744.0758293838862,1744.0758293838862,0.6976303317535546,5.0000000000000036,1.0464454976303317,13.333333333333332
ST011,SKU0004,0.8497652582159625,0.0,7,3.072391122365008,13.412491686165707,19.360848493677445,0.0,25.492957746478876,16.995305164319248,16.995305164319248,0.0,30.0,16.995305164319248,19.999999999999996,10.000000000000004,19.999999999999996,16.995305164319248,1699.5305164319248,0.0,1699.5305164319248,1699.5305164319248,0.6798122065727701,5.000000000000007,1.019718309859155,13.333333333333332
ST011,SKU0005,0.7641509433962265,0.0,7,2.8948455149294534,12.637418172149184,17.98647477592277,0.0,22.924528301886795,15.283018867924529,15.283018867924529,0.0,30.0,15.283018867924529,20.0,10.0,20.0,15.283018867924529,1528.301886792453,0.0,1528.301886792453,1528.301886792453,0.6113207547169812,5.0000000000000036,0.9169811320754717,13.333333333333332
ST011,SKU0006,1.0758293838862558,0.0,7,3.8102535410313583,16.633622447759155,24.164428134962947,0.0,32.274881516587676,21.516587677725116,21.516587677725116,0.0,30.0,21.516587677725116,20.0,10.0,20.0,21.516587677725116,2151.6587677725115,0.0,2151.6587677725115,2151.6587677725115,0.8606635071090047,5.0000000000000036,1.290995260663507,13.333333333333332
ST011,SKU0007,1.0141509433962264,0.0,7,4.0849727775374305,17.832906435024153,24.93196303879774,0.0,30.42452830188679,20.283018867924525,20.283018867924525,0.0,30.0,20.283018867924525,20.0,10.0,20.0,20.283018867924525,2028.3018867924525,0.0,2028.3018867924525,2028.3018867924525,0.8113207547169812,5.0000000000000036,1.2169811320754715,13.333333333333332
ST011,SKU0008,0.7440758293838863,0.0,7,2.836983722519671,12.38482311548678,17.593353921173986,0.0,22.322274881516588,14.881516587677726,14.881516587677726,0.0,30.0,14.881516587677726,20.0,10.0,20.0,14.881516587677726,1488.1516587677727,0.0,1488.1516587677727,1488.1516587677727,0.595260663507109,5.0,0.8928909952606635,13.333333333333332
ST011,SKU0009,0.3033175355450237,0.0,7,1.2355597877752533,5.393823481868355,7.517046230683521,0.0,9.099526066350712,6.066350710900474,6.066350710900474,0.0,30.0,6.066350710900474,20.0,10.0,20.0,6.066350710900474,606.6350710900474,0.0,606.6350710900474,606.6350710900474,0.242654028436019,5.0,0.3639810426540285,13.333333333333332
ST011,SKU0010,0.32701421800947866,0.0,7,1.5030699045261082,6.561636131360772,8.850735657427123,0.0,9.81042654028436,6.540284360189573,6.540284360189573,0.0,30.0,6.540284360189573,20.0,10.0,20.0,6.540284360189573,654.0284360189573,0.0,654.0284360189573,654.0284360189573,0.2616113744075829,5.0,0.3924170616113744,13.333333333333336
ST011,SKU0011,0.7819905213270142,0.0,7,3.444783194491723,15.038165427713578,20.512099077002677,0.0,23.459715639810426,15.639810426540283,15.639810426540283,0.0,30.0,15.639810426540283,20.0,10.0,20.0,15.639810426540283,1563.9810426540282,0.0,1563.9810426540282,1563.9810426540282,0.6255924170616114,5.0000000000000036,0.938388625592417,13.333333333333332
ST011,SKU0012,1.052132701421801,0.0,7,4.318524075633976,18.852472212704775,26.21740112265738,0.0,31.563981042654028,21.04265402843602,21.04265402843602,0.0,30.0,21.04265402843602,20.0,10.0,20.0,21.04265402843602,2104.265402843602,0.0,2104.265402843602,2104.265402843602,0.8417061611374408,5.0,1.262559241706161,13.333333333333332
ST011,SKU0013,1.1745283018867925,0.0,7,6.972709990424783,30.43929338808524,38.660991501292784,0.0,35.235849056603776,23.49056603773585,23.49056603773585,0.0,30.0,23.49056603773585,20.0,10.0,20.0,23.49056603773585,2349.056603773585,0.0,2349.056603773585,2349.056603773585,0.939622641509434,5.0,1.409433962264151,13.333333333333332
ST011,SKU0014,0.8726415094339622,0.0,7,3.338388890276831,14.57370219243409,20.682192758471828,0.0,26.17924528301887,17.452830188679243,17.452830188679243,0.0,30.0,17.452830188679243,20.0,10.0,20.0,17.452830188679243,1745.2830188679243,0.0,1745.2830188679243,1745.2830188679243,0.6981132075471699,5.0000000000000036,1.0471698113207546,13.333333333333332
ST011,SKU0015,0.7830188679245284,0.0,7,3.036912615899433,13.257610632922457,18.738742708394156,0.0,23.49056603773585,15.660377358490567,15.660377358490567,0.0,30.0,15.660377358490567,20.0,10.0,20.0,15.660377358490567,1566.0377358490568,0.0,1566.0377358490568,1566.0377358490568,0.6264150943396227,5.0,0.939622641509434,13.333333333333332
ST011,SKU0016,0.8151658767772512,0.0,7,3.2084646003036212,14.006519047550094,19.71268018499085,0.0,24.454976303317537,16.303317535545023,16.303317535545023,0.0,30.0,16.303317535545023,20.0,10.0,20.0,16.303317535545023,1630.3317535545023,0.0,1630.3317535545023,1630.3317535545023,0.652132701421801,5.0000000000000036,0.9781990521327013,13.333333333333332
ST011,SKU0017,0.7582938388625592,0.0,7,3.4837534395438055,15.20828962966302,20.516346501700934,0.0,22.748815165876774,15.165876777251183,15.165876777251183,0.0,30.0,15.165876777251183,20.0,10.0,20.0,15.165876777251183,1516.5876777251183,0.0,1516.5876777251183,1516.5876777251183,0.6066350710900474,5.0000000000000036,0.9099526066350709,13.333333333333332
ST011,SKU0018,0.3411214953271028,0.0,7,1.5261386587813255,6.662342539606129,9.05019300689585,0.0,10.233644859813083,6.822429906542055,6.822429906542055,0.0,30.0,6.822429906542055,20.0,10.0,20.0,6.822429906542055,682.2429906542055,0.0,682.2429906542055,682.2429906542055,0.27289719626168224,5.0000000000000036,0.40934579439252333,13.333333333333336
ST011,SKU0019,1.4407582938388626,0.0,7,5.18422951003604,22.63170033801203,32.71700839488407,0.0,43.22274881516588,28.81516587677725,28.81516587677725,0.0,30.0,28.81516587677725,20.0,10.0,20.0,28.81516587677725,2881.516587677725,0.0,2881.516587677725,2881.516587677725,1.1526066350710902,5.0000000000000036,1.728909952606635,13.333333333333332
ST011,SKU0020,0.8009478672985783,0.0,7,3.20686748982075,13.999546878246042,19.60618194933609,0.0,24.028436018957347,16.018957345971565,16.018957345971565,0.0,30.0,16.018957345971565,20.0,10.0,20.0,16.018957345971565,1601.8957345971564,0.0,1601.8957345971564,1601.8957345971564,0.6407582938388626,5.0,0.9611374407582939,13.333333333333332
ST011,SKU0021,1.061611374407583,0.0,7,4.31950121245977,18.856737893417364,26.288017514270443,0.0,31.84834123222749,21.23222748815166,21.23222748815166,0.0,30.0,21.23222748815166,20.0,10.0,20.0,21.23222748815166,2123.222748815166,0.0,2123.222748815166,2123.222748815166,0.8492890995260665,5.0,1.2739336492890996,13.333333333333332
ST011,SKU0022,1.5071090047393365,0.0,7,4.575680712560644,19.97508685304597,30.524849886221325,0.0,45.21327014218009,30.14218009478673,30.14218009478673,0.0,30.0,30.14218009478673,20.0,10.0,20.0,30.14218009478673,3014.218009478673,0.0,3014.218009478673,3014.218009478673,1.2056872037914692,5.0,1.8085308056872038,13.333333333333332
ST011,SKU0023,1.0758293838862558,0.0,7,4.58610049619802,20.020574310808303,27.551379998012095,0.0,32.274881516587676,21.516587677725116,21.516587677725116,0.0,30.0,21.516587677725116,20.0,10.0,20.0,21.516587677725116,2151.6587677725115,0.0,2151.6587677725115,2151.6587677725115,0.8606635071090047,5.0000000000000036,1.290995260663507,13.333333333333332
ST011,SKU0024,0.8246445497630331,0.0,7,3.171684131529547,13.845954291307145,19.618466139648376,0.0,24.739336492890995,16.492890995260662,16.492890995260662,0.0,30.0,16.492890995260662,20.0,10.0,20.0,16.492890995260662,1649.2890995260661,0.0,1649.2890995260661,1649.2890995260661,0.6597156398104266,5.0000000000000036,0.9895734597156397,13.333333333333332
ST011,SKU0025,0.8028169014084507,0.0,7,3.2734771123372783,14.290330496815368,19.910048806674524,0.0,24.084507042253524,16.056338028169016,16.056338028169016,0.0,30.0,16.056338028169016,20.0,10.0,20.0,16.056338028169016,1605.6338028169016,0.0,1605.6338028169016,1605.6338028169016,0.6422535211267606,5.0,0.9633802816901409,13.333333333333332
ST011,SKU0026,0.3412322274881517,0.0,7,1.5757557213707432,6.8789453134613865,9.267570905878449,0.0,10.23696682464455,6.8246445497630335,6.8246445497630335,0.0,30.0,6.8246445497630335,20.0,10.0,20.0,6.8246445497630335,682.4644549763034,0.0,682.4644549763034,682.4644549763034,0.27298578199052137,5.0000000000000036,0.409478672985782,13.333333333333332
ST011,SKU0027,0.3744075829383886,0.0,7,1.6466731264783652,7.188534512403689,9.80938759297241,0.0,11.232227488151658,7.488151658767772,7.488151658767772,0.0,30.0,7.488151658767772,20.0,10.0,20.0,7.488151658767772,748.8151658767772,0.0,748.8151658767772,748.8151658767772,0.2995260663507109,5.0,0.4492890995260663,13.333333333333332
ST011,SKU0028,0.3443396226415094,0.0,7,1.4005131211785282,6.113925553760066,8.524302912250633,0.0,10.330188679245282,6.886792452830188,6.886792452830188,0.0,30.0,6.886792452830188,20.0,10.0,20.0,6.886792452830188,688.6792452830189,0.0,688.6792452830189,688.6792452830189,0.27547169811320754,5.0,0.4132075471698113,13.333333333333332
ST011,SKU0029,0.9052132701421801,0.0,7,3.0032555870198467,13.110681221252696,19.447174112247957,0.0,27.156398104265403,18.104265402843602,18.104265402843602,0.0,30.0,18.104265402843602,20.0,10.0,20.0,18.104265402843602,1810.4265402843603,0.0,1810.4265402843603,1810.4265402843603,0.7241706161137441,5.0,1.086255924170616,13.333333333333332
ST011,SKU0030,0.33649289099526064,0.0,7,1.3040395201784787,5.692771045817212,8.048221282784036,0.0,10.09478672985782,6.729857819905213,6.729857819905213,0.0,30.0,6.729857819905213,20.0,10.0,20.0,6.729857819905213,672.9857819905213,0.0,672.9857819905213,672.9857819905213,0.26919431279620853,5.0,0.40379146919431275,13.333333333333332
ST011,SKU0031,0.7535545023696683,0.0,7,3.0151876148869623,13.162770365568278,18.437651882155954,0.0,22.606635071090047,15.071090047393366,15.071090047393366,0.0,30.0,15.071090047393366,20.0,10.0,20.0,15.071090047393366,1507.1090047393366,0.0,1507.1090047393366,1507.1090047393366,0.6028436018957346,5.0,0.9042654028436019,13.333333333333332
ST011,SKU0032,0.8867924528301887,0.0,7,3.292446488690537,14.373141113203944,20.580688283015263,0.0,26.60377358490566,17.735849056603776,17.735849056603776,0.0,30.0,17.735849056603776,20.000000000000004,9.999999999999996,20.000000000000004,17.735849056603776,1773.5849056603777,0.0,1773.5849056603777,1773.5849056603777,0.709433962264151,5.0,1.0641509433962264,13.333333333333332
ST011,SKU0033,1.3443396226415094,0.0,7,4.499532997119443,19.642664788406805,29.05304214689737,0.0,40.33018867924528,26.88679245283019,26.88679245283019,0.0,30.0,26.88679245283019,20.0,10.0,20.0,26.88679245283019,2688.679245283019,0.0,2688.679245283019,2688.679245283019,1.0754716981132075,5.0,1.6132075471698113,13.333333333333332
ST011,SKU0034,0.3981042654028436,0.0,7,1.4777061401699618,6.450910880242739,9.237640738062645,0.0,11.943127962085308,7.9620853080568725,7.9620853080568725,0.0,30.0,7.9620853080568725,20.0,10.0,20.0,7.9620853080568725,796.2085308056872,0.0,796.2085308056872,796.2085308056872,0.3184834123222749,5.0,0.4777251184834123,13.333333333333332
ST011,SKU0035,0.35071090047393366,0.0,7,1.3593545270859926,5.93424813669493,8.389224440012466,0.0,10.52132701421801,7.0142180094786735,7.0142180094786735,0.0,30.0,7.0142180094786735,20.0,10.0,20.0,7.0142180094786735,701.4218009478674,0.0,701.4218009478674,701.4218009478674,0.28056872037914693,5.0,0.4208530805687204,13.333333333333332
ST011,SKU0036,1.460093896713615,0.0,7,4.870449399145049,21.261896507381906,31.48255378437721,0.0,43.80281690140845,29.2018779342723,29.2018779342723,0.0,30.0,29.2018779342723,20.0,10.0,20.0,29.2018779342723,2920.18779342723,0.0,2920.18779342723,2920.18779342723,1.168075117370892,5.0000000000000036,1.752112676056338,13.333333333333332
ST011,SKU0037,1.0710900473933649,0.0,7,4.336958364309901,18.93294690936901,26.430577241122567,0.0,32.132701421800945,21.421800947867297,21.421800947867297,0.0,30.0,21.421800947867297,20.0,10.0,20.0,21.421800947867297,2142.1800947867296,0.0,2142.1800947867296,2142.1800947867296,0.8568720379146919,5.0,1.2853080568720379,13.333333333333336
ST011,SKU0038,1.3726415094339623,0.0,7,6.340108286468424,27.677677188505257,37.286167754542994,0.0,41.17924528301887,27.452830188679247,27.452830188679247,0.0,30.0,27.452830188679247,20.0,10.0,20.0,27.452830188679247,2745.2830188679245,0.0,2745.2830188679245,2745.2830188679245,1.09811320754717,5.0000000000000036,1.6471698113207547,13.333333333333332
ST011,SKU0039,0.36018957345971564,0.0,7,1.6251382247689126,7.094524121591827,9.615851135809837,0.0,10.80568720379147,7.203791469194313,7.203791469194313,0.0,30.0,7.203791469194313,20.0,10.0,20.0,7.203791469194313,720.3791469194313,0.0,720.3791469194313,720.3791469194313,0.28815165876777254,5.0000000000000036,0.43222748815165873,13.333333333333332
ST011,SKU0040,0.7298578199052133,0.0,7,3.0139373834101346,13.157312492979509,18.266317232316002,0.0,21.895734597156398,14.597156398104264,14.597156398104264,0.0,30.0,14.597156398104264,20.0,10.0,20.0,14.597156398104264,1459.7156398104264,0.0,1459.7156398104264,1459.7156398104264,0.5838862559241706,5.0000000000000036,0.8758293838862559,13.333333333333332
ST011,SKU0041,0.38207547169811323,0.0,7,1.5608538901239104,6.813891523189744,9.488419825076537,0.0,11.462264150943398,7.6415094339622645,7.6415094339622645,0.0,30.0,7.6415094339622645,20.0,10.0,20.0,7.6415094339622645,764.1509433962265,0.0,764.1509433962265,764.1509433962265,0.3056603773584906,5.0000000000000036,0.45849056603773586,13.333333333333332
ST011,SKU0042,0.8388625592417062,0.0,7,2.888830152924996,12.611158171497978,18.48319608618992,0.0,25.165876777251185,16.777251184834125,16.777251184834125,0.0,30.0,16.777251184834125,20.0,10.0,20.0,16.777251184834125,1677.7251184834124,0.0,1677.7251184834124,1677.7251184834124,0.671090047393365,5.0,1.0066350710900474,13.333333333333332
ST011,SKU0043,0.36492890995260663,0.0,7,1.4157287773837952,6.180349343643826,8.734851713312072,0.0,10.947867298578199,7.298578199052132,7.298578199052132,0.0,30.0,7.298578199052132,20.0,10.0,20.0,7.298578199052132,729.8578199052132,0.0,729.8578199052132,729.8578199052132,0.2919431279620853,5.0000000000000036,0.43791469194312793,13.333333333333332
ST011,SKU0044,1.4597156398104265,0.0,7,5.609688720223419,24.489038122222336,34.70704760089532,0.0,43.791469194312796,29.19431279620853,29.19431279620853,0.0,30.0,29.19431279620853,20.0,10.0,20.0,29.19431279620853,2919.431279620853,0.0,2919.431279620853,2919.431279620853,1.1677725118483413,5.0000000000000036,1.7516587677725117,13.333333333333332
ST011,SKU0045,0.7440758293838863,0.0,7,2.8268947247286573,12.340779699917494,17.549310505604698,0.0,22.322274881516588,14.881516587677726,14.881516587677726,0.0,30.0,14.881516587677726,20.0,10.0,20.0,14.881516587677726,1488.1516587677727,0.0,1488.1516587677727,1488.1516587677727,0.595260663507109,5.0,0.8928909952606635,13.333333333333332
ST011,SKU0046,0.8113207547169812,0.0,7,3.3446943414699373,14.601228574439768,20.280473857458638,0.0,24.339622641509436,16.22641509433962,16.22641509433962,0.0,30.0,16.22641509433962,19.999999999999996,10.000000000000004,19.999999999999996,16.22641509433962,1622.6415094339623,0.0,1622.6415094339623,1622.6415094339623,0.649056603773585,5.0000000000000036,0.9735849056603774,13.333333333333336
ST011,SKU0047,1.018957345971564,0.0,7,3.410016178299926,14.886390377906014,22.019091799706963,0.0,30.568720379146917,20.379146919431278,20.379146919431278,0.0,30.0,20.379146919431278,20.0,10.0,20.0,20.379146919431278,2037.9146919431278,0.0,2037.9146919431278,2037.9146919431278,0.8151658767772512,5.0,1.2227488151658767,13.333333333333336
ST011,SKU0048,1.4056603773584906,0.0,7,5.192554461603311,22.668042828026056,32.50766546953549,0.0,42.16981132075472,28.11320754716981,28.11320754716981,0.0,30.0,28.11320754716981,20.0,10.0,20.0,28.11320754716981,2811.320754716981,0.0,2811.320754716981,2811.320754716981,1.1245283018867924,5.0,1.6867924528301887,13.333333333333336
ST011,SKU0049,0.7452830188679245,0.0,7,2.801696577252772,12.230777447578301,17.447758579653772,0.0,22.358490566037734,14.90566037735849,14.90566037735849,0.0,30.0,14.90566037735849,20.0,10.0,20.0,14.90566037735849,1490.566037735849,0.0,1490.566037735849,1490.566037735849,0.5962264150943396,5.0,0.8943396226415093,13.333333333333332
ST011,SKU0050,0.8309859154929577,0.0,7,3.495222813205424,15.258359061826843,21.07526047027755,0.0,24.929577464788732,16.619718309859156,16.619718309859156,0.0,30.0,16.619718309859156,20.0,10.0,20.0,16.619718309859156,1661.9718309859156,0.0,1661.9718309859156,1661.9718309859156,0.6647887323943662,5.0,0.9971830985915493,13.333333333333332
ST011,SKU0051,1.3962264150943395,0.0,7,5.431484911752722,23.71109123839056,33.48467614405094,0.0,41.886792452830186,27.92452830188679,27.92452830188679,0.0,30.0,27.92452830188679,20.0,10.0,20.0,27.92452830188679,2792.452830188679,0.0,2792.452830188679,2792.452830188679,1.1169811320754717,5.0,1.6754716981132074,13.333333333333332
ST011,SKU0052,0.8388625592417062,0.0,7,3.301169581349861,14.41122168403985,20.283259598731792,0.0,25.165876777251185,16.777251184834125,16.777251184834125,0.0,30.0,16.777251184834125,20.0,10.0,20.0,16.777251184834125,1677.7251184834124,0.0,1677.7251184834124,1677.7251184834124,0.671090047393365,5.0,1.0066350710900474,13.333333333333332
ST011,SKU0053,1.0330188679245282,0.0,7,4.062759356897645,17.735933976835597,24.967066052307295,0.0,30.990566037735846,20.660377358490564,20.660377358490564,0.0,30.0,20.660377358490564,20.0,10.0,20.0,20.660377358490564,2066.0377358490564,0.0,2066.0377358490564,2066.0377358490564,0.8264150943396227,5.0000000000000036,1.2396226415094338,13.333333333333332
ST011,SKU0054,0.7914691943127962,0.0,7,2.785014870909911,12.157953630973061,17.698237991162635,0.0,23.744075829383885,15.829383886255924,15.829383886255924,0.0,30.0,15.829383886255924,20.0,10.0,20.0,15.829383886255924,1582.9383886255923,0.0,1582.9383886255923,1582.9383886255923,0.633175355450237,5.0,0.9497630331753554,13.333333333333332
ST011,SKU0055,1.3915094339622642,0.0,7,5.861152013391326,25.586798529235292,35.32736456697114,0.0,41.74528301886793,27.830188679245285,27.830188679245285,0.0,30.0,27.830188679245285,20.0,10.0,20.0,27.830188679245285,2783.0188679245284,0.0,2783.0188679245284,2783.0188679245284,1.1132075471698115,5.0000000000000036,1.669811320754717,13.333333333333332
ST011,SKU0056,0.35545023696682465,0.0,7,1.411418118717902,6.161531207796041,8.649682866563813,0.0,10.66350710900474,7.109004739336493,7.109004739336493,0.0,30.0,7.109004739336493,20.0,10.0,20.0,7.109004739336493,710.9004739336493,0.0,710.9004739336493,710.9004739336493,0.2843601895734597,5.0,0.4265402843601896,13.333333333333332
ST011,SKU0057,0.8169014084507042,0.0,7,3.1337023396362014,13.68014517140478,19.39845503055971,0.0,24.507042253521128,16.338028169014084,16.338028169014084,0.0,30.0,16.338028169014084,20.0,10.0,20.0,16.338028169014084,1633.8028169014085,0.0,1633.8028169014085,1633.8028169014085,0.6535211267605634,5.0,0.9802816901408451,13.333333333333336
ST011,SKU0058,0.8632075471698113,0.0,7,2.8625983448144168,12.496643484342716,18.539096314531395,0.0,25.89622641509434,17.264150943396224,17.264150943396224,0.0,30.0,17.264150943396224,19.999999999999996,10.000000000000004,19.999999999999996,17.264150943396224,1726.4150943396223,0.0,1726.4150943396223,1726.4150943396223,0.6905660377358491,5.000000000000007,1.0358490566037735,13.333333333333332
ST011,SKU0059,0.4075829383886256,0.0,7,1.9382710352744024,8.461502169080022,11.314582737800402,0.0,12.227488151658768,8.151658767772512,8.151658767772512,0.0,30.0,8.151658767772512,20.0,10.0,20.0,8.151658767772512,815.1658767772511,0.0,815.1658767772511,815.1658767772511,0.3260663507109005,5.0000000000000036,0.48909952606635065,13.333333333333332
ST011,SKU0060,1.4103773584905661,0.0,7,4.616730942589375,20.1542912079107,30.026932717344664,0.0,42.31132075471698,28.20754716981132,28.20754716981132,0.0,30.0,28.20754716981132,20.0,10.0,20.0,28.20754716981132,2820.754716981132,0.0,2820.754716981132,2820.754716981132,1.128301886792453,5.0000000000000036,1.6924528301886792,13.333333333333332
ST011,SKU0061,1.1179245283018868,0.0,7,3.8785177500438213,16.93162914657345,24.757100844686658,0.0,33.5377358490566,22.358490566037737,22.358490566037737,0.0,30.0,22.358490566037737,20.0,10.0,20.0,22.358490566037737,2235.8490566037735,0.0,2235.8490566037735,2235.8490566037735,0.8943396226415095,5.0,1.3415094339622642,13.333333333333332
ST011,SKU0062,1.400943396226415,0.0,7,5.375439940695321,23.466427496561955,33.27303127014686,0.0,42.02830188679245,28.0188679245283,28.0188679245283,0.0,30.0,28.0188679245283,20.0,10.0,20.0,28.0188679245283,2801.88679245283,0.0,2801.88679245283,2801.88679245283,1.120754716981132,5.0,1.681132075471698,13.333333333333332
ST011,SKU0063,0.45754716981132076,0.0,7,1.766751811825619,7.712736772064565,10.91556696074381,0.0,13.726415094339623,9.150943396226415,9.150943396226415,0.0,30.0,9.150943396226415,20.0,10.0,20.0,9.150943396226415,915.0943396226415,0.0,915.0943396226415,915.0943396226415,0.36603773584905663,5.0000000000000036,0.5490566037735849,13.333333333333332
ST011,SKU0064,0.42924528301886794,0.0,7,2.0305004627245373,8.864128781261659,11.868845762393734,0.0,12.877358490566039,8.584905660377359,8.584905660377359,0.0,30.0,8.584905660377359,20.0,10.0,20.0,8.584905660377359,858.4905660377359,0.0,858.4905660377359,858.4905660377359,0.3433962264150944,5.0,0.5150943396226415,13.333333333333332
ST011,SKU0065,0.38207547169811323,0.0,7,1.6835584729131883,7.349557110990546,10.024085412877339,0.0,11.462264150943398,7.6415094339622645,7.6415094339622645,0.0,30.0,7.6415094339622645,20.0,10.0,20.0,7.6415094339622645,764.1509433962265,0.0,764.1509433962265,764.1509433962265,0.3056603773584906,5.0000000000000036,0.45849056603773586,13.333333333333332
ST011,SKU0066,0.909952606635071,0.0,7,3.2317539830975655,14.108188607400685,20.477856853846184,0.0,27.29857819905213,18.19905213270142,18.19905213270142,0.0,30.0,18.19905213270142,20.0,10.0,20.0,18.19905213270142,1819.9052132701422,0.0,1819.9052132701422,1819.9052132701422,0.7279620853080568,5.0,1.0919431279620853,13.333333333333332
ST011,SKU0067,0.8301886792452831,0.0,7,3.5558421273129683,15.522992050957031,21.334312805674013,0.0,24.90566037735849,16.60377358490566,16.60377358490566,0.0,30.0,16.60377358490566,20.0,10.0,20.0,16.60377358490566,1660.377358490566,0.0,1660.377358490566,1660.377358490566,0.6641509433962265,5.0000000000000036,0.9962264150943396,13.333333333333332
ST011,SKU0068,0.8341232227488151,0.0,7,2.91400094191916,12.721040990668014,18.55990354990972,0.0,25.023696682464454,16.6824644549763,16.6824644549763,0.0,30.0,16.6824644549763,20.0,10.0,20.0,16.6824644549763,1668.2464454976302,0.0,1668.2464454976302,1668.2464454976302,0.6672985781990521,5.0000000000000036,1.000947867298578,13.333333333333332
ST011,SKU0069,1.3962264150943395,0.0,7,5.703045241716214,24.896585051796723,34.6701699574571,0.0,41.886792452830186,27.92452830188679,27.92452830188679,0.0,30.0,27.92452830188679,20.0,10.0,20.0,27.92452830188679,2792.452830188679,0.0,2792.452830188679,2792.452830188679,1.1169811320754717,5.0,1.6754716981132074,13.333333333333332
ST011,SKU0070,0.39906103286384975,0.0,7,1.8721894812770932,8.17302382817284,10.966451058219787,0.0,11.971830985915492,7.981220657276995,7.981220657276995,0.0,30.0,7.981220657276995,20.0,10.0,20.0,7.981220657276995,798.1220657276995,0.0,798.1220657276995,798.1220657276995,0.3192488262910798,5.0,0.4788732394366197,13.333333333333332
ST011,SKU0071,1.4056603773584906,0.0,7,5.289313740571184,23.090444460184468,32.9300671016939,0.0,42.16981132075472,28.11320754716981,28.11320754716981,0.0,30.0,28.11320754716981,20.0,10.0,20.0,28.11320754716981,2811.320754716981,0.0,2811.320754716981,2811.320754716981,1.1245283018867924,5.0,1.6867924528301887,13.333333333333336
ST011,SKU0072,0.8293838862559242,0.0,7,2.945422453251835,12.858211273594707,18.663898477386176,0.0,24.881516587677726,16.587677725118482,16.587677725118482,0.0,30.0,16.587677725118482,19.999999999999996,10.000000000000004,19.999999999999996,16.587677725118482,1658.7677725118483,0.0,1658.7677725118483,1658.7677725118483,0.6635071090047394,5.0000000000000036,0.995260663507109,13.333333333333336
ST011,SKU0073,1.1895734597156398,0.0,7,4.684532329969596,20.450277463673505,28.777291681682982,0.0,35.687203791469194,23.791469194312796,23.791469194312796,0.0,30.0,23.791469194312796,20.0,10.0,20.0,23.791469194312796,2379.1469194312795,0.0,2379.1469194312795,2379.1469194312795,0.9516587677725119,5.0,1.4274881516587676,13.333333333333332
ST011,SKU0074,1.4123222748815165,0.0,7,5.45855726712668,23.829275325935576,33.715531250106196,0.0,42.36966824644549,28.24644549763033,28.24644549763033,0.0,30.0,28.24644549763033,20.0,10.0,20.0,28.24644549763033,2824.644549763033,0.0,2824.644549763033,2824.644549763033,1.1298578199052132,5.0,1.6947867298578199,13.333333333333336
ST011,SKU0075,0.8436018957345972,0.0,7,4.026009996060286,17.57550502196882,23.480718292111,0.0,25.308056872037916,16.872037914691944,16.872037914691944,0.0,30.0,16.872037914691944,20.0,10.0,20.0,16.872037914691944,1687.2037914691944,0.0,1687.2037914691944,1687.2037914691944,0.6748815165876778,5.0,1.0123222748815166,13.333333333333332
ST011,SKU0076,0.37735849056603776,0.0,7,1.5665510170067591,6.838762271707081,9.480271705669345,0.0,11.320754716981133,7.547169811320755,7.547169811320755,0.0,30.0,7.547169811320755,20.0,10.0,20.0,7.547169811320755,754.7169811320755,0.0,754.7169811320755,754.7169811320755,0.30188679245283023,5.0000000000000036,0.4528301886792453,13.333333333333332
ST011,SKU0077,1.4786729857819905,0.0,7,6.057916516126809,26.445771932022865,36.7964828324968,0.0,44.360189573459714,29.57345971563981,29.57345971563981,0.0,30.0,29.57345971563981,20.0,10.0,20.0,29.57345971563981,2957.345971563981,0.0,2957.345971563981,2957.345971563981,1.1829383886255924,5.0,1.7744075829383885,13.333333333333332
ST011,SKU0078,1.061611374407583,0.0,7,3.869415516421976,16.891893439784734,24.323173060637814,0.0,31.84834123222749,21.23222748815166,21.23222748815166,0.0,30.0,21.23222748815166,20.0,10.0,20.0,21.23222748815166,2123.222748815166,0.0,2123.222748815166,2123.222748815166,0.8492890995260665,5.0,1.2739336492890996,13.333333333333332
ST011,SKU0079,0.3933649289099526,0.0,7,1.5249523191616658,6.657163586259394,9.410718088629062,0.0,11.800947867298579,7.867298578199052,7.867298578199052,0.0,30.0,7.867298578199052,20.0,10.0,20.0,7.867298578199052,786.7298578199052,0.0,786.7298578199052,786.7298578199052,0.3146919431279621,5.0000000000000036,0.4720379146919431,13.333333333333332
ST011,SKU0080,0.7793427230046949,0.0,7,3.3943829210926935,14.818143555164811,20.273542616197673,0.0,23.380281690140848,15.586854460093898,15.586854460093898,0.0,30.0,15.586854460093898,20.0,10.0,20.0,15.586854460093898,1558.6854460093898,0.0,1558.6854460093898,1558.6854460093898,0.623474178403756,5.0000000000000036,0.9352112676056338,13.333333333333332
ST011,SKU0081,0.4056603773584906,0.0,7,1.7727708885939826,7.739012989479203,10.578635630988638,0.0,12.169811320754718,8.11320754716981,8.11320754716981,0.0,30.0,8.11320754716981,19.999999999999996,10.000000000000004,19.999999999999996,8.11320754716981,811.3207547169811,0.0,811.3207547169811,811.3207547169811,0.3245283018867925,5.0000000000000036,0.4867924528301887,13.333333333333336
ST011,SKU0082,1.4549763033175356,0.0,7,5.483447939842191,23.93793530038664,34.12276942360939,0.0,43.649289099526065,29.099526066350712,29.099526066350712,0.0,30.0,29.099526066350712,20.0,10.0,20.0,29.099526066350712,2909.9526066350713,0.0,2909.9526066350713,2909.9526066350713,1.1639810426540285,5.0,1.7459715639810427,13.333333333333332
ST011,SKU0083,0.3791469194312796,0.0,7,1.3195746905826056,5.760589671633357,8.414618107652315,0.0,11.374407582938387,7.582938388625592,7.582938388625592,0.0,30.0,7.582938388625592,20.0,10.0,20.0,7.582938388625592,758.2938388625591,0.0,758.2938388625591,758.2938388625591,0.3033175355450237,5.0000000000000036,0.45497630331753547,13.333333333333332
ST011,SKU0084,0.3443396226415094,0.0,7,1.2503330505070958,5.458316007616787,7.868693366107353,0.0,10.330188679245282,6.886792452830188,6.886792452830188,0.0,30.0,6.886792452830188,20.0,10.0,20.0,6.886792452830188,688.6792452830189,0.0,688.6792452830189,688.6792452830189,0.27547169811320754,5.0,0.4132075471698113,13.333333333333332
ST011,SKU0085,1.4644549763033174,0.0,7,5.91868848580586,25.837973404821188,36.08915823894441,0.0,43.93364928909952,29.289099526066348,29.289099526066348,0.0,30.0,29.289099526066348,20.0,10.0,20.0,29.289099526066348,2928.9099526066348,0.0,2928.9099526066348,2928.9099526066348,1.171563981042654,5.0,1.757345971563981,13.333333333333336
ST011,SKU0086,0.4218009478672986,0.0,7,1.7202709028630327,7.509824844449624,10.462431479520713,0.0,12.654028436018958,8.436018957345972,8.436018957345972,0.0,30.0,8.436018957345972,20.0,10.0,20.0,8.436018957345972,843.6018957345972,0.0,843.6018957345972,843.6018957345972,0.3374407582938389,5.0,0.5061611374407583,13.333333333333332
ST011,SKU0087,0.3175355450236967,0.0,7,1.1906883133065602,5.197937523900194,7.420686339066071,0.0,9.5260663507109,6.350710900473934,6.350710900473934,0.0,30.0,6.350710900473934,20.0,10.0,20.0,6.350710900473934,635.0710900473933,0.0,635.0710900473933,635.0710900473933,0.25402843601895736,5.0,0.381042654028436,13.333333333333332
ST011,SKU0088,1.09478672985782,0.0,7,4.445492240891109,19.40675042569744,27.07025753470218,0.0,32.8436018957346,21.895734597156398,21.895734597156398,0.0,30.0,21.895734597156398,20.0,10.0,20.0,21.895734597156398,2189.5734597156397,0.0,2189.5734597156397,2189.5734597156397,0.8758293838862561,5.0000000000000036,1.313744075829384,13.333333333333332
ST011,SKU0089,0.7914691943127962,0.0,7,3.2767758867737284,14.304731262519107,19.84501562270868,0.0,23.744075829383885,15.829383886255924,15.829383886255924,0.0,30.0,15.829383886255924,20.0,10.0,20.0,15.829383886255924,1582.9383886255923,0.0,1582.9383886255923,1582.9383886255923,0.633175355450237,5.0,0.9497630331753554,13.333333333333332
ST011,SKU0090,0.7783018867924528,0.0,7,2.9663038010605036,12.949368581608315,18.397481789155485,0.0,23.349056603773583,15.566037735849056,15.566037735849056,0.0,30.0,15.566037735849056,20.0,10.0,20.0,15.566037735849056,1556.6037735849056,0.0,1556.6037735849056,1556.6037735849056,0.6226415094339623,5.0000000000000036,0.9339622641509433,13.333333333333332
ST012,SKU0001,0.2890995260663507,0.0,7,1.1241185518524377,4.907327918386766,6.931024600851221,0.0,8.672985781990521,5.781990521327014,5.781990521327014,0.0,30.0,5.781990521327014,20.0,10.0,20.0,5.781990521327014,578.1990521327014,0.0,578.1990521327014,578.1990521327014,0.23127962085308057,5.0,0.3469194312796208,13.333333333333332
ST012,SKU0002,0.23222748815165878,0.0,7,0.9749746103667781,4.256241583493776,5.881834000555387,0.0,6.966824644549764,4.644549763033176,4.644549763033176,0.0,30.0,4.644549763033176,20.0,10.0,20.0,4.644549763033176,464.4549763033176,0.0,464.4549763033176,464.4549763033176,0.18578199052132705,5.0000000000000036,0.2786729857819905,13.333333333333332
ST012,SKU0003,0.6350710900473934,0.0,7,2.541934465767258,11.096788634982587,15.542286265314342,0.0,19.0521327014218,12.701421800947868,12.701421800947868,0.0,30.0,12.701421800947868,20.0,10.0,20.0,12.701421800947868,1270.1421800947867,0.0,1270.1421800947867,1270.1421800947867,0.5080568720379147,5.0,0.762085308056872,13.333333333333332
ST012,SKU0004,0.660377358490566,0.0,7,2.826371386137343,12.338495070706726,16.96113658014069,0.0,19.81132075471698,13.20754716981132,13.20754716981132,0.0,30.0,13.20754716981132,20.0,10.0,20.0,13.20754716981132,1320.754716981132,0.0,1320.754716981132,1320.754716981132,0.5283018867924528,5.0,0.7924528301886792,13.333333333333332
ST012,SKU0005,0.5639810426540285,0.0,7,2.497509479389199,10.902851816158856,14.850719114737055,0.0,16.919431279620856,11.27962085308057,11.27962085308057,0.0,30.0,11.27962085308057,20.0,10.0,20.0,11.27962085308057,1127.9620853080569,0.0,1127.9620853080569,1127.9620853080569,0.4511848341232228,5.0,0.6767772511848341,13.333333333333332
ST012,SKU0006,0.7677725118483413,0.0,7,3.206853414827872,13.999485434010122,19.37389301694851,0.0,23.03317535545024,15.355450236966826,15.355450236966826,0.0,30.0,15.355450236966826,20.0,10.0,20.0,15.355450236966826,1535.5450236966826,0.0,1535.5450236966826,1535.5450236966826,0.6142180094786731,5.0000000000000036,0.9213270142180094,13.333333333333332
ST012,SKU0007,0.7652582159624414,0.0,7,2.8186231340300285,12.30467015622394,17.66147766796103,0.0,22.95774647887324,15.305164319248828,15.305164319248828,0.0,30.0,15.305164319248828,20.0,10.0,20.0,15.305164319248828,1530.5164319248827,0.0,1530.5164319248827,1530.5164319248827,0.6122065727699532,5.0000000000000036,0.9183098591549296,13.333333333333332
ST012,SKU0008,0.5781990521327014,0.0,7,2.3026482844964264,10.052187284084633,14.099580649013543,0.0,17.345971563981042,11.563981042654028,11.563981042654028,0.0,30.0,11.563981042654028,20.0,10.0,20.0,11.563981042654028,1156.3981042654027,0.0,1156.3981042654027,1156.3981042654027,0.46255924170616114,5.0,0.6938388625592417,13.333333333333332
ST012,SKU0009,0.24882629107981222,0.0,7,1.148855473472691,5.01531669402077,6.757100731579456,0.0,7.464788732394367,4.976525821596244,4.976525821596244,0.0,30.0,4.976525821596244,20.0,10.0,20.0,4.976525821596244,497.6525821596244,0.0,497.6525821596244,497.6525821596244,0.1990610328638498,5.0000000000000036,0.29859154929577464,13.333333333333332
ST012,SKU0010,0.27014218009478674,0.0,7,1.0592043189169722,4.623945505508762,6.514940766172269,0.0,8.104265402843602,5.402843601895735,5.402843601895735,0.0,30.0,5.402843601895735,20.0,10.0,20.0,5.402843601895735,540.2843601895735,0.0,540.2843601895735,540.2843601895735,0.2161137440758294,5.0,0.3241706161137441,13.333333333333332
ST012,SKU0011,0.5402843601895735,0.0,7,1.9547348899998693,8.533374956701406,12.31536547802842,0.0,16.208530805687204,10.80568720379147,10.80568720379147,0.0,30.0,10.80568720379147,20.0,10.0,20.0,10.80568720379147,1080.568720379147,0.0,1080.568720379147,1080.568720379147,0.4322274881516588,5.0,0.6483412322274882,13.333333333333332
ST012,SKU0012,0.8483412322274881,0.0,7,3.2478175231928406,14.178313825641915,20.11670245123433,0.0,25.450236966824644,16.966824644549764,16.966824644549764,0.0,30.0,16.966824644549764,20.0,10.0,20.0,16.966824644549764,1696.6824644549763,0.0,1696.6824644549763,1696.6824644549763,0.6786729857819905,5.0,1.0180094786729856,13.333333333333329
ST012,SKU0013,0.5781990521327014,0.0,7,2.3191333722502496,10.124152764271827,14.171546129200737,0.0,17.345971563981042,11.563981042654028,11.563981042654028,0.0,30.0,11.563981042654028,20.0,10.0,20.0,11.563981042654028,1156.3981042654027,0.0,1156.3981042654027,1156.3981042654027,0.46255924170616114,5.0,0.6938388625592417,13.333333333333332
ST012,SKU0014,0.7345971563981043,0.0,7,2.506313400345971,10.941285242091775,16.083465336878504,0.0,22.03791469194313,14.691943127962086,14.691943127962086,0.0,30.0,14.691943127962086,20.0,10.0,20.0,14.691943127962086,1469.1943127962086,0.0,1469.1943127962086,1469.1943127962086,0.5876777251184835,5.0000000000000036,0.8815165876777251,13.333333333333332
ST012,SKU0015,0.5943396226415094,0.0,7,2.6672608804706295,11.643899802903164,15.80427716139373,0.0,17.830188679245282,11.88679245283019,11.88679245283019,0.0,30.0,11.88679245283019,20.0,10.0,20.0,11.88679245283019,1188.6792452830189,0.0,1188.6792452830189,1188.6792452830189,0.47547169811320755,5.0,0.7132075471698113,13.333333333333332
ST012,SKU0016,0.6635071090047393,0.0,7,3.1313385276825656,13.669825974755302,18.314375737788477,0.0,19.90521327014218,13.270142180094787,13.270142180094787,0.0,30.0,13.270142180094787,20.0,10.0,20.0,13.270142180094787,1327.0142180094788,0.0,1327.0142180094788,1327.0142180094788,0.5308056872037915,5.0,0.7962085308056871,13.333333333333332
ST012,SKU0017,0.6066350710900474,0.0,7,2.104813882622036,9.188543247665434,13.434988745295765,0.0,18.199052132701425,12.132701421800949,12.132701421800949,0.0,30.0,12.132701421800949,20.0,10.0,20.0,12.132701421800949,1213.2701421800948,0.0,1213.2701421800948,1213.2701421800948,0.485308056872038,5.0,0.727962085308057,13.333333333333332
ST012,SKU0018,0.25,0.0,7,0.9582517651941116,4.18323817575226,5.93323817575226,0.0,7.5,5.0,5.0,0.0,30.0,5.0,20.0,10.0,20.0,5.0,500.0,0.0,500.0,500.0,0.2,5.0,0.3,13.333333333333332
ST012,SKU0019,1.009433962264151,0.0,7,4.0435901719920455,17.652251098277148,24.718288834126206,0.0,30.283018867924532,20.18867924528302,20.18867924528302,0.0,30.0,20.18867924528302,20.0,10.0,20.0,20.18867924528302,2018.867924528302,0.0,2018.867924528302,2018.867924528302,0.8075471698113209,5.0000000000000036,1.2113207547169813,13.333333333333336
ST012,SKU0020,0.5876777251184834,0.0,7,2.7282717031337844,11.910241918585944,16.023985994415327,0.0,17.6303317535545,11.753554502369667,11.753554502369667,0.0,30.0,11.753554502369667,20.0,10.0,20.0,11.753554502369667,1175.3554502369666,0.0,1175.3554502369666,1175.3554502369666,0.4701421800947867,5.0,0.70521327014218,13.333333333333336
ST012,SKU0021,0.7699530516431925,0.0,7,3.313585314926248,14.465422440629316,19.855093802131663,0.0,23.098591549295776,15.39906103286385,15.39906103286385,0.0,30.0,15.39906103286385,20.0,10.0,20.0,15.39906103286385,1539.906103286385,0.0,1539.906103286385,1539.906103286385,0.615962441314554,5.0,0.923943661971831,13.333333333333332
ST012,SKU0022,0.6587677725118484,0.0,7,2.7493993106900843,12.002474270982315,16.613848678565255,0.0,19.763033175355453,13.175355450236967,13.175355450236967,0.0,30.0,13.175355450236967,20.0,10.0,20.0,13.175355450236967,1317.5355450236968,0.0,1317.5355450236968,1317.5355450236968,0.5270142180094787,5.0,0.7905213270142181,13.333333333333332
ST012,SKU0023,0.7641509433962265,0.0,7,2.6414554611826104,11.531246511745312,16.8803031155189,0.0,22.924528301886795,15.283018867924529,15.283018867924529,0.0,30.0,15.283018867924529,20.0,10.0,20.0,15.283018867924529,1528.301886792453,0.0,1528.301886792453,1528.301886792453,0.6113207547169812,5.0000000000000036,0.9169811320754717,13.333333333333332
ST012,SKU0024,0.5592417061611374,0.0,7,2.2928558597698396,10.0094385551625,13.924130498290463,0.0,16.777251184834125,11.18483412322275,11.18483412322275,0.0,30.0,11.18483412322275,20.0,10.0,20.0,11.18483412322275,1118.483412322275,0.0,1118.483412322275,1118.483412322275,0.44739336492890996,5.0,0.6710900473933649,13.333333333333329
ST012,SKU0025,0.5592417061611374,0.0,7,2.142550192414222,9.353280717992671,13.267972661120634,0.0,16.777251184834125,11.18483412322275,11.18483412322275,0.0,30.0,11.18483412322275,20.0,10.0,20.0,11.18483412322275,1118.483412322275,0.0,1118.483412322275,1118.483412322275,0.44739336492890996,5.0,0.6710900473933649,13.333333333333329
ST012,SKU0026,0.25118483412322273,0.0,7,1.2104450259767099,5.284185248841663,7.042479087704222,0.0,7.535545023696682,5.023696682464455,5.023696682464455,0.0,30.0,5.023696682464455,20.0,10.0,20.0,5.023696682464455,502.3696682464455,0.0,502.3696682464455,502.3696682464455,0.2009478672985782,5.0,0.30142180094786725,13.333333333333332
ST012,SKU0027,0.24644549763033174,0.0,7,1.0262851040877914,4.480237013449451,6.205355496861774,0.0,7.393364928909953,4.9289099526066344,4.9289099526066344,0.0,30.0,4.9289099526066344,19.999999999999996,10.000000000000004,19.999999999999996,4.9289099526066344,492.89099526066343,0.0,492.89099526066343,492.89099526066343,0.1971563981042654,5.0000000000000036,0.2957345971563981,13.333333333333336
ST012,SKU0028,0.3175355450236967,0.0,7,1.3411528773399408,5.854789022874324,8.0775378380402,0.0,9.5260663507109,6.350710900473934,6.350710900473934,0.0,30.0,6.350710900473934,20.0,10.0,20.0,6.350710900473934,635.0710900473933,0.0,635.0710900473933,635.0710900473933,0.25402843601895736,5.0,0.381042654028436,13.333333333333332
ST012,SKU0029,0.6303317535545023,0.0,7,2.530919159945133,11.048701431278491,15.461023706160008,0.0,18.90995260663507,12.606635071090047,12.606635071090047,0.0,30.0,12.606635071090047,20.0,10.0,20.0,12.606635071090047,1260.6635071090047,0.0,1260.6635071090047,1260.6635071090047,0.5042654028436019,5.0,0.7563981042654028,13.333333333333332
ST012,SKU0030,0.25118483412322273,0.0,7,0.9992549695873881,4.362237240691505,6.120531079554064,0.0,7.535545023696682,5.023696682464455,5.023696682464455,0.0,30.0,5.023696682464455,20.0,10.0,20.0,5.023696682464455,502.3696682464455,0.0,502.3696682464455,502.3696682464455,0.2009478672985782,5.0,0.30142180094786725,13.333333333333332
ST012,SKU0031,0.5971563981042654,0.0,7,2.1786390398364173,9.510826208373107,13.690920995102964,0.0,17.91469194312796,11.943127962085306,11.943127962085306,0.0,30.0,11.943127962085306,20.0,10.0,20.0,11.943127962085306,1194.3127962085307,0.0,1194.3127962085307,1194.3127962085307,0.4777251184834123,5.0000000000000036,0.7165876777251184,13.333333333333336
ST012,SKU0032,0.6226415094339622,0.0,7,2.211357285974134,9.653657373687196,14.012147939724931,0.0,18.67924528301887,12.452830188679245,12.452830188679245,0.0,30.0,12.452830188679245,20.0,10.0,20.0,12.452830188679245,1245.2830188679245,0.0,1245.2830188679245,1245.2830188679245,0.4981132075471698,5.0,0.7471698113207547,13.333333333333332
ST012,SKU0033,0.9716981132075472,0.0,7,3.9257505628722975,17.137823502742695,23.939710295195525,0.0,29.150943396226417,19.433962264150942,19.433962264150942,0.0,30.0,19.433962264150942,20.0,10.0,20.0,19.433962264150942,1943.3962264150941,0.0,1943.3962264150941,1943.3962264150941,0.7773584905660378,5.0000000000000036,1.1660377358490566,13.333333333333332
ST012,SKU0034,0.28773584905660377,0.0,7,1.3015632474987762,5.681960903030566,7.696111846426792,0.0,8.632075471698112,5.754716981132075,5.754716981132075,0.0,30.0,5.754716981132075,20.0,10.0,20.0,5.754716981132075,575.4716981132075,0.0,575.4716981132075,575.4716981132075,0.23018867924528302,5.0,0.3452830188679245,13.333333333333332
ST012,SKU0035,0.25943396226415094,0.0,7,1.103057216605966,4.815384877073913,6.63142261292297,0.0,7.783018867924528,5.188679245283019,5.188679245283019,0.0,30.0,5.188679245283019,20.0,10.0,20.0,5.188679245283019,518.867924528302,0.0,518.867924528302,518.867924528302,0.20754716981132076,5.0,0.3113207547169811,13.333333333333332
ST012,SKU0036,1.0188679245283019,0.0,7,3.6957286273127252,16.13366512073511,23.26574059243322,0.0,30.566037735849058,20.37735849056604,20.37735849056604,0.0,30.0,20.37735849056604,20.0,10.0,20.0,20.37735849056604,2037.735849056604,0.0,2037.735849056604,2037.735849056604,0.8150943396226416,5.0,1.2226415094339622,13.333333333333332
ST012,SKU0037,0.7440758293838863,0.0,7,3.087748520776239,13.47953425018445,18.688065055871654,0.0,22.322274881516588,14.881516587677726,14.881516587677726,0.0,30.0,14.881516587677726,20.0,10.0,20.0,14.881516587677726,1488.1516587677727,0.0,1488.1516587677727,1488.1516587677727,0.595260663507109,5.0,0.8928909952606635,13.333333333333332
ST012,SKU0038,1.0754716981132075,0.0,7,4.14934041057095,18.113902671680275,25.642204558472727,0.0,32.264150943396224,21.50943396226415,21.50943396226415,0.0,30.0,21.50943396226415,20.0,10.0,20.0,21.50943396226415,2150.943396226415,0.0,2150.943396226415,2150.943396226415,0.8603773584905661,5.0,1.290566037735849,13.333333333333332
ST012,SKU0039,0.25118483412322273,0.0,7,1.0040091153813802,4.382991415012793,6.141285253875352,0.0,7.535545023696682,5.023696682464455,5.023696682464455,0.0,30.0,5.023696682464455,20.0,10.0,20.0,5.023696682464455,502.3696682464455,0.0,502.3696682464455,502.3696682464455,0.2009478672985782,5.0,0.30142180094786725,13.333333333333332
ST012,SKU0040,0.5687203791469194,0.0,7,2.2443087327964752,9.797506574179474,13.77854922820791,0.0,17.061611374407583,11.374407582938389,11.374407582938389,0.0,30.0,11.374407582938389,20.0,10.0,20.0,11.374407582938389,1137.4407582938388,0.0,1137.4407582938388,1137.4407582938388,0.4549763033175356,5.0,0.6824644549763033,13.333333333333332
ST012,SKU0041,0.28773584905660377,0.0,7,1.1173939577909873,4.877971772521908,6.892122715918134,0.0,8.632075471698112,5.754716981132075,5.754716981132075,0.0,30.0,5.754716981132075,20.0,10.0,20.0,5.754716981132075,575.4716981132075,0.0,575.4716981132075,575.4716981132075,0.23018867924528302,5.0,0.3452830188679245,13.333333333333332
ST012,SKU0042,0.6462264150943396,0.0,7,2.511081582956988,10.962100693992687,15.485685599653063,0.0,19.38679245283019,12.924528301886793,12.924528301886793,0.0,30.0,12.924528301886793,20.0,10.0,20.0,12.924528301886793,1292.4528301886794,0.0,1292.4528301886794,1292.4528301886794,0.5169811320754717,4.9999999999999964,0.7754716981132076,13.333333333333332
ST012,SKU0043,0.7452830188679245,0.0,7,1.878091805390064,8.198790363077203,13.415771495152674,0.0,22.358490566037734,14.90566037735849,14.90566037735849,0.0,30.0,14.90566037735849,20.0,10.0,20.0,14.90566037735849,1490.566037735849,0.0,1490.566037735849,1490.566037735849,0.5962264150943396,5.0,0.8943396226415093,13.333333333333332
ST012,SKU0044,1.04739336492891,0.0,7,4.206302565001324,18.362570368042896,25.694323922545266,0.0,31.4218009478673,20.9478672985782,20.9478672985782,0.0,30.0,20.9478672985782,20.0,10.0,20.0,20.9478672985782,2094.78672985782,0.0,2094.78672985782,2094.78672985782,0.8379146919431281,5.0000000000000036,1.256872037914692,13.333333333333336
ST012,SKU0045,0.5402843601895735,0.0,7,2.0568209206702006,8.979030468355631,12.761020989682645,0.0,16.208530805687204,10.80568720379147,10.80568720379147,0.0,30.0,10.80568720379147,20.0,10.0,20.0,10.80568720379147,1080.568720379147,0.0,1080.568720379147,1080.568720379147,0.4322274881516588,5.0,0.6483412322274882,13.333333333333332
ST012,SKU0046,0.5639810426540285,0.0,7,2.2338161410509727,9.751701273373712,13.699568571951911,0.0,16.919431279620856,11.27962085308057,11.27962085308057,0.0,30.0,11.27962085308057,20.0,10.0,20.0,11.27962085308057,1127.9620853080569,0.0,1127.9620853080569,1127.9620853080569,0.4511848341232228,5.0,0.6767772511848341,13.333333333333332
ST012,SKU0047,0.7440758293838863,0.0,7,3.1260656048219926,13.64680708451232,18.85533789019952,0.0,22.322274881516588,14.881516587677726,14.881516587677726,0.0,30.0,14.881516587677726,20.0,10.0,20.0,14.881516587677726,1488.1516587677727,0.0,1488.1516587677727,1488.1516587677727,0.595260663507109,5.0,0.8928909952606635,13.333333333333332
ST012,SKU0048,1.018957345971564,0.0,7,3.7045173007431518,16.172031983749374,23.304733405550323,0.0,30.568720379146917,20.379146919431278,20.379146919431278,0.0,30.0,20.379146919431278,20.0,10.0,20.0,20.379146919431278,2037.9146919431278,0.0,2037.9146919431278,2037.9146919431278,0.8151658767772512,5.0,1.2227488151658767,13.333333333333336
ST012,SKU0049,0.5260663507109005,0.0,7,2.234583837968483,9.755052646331615,13.437517101307918,0.0,15.781990521327014,10.52132701421801,10.52132701421801,0.0,30.0,10.52132701421801,20.0,10.0,20.0,10.52132701421801,1052.132701421801,0.0,1052.132701421801,1052.132701421801,0.4208530805687204,5.0,0.6312796208530805,13.333333333333332
ST012,SKU0050,0.5924170616113744,0.0,7,2.7368280800074087,11.94759469338268,16.0945141246623,0.0,17.77251184834123,11.848341232227488,11.848341232227488,0.0,30.0,11.848341232227488,20.0,10.0,20.0,11.848341232227488,1184.8341232227488,0.0,1184.8341232227488,1184.8341232227488,0.47393364928909953,5.0,0.7109004739336493,13.333333333333332
ST012,SKU0051,1.0469483568075117,0.0,7,4.237929872686777,18.50063905282038,25.82927755047296,0.0,31.408450704225352,20.938967136150236,20.938967136150236,0.0,30.0,20.938967136150236,20.0,10.0,20.0,20.938967136150236,2093.8967136150236,0.0,2093.8967136150236,2093.8967136150236,0.8375586854460094,5.0,1.256338028169014,13.333333333333332
ST012,SKU0052,0.8056872037914692,0.0,7,2.156974485306688,9.416249819514517,15.056060246054802,0.0,24.170616113744074,16.113744075829384,16.113744075829384,0.0,30.0,16.113744075829384,20.0,10.0,20.0,16.113744075829384,1611.3744075829384,0.0,1611.3744075829384,1611.3744075829384,0.6445497630331753,5.0,0.966824644549763,13.333333333333332
ST012,SKU0053,0.8104265402843602,0.0,7,3.2370011559873886,14.131095086412527,19.804080868403048,0.0,24.312796208530806,16.208530805687204,16.208530805687204,0.0,30.0,16.208530805687204,20.0,10.0,20.0,16.208530805687204,1620.8530805687203,0.0,1620.8530805687203,1620.8530805687203,0.6483412322274882,5.0,0.9725118483412323,13.333333333333336
ST012,SKU0054,0.5330188679245284,0.0,7,2.193018724864062,9.573600574722176,13.304732650193875,0.0,15.990566037735851,10.660377358490567,10.660377358490567,0.0,30.0,10.660377358490567,20.0,10.0,20.0,10.660377358490567,1066.0377358490568,0.0,1066.0377358490568,1066.0377358490568,0.4264150943396227,5.0,0.639622641509434,13.333333333333332
ST012,SKU0055,1.0845070422535212,0.0,7,5.338750681202023,23.30626091349143,30.897810209266076,0.0,32.53521126760564,21.690140845070424,21.690140845070424,0.0,30.0,21.690140845070424,20.0,10.0,20.0,21.690140845070424,2169.0140845070423,0.0,2169.0140845070423,2169.0140845070423,0.8676056338028171,5.0000000000000036,1.3014084507042254,13.333333333333332
ST012,SKU0056,0.25118483412322273,0.0,7,1.186606212594937,5.180117155439231,6.93841099430179,0.0,7.535545023696682,5.023696682464455,5.023696682464455,0.0,30.0,5.023696682464455,20.0,10.0,20.0,5.023696682464455,502.3696682464455,0.0,502.3696682464455,502.3696682464455,0.2009478672985782,5.0,0.30142180094786725,13.333333333333332
ST012,SKU0057,0.5687203791469194,0.0,7,2.252779821953703,9.834487026331876,13.815529680360312,0.0,17.061611374407583,11.374407582938389,11.374407582938389,0.0,30.0,11.374407582938389,20.0,10.0,20.0,11.374407582938389,1137.4407582938388,0.0,1137.4407582938388,1137.4407582938388,0.4549763033175356,5.0,0.6824644549763033,13.333333333333332
ST012,SKU0058,0.6255924170616114,0.0,7,2.6667456544383894,11.641650588985177,16.020797508416457,0.0,18.767772511848342,12.511848341232227,12.511848341232227,0.0,30.0,12.511848341232227,20.0,10.0,20.0,12.511848341232227,1251.1848341232228,0.0,1251.1848341232228,1251.1848341232228,0.5004739336492892,5.0000000000000036,0.7507109004739336,13.333333333333332
ST012,SKU0059,0.27488151658767773,0.0,7,1.3417417110711602,5.857359570441339,7.781530186555083,0.0,8.246445497630331,5.497630331753554,5.497630331753554,0.0,30.0,5.497630331753554,20.0,10.0,20.0,5.497630331753554,549.7630331753554,0.0,549.7630331753554,549.7630331753554,0.2199052132701422,5.0000000000000036,0.3298578199052133,13.333333333333336
ST012,SKU0060,1.04739336492891,0.0,7,3.7400828017003604,16.327292810546613,23.659046365048983,0.0,31.4218009478673,20.9478672985782,20.9478672985782,0.0,30.0,20.9478672985782,20.0,10.0,20.0,20.9478672985782,2094.78672985782,0.0,2094.78672985782,2094.78672985782,0.8379146919431281,5.0000000000000036,1.256872037914692,13.333333333333336
ST012,SKU0061,0.784037558685446,0.0,7,2.8846255828616085,12.592803164347822,18.081066075145944,0.0,23.52112676056338,15.68075117370892,15.68075117370892,0.0,30.0,15.68075117370892,20.0,10.0,20.0,15.68075117370892,1568.075117370892,0.0,1568.075117370892,1568.075117370892,0.6272300469483568,5.0,0.9408450704225352,13.333333333333332
ST012,SKU0062,1.018957345971564,0.0,7,3.9784683404882375,17.36796241599494,24.500663837795887,0.0,30.568720379146917,20.379146919431278,20.379146919431278,0.0,30.0,20.379146919431278,20.0,10.0,20.0,20.379146919431278,2037.9146919431278,0.0,2037.9146919431278,2037.9146919431278,0.8151658767772512,5.0,1.2227488151658767,13.333333333333336
ST012,SKU0063,0.3127962085308057,0.0,7,1.4029822831535328,6.124704654838856,8.314278114554497,0.0,9.383886255924171,6.2559241706161135,6.2559241706161135,0.0,30.0,6.2559241706161135,20.0,10.0,20.0,6.2559241706161135,625.5924170616114,0.0,625.5924170616114,625.5924170616114,0.2502369668246446,5.0000000000000036,0.3753554502369668,13.333333333333332
ST012,SKU0064,0.3004694835680751,0.0,7,1.218508895941627,5.3193879898193535,7.422674374795879,0.0,9.014084507042254,6.009389671361502,6.009389671361502,0.0,30.0,6.009389671361502,20.0,10.0,20.0,6.009389671361502,600.9389671361502,0.0,600.9389671361502,600.9389671361502,0.24037558685446012,5.0000000000000036,0.36056338028169016,13.333333333333336
ST012,SKU0065,0.2971698113207547,0.0,7,1.148413911145199,5.01338905824442,7.093577737489703,0.0,8.915094339622641,5.943396226415095,5.943396226415095,0.0,30.0,5.943396226415095,20.0,10.0,20.0,5.943396226415095,594.3396226415094,0.0,594.3396226415094,594.3396226415094,0.23773584905660378,5.0,0.35660377358490564,13.333333333333332
ST012,SKU0066,0.7582938388625592,0.0,7,2.373136347277877,10.359902193540035,15.66795906557795,0.0,22.748815165876774,15.165876777251183,15.165876777251183,0.0,30.0,15.165876777251183,20.0,10.0,20.0,15.165876777251183,1516.5876777251183,0.0,1516.5876777251183,1516.5876777251183,0.6066350710900474,5.0000000000000036,0.9099526066350709,13.333333333333332
ST012,SKU0067,0.5450236966824644,0.0,7,2.690656031600505,11.74603109333096,15.56119697010821,0.0,16.35071090047393,10.900473933649288,10.900473933649288,0.0,30.0,10.900473933649288,20.0,10.0,20.0,10.900473933649288,1090.0473933649287,0.0,1090.0473933649287,1090.0473933649287,0.43601895734597157,5.0000000000000036,0.6540284360189573,13.333333333333336
ST012,SKU0068,0.6492890995260664,0.0,7,2.8166574190027944,12.296088847591642,16.841112544274107,0.0,19.47867298578199,12.985781990521328,12.985781990521328,0.0,30.0,12.985781990521328,20.0,10.0,20.0,12.985781990521328,1298.5781990521327,0.0,1298.5781990521327,1298.5781990521327,0.5194312796208531,5.0,0.7791469194312797,13.333333333333332
ST012,SKU0069,0.990521327014218,0.0,7,3.593632624686289,15.687966076609586,22.62161536570911,0.0,29.71563981042654,19.81042654028436,19.81042654028436,0.0,30.0,19.81042654028436,20.0,10.0,20.0,19.81042654028436,1981.0426540284361,0.0,1981.0426540284361,1981.0426540284361,0.7924170616113745,5.0,1.1886255924170617,13.333333333333332
ST012,SKU0070,0.2796208530805687,0.0,7,1.2353953862326779,5.393105788633618,7.350451760197599,0.0,8.388625592417062,5.592417061611375,5.592417061611375,0.0,30.0,5.592417061611375,20.0,10.0,20.0,5.592417061611375,559.2417061611375,0.0,559.2417061611375,559.2417061611375,0.22369668246445498,5.0,0.33554502369668243,13.333333333333329
ST012,SKU0071,1.014018691588785,0.0,7,3.6879183180726427,16.09956929648069,23.197700137602187,0.0,30.42056074766355,20.280373831775698,20.280373831775698,0.0,30.0,20.280373831775698,20.0,10.0,20.0,20.280373831775698,2028.0373831775698,0.0,2028.0373831775698,2028.0373831775698,0.811214953271028,5.0000000000000036,1.216822429906542,13.333333333333336
ST012,SKU0072,0.8584905660377359,0.0,7,3.103090278221389,13.546508533727442,19.555942495991594,0.0,25.754716981132077,17.169811320754718,17.169811320754718,0.0,30.0,17.169811320754718,20.0,10.0,20.0,17.169811320754718,1716.9811320754718,0.0,1716.9811320754718,1716.9811320754718,0.6867924528301887,5.0,1.030188679245283,13.333333333333332
ST012,SKU0073,0.8530805687203792,0.0,7,2.8589421100672663,12.48068222934759,18.452246210390243,0.0,25.592417061611375,17.061611374407583,17.061611374407583,0.0,30.0,17.061611374407583,20.0,10.0,20.0,17.061611374407583,1706.1611374407582,0.0,1706.1611374407582,1706.1611374407582,0.6824644549763034,5.0,1.0236966824644549,13.333333333333332
ST012,SKU0074,1.066350710900474,0.0,7,4.763487662890647,20.794956153399337,28.259411129702656,0.0,31.990521327014218,21.32701421800948,21.32701421800948,0.0,30.0,21.32701421800948,20.0,10.0,20.0,21.32701421800948,2132.701421800948,0.0,2132.701421800948,2132.701421800948,0.8530805687203792,5.0,1.2796208530805686,13.333333333333329
ST012,SKU0075,0.6682464454976303,0.0,7,2.754024977568404,12.022667571925286,16.700392690408698,0.0,20.04739336492891,13.364928909952607,13.364928909952607,0.0,30.0,13.364928909952607,20.0,10.0,20.0,13.364928909952607,1336.4928909952607,0.0,1336.4928909952607,1336.4928909952607,0.5345971563981043,5.0000000000000036,0.8018957345971564,13.333333333333332
ST012,SKU0076,0.2358490566037736,0.0,7,0.9885782485020743,4.315628125156095,5.96657152138251,0.0,7.0754716981132075,4.716981132075472,4.716981132075472,0.0,30.0,4.716981132075472,20.0,10.0,20.0,4.716981132075472,471.6981132075472,0.0,471.6981132075472,471.6981132075472,0.18867924528301888,5.0,0.2830188679245283,13.333333333333332
ST012,SKU0077,1.0187793427230047,0.0,7,3.4380809166975603,15.008906703282886,22.140362102343918,0.0,30.563380281690144,20.375586854460096,20.375586854460096,0.0,30.0,20.375586854460096,20.0,10.0,20.0,20.375586854460096,2037.5586854460096,0.0,2037.5586854460096,2037.5586854460096,0.8150234741784038,5.0,1.2225352112676056,13.333333333333332
ST012,SKU0078,0.7677725118483413,0.0,7,3.02184180125503,13.191819147375462,18.56622673031385,0.0,23.03317535545024,15.355450236966826,15.355450236966826,0.0,30.0,15.355450236966826,20.0,10.0,20.0,15.355450236966826,1535.5450236966826,0.0,1535.5450236966826,1535.5450236966826,0.6142180094786731,5.0000000000000036,0.9213270142180094,13.333333333333332
ST012,SKU0079,0.2985781990521327,0.0,7,1.3596035372047244,5.9353351877942995,8.025382581159228,0.0,8.95734597156398,5.971563981042653,5.971563981042653,0.0,30.0,5.971563981042653,20.0,10.0,20.0,5.971563981042653,597.1563981042653,0.0,597.1563981042653,597.1563981042653,0.23886255924170616,5.0000000000000036,0.3582938388625592,13.333333333333336
ST012,SKU0080,0.5829383886255924,0.0,7,2.5591093858150935,11.171765570918671,15.252334291297817,0.0,17.488151658767773,11.65876777251185,11.65876777251185,0.0,30.0,11.65876777251185,20.0,10.0,20.0,11.65876777251185,1165.8767772511849,0.0,1165.8767772511849,1165.8767772511849,0.466350710900474,5.0,0.6995260663507109,13.333333333333332
ST012,SKU0081,0.2971698113207547,0.0,7,1.1607284481174567,5.067148042104602,7.147336721349885,0.0,8.915094339622641,5.943396226415095,5.943396226415095,0.0,30.0,5.943396226415095,20.0,10.0,20.0,5.943396226415095,594.3396226415094,0.0,594.3396226415094,594.3396226415094,0.23773584905660378,5.0,0.35660377358490564,13.333333333333332
ST012,SKU0082,1.099526066350711,0.0,7,4.464094827785377,19.4879598264942,27.184642290949178,0.0,32.985781990521325,21.990521327014218,21.990521327014218,0.0,30.0,21.990521327014218,20.0,10.0,20.0,21.990521327014218,2199.0521327014217,0.0,2199.0521327014217,2199.0521327014217,0.8796208530805688,5.0000000000000036,1.3194312796208532,13.333333333333336
ST012,SKU0083,0.25943396226415094,0.0,7,1.1938450606312805,5.211718271715774,7.027756007564831,0.0,7.783018867924528,5.188679245283019,5.188679245283019,0.0,30.0,5.188679245283019,20.0,10.0,20.0,5.188679245283019,518.867924528302,0.0,518.867924528302,518.867924528302,0.20754716981132076,5.0,0.3113207547169811,13.333333333333332
ST012,SKU0084,0.26066350710900477,0.0,7,1.2240905411365715,5.34375460422185,7.1683991539848835,0.0,7.819905213270143,5.213270142180095,5.213270142180095,0.0,30.0,5.213270142180095,20.0,10.0,20.0,5.213270142180095,521.3270142180095,0.0,521.3270142180095,521.3270142180095,0.20853080568720384,5.0000000000000036,0.3127962085308057,13.333333333333332
ST012,SKU0085,1.0046948356807512,0.0,7,3.7649045348369006,16.43565182997829,23.46851567974355,0.0,30.140845070422536,20.093896713615024,20.093896713615024,0.0,30.0,20.093896713615024,20.0,10.0,20.0,20.093896713615024,2009.3896713615025,0.0,2009.3896713615025,2009.3896713615025,0.803755868544601,5.0000000000000036,1.2056338028169014,13.333333333333332
ST012,SKU0086,0.3080568720379147,0.0,7,1.1771157310856126,5.138686556510947,7.29508466077635,0.0,9.241706161137442,6.161137440758294,6.161137440758294,0.0,30.0,6.161137440758294,20.0,10.0,20.0,6.161137440758294,616.1137440758293,0.0,616.1137440758293,616.1137440758293,0.24644549763033177,5.0,0.3696682464454976,13.333333333333332
ST012,SKU0087,0.26066350710900477,0.0,7,1.0660642058503143,4.653892271007376,6.478536820770409,0.0,7.819905213270143,5.213270142180095,5.213270142180095,0.0,30.0,5.213270142180095,20.0,10.0,20.0,5.213270142180095,521.3270142180095,0.0,521.3270142180095,521.3270142180095,0.20853080568720384,5.0000000000000036,0.3127962085308057,13.333333333333332
ST012,SKU0088,0.7298578199052133,0.0,7,3.026550681437138,13.212375715135968,18.32138045447246,0.0,21.895734597156398,14.597156398104264,14.597156398104264,0.0,30.0,14.597156398104264,20.0,10.0,20.0,14.597156398104264,1459.7156398104264,0.0,1459.7156398104264,1459.7156398104264,0.5838862559241706,5.0000000000000036,0.8758293838862559,13.333333333333332
ST012,SKU0089,0.5497630331753555,0.0,7,2.763906386802544,12.065804761795333,15.914145994022821,0.0,16.492890995260662,10.995260663507109,10.995260663507109,0.0,30.0,10.995260663507109,20.0,10.0,20.0,10.995260663507109,1099.5260663507108,0.0,1099.5260663507108,1099.5260663507108,0.4398104265402844,5.0000000000000036,0.6597156398104266,13.333333333333336
ST012,SKU0090,0.5774647887323944,0.0,7,2.0876680036178614,9.113693090105263,13.155946611232025,0.0,17.323943661971832,11.549295774647888,11.549295774647888,0.0,30.0,11.549295774647888,20.0,10.0,20.0,11.549295774647888,1154.9295774647887,0.0,1154.9295774647887,1154.9295774647887,0.46197183098591554,5.0,0.6929577464788732,13.333333333333332
ST013,SKU0001,0.24413145539906103,0.0,7,1.1395653845465967,4.974760906843171,6.683681094636598,0.0,7.323943661971831,4.882629107981221,4.882629107981221,0.0,30.0,4.882629107981221,20.0,10.0,20.0,4.882629107981221,488.2629107981221,0.0,488.2629107981221,488.2629107981221,0.19530516431924883,5.0,0.29295774647887324,13.333333333333332
ST013,SKU0002,0.1895734597156398,0.0,7,0.9268920459341904,4.046337645480446,5.373351863489924,0.0,5.6872037914691935,3.791469194312796,3.791469194312796,0.0,30.0,3.791469194312796,20.0,10.0,20.0,3.791469194312796,379.14691943127957,0.0,379.14691943127957,379.14691943127957,0.15165876777251186,5.0000000000000036,0.22748815165876773,13.333333333333332
ST013,SKU0003,0.4881516587677725,0.0,7,1.9696753166653052,8.59859723487401,12.015658846248417,0.0,14.644549763033176,9.76303317535545,9.76303317535545,0.0,30.0,9.76303317535545,20.0,10.0,20.0,9.76303317535545,976.3033175355449,0.0,976.3033175355449,976.3033175355449,0.39052132701421804,5.0000000000000036,0.585781990521327,13.333333333333332
ST013,SKU0004,0.966824644549763,0.0,7,3.2121553159624687,14.022630828608815,20.790403340457157,0.0,29.00473933649289,19.33649289099526,19.33649289099526,0.0,30.0,19.33649289099526,20.0,10.0,20.0,19.33649289099526,1933.649289099526,0.0,1933.649289099526,1933.649289099526,0.7734597156398104,5.0,1.1601895734597156,13.333333333333336
ST013,SKU0005,0.4597156398104265,0.0,7,1.8444351089521103,8.051862402677951,11.269871881350937,0.0,13.791469194312796,9.19431279620853,9.19431279620853,0.0,30.0,9.19431279620853,20.0,10.0,20.0,9.19431279620853,919.431279620853,0.0,919.431279620853,919.431279620853,0.36777251184834125,5.0000000000000036,0.5516587677725118,13.333333333333332
ST013,SKU0006,0.5849056603773585,0.0,7,2.0554766725135623,8.973162166922975,13.067501789564485,0.0,17.547169811320753,11.69811320754717,11.69811320754717,0.0,30.0,11.69811320754717,20.0,10.0,20.0,11.69811320754717,1169.811320754717,0.0,1169.811320754717,1169.811320754717,0.4679245283018868,5.0,0.7018867924528301,13.333333333333332
ST013,SKU0007,0.6682464454976303,0.0,7,2.6945953412824566,11.763228109027885,16.440953227511297,0.0,20.04739336492891,13.364928909952607,13.364928909952607,0.0,30.0,13.364928909952607,20.0,10.0,20.0,13.364928909952607,1336.4928909952607,0.0,1336.4928909952607,1336.4928909952607,0.5345971563981043,5.0000000000000036,0.8018957345971564,13.333333333333332
ST013,SKU0008,0.46445497630331756,0.0,7,1.89043130921702,8.252658339483494,11.503843173606716,0.0,13.933649289099527,9.289099526066352,9.289099526066352,0.0,30.0,9.289099526066352,20.0,10.0,20.0,9.289099526066352,928.9099526066352,0.0,928.9099526066352,928.9099526066352,0.3715639810426541,5.0000000000000036,0.557345971563981,13.333333333333332
ST013,SKU0009,0.2028301886792453,0.0,7,0.7550095002283318,3.295986168907295,4.7157974896620125,0.0,6.084905660377359,4.056603773584905,4.056603773584905,0.0,30.0,4.056603773584905,19.999999999999996,10.000000000000004,19.999999999999996,4.056603773584905,405.66037735849056,0.0,405.66037735849056,405.66037735849056,0.16226415094339625,5.0000000000000036,0.24339622641509434,13.333333333333336
ST013,SKU0010,0.20853080568720378,0.0,7,0.8474742433219489,3.699640049098155,5.159355688908581,0.0,6.2559241706161135,4.170616113744075,4.170616113744075,0.0,30.0,4.170616113744075,20.0,10.0,20.0,4.170616113744075,417.06161137440756,0.0,417.06161137440756,417.06161137440756,0.16682464454976303,5.0000000000000036,0.2502369668246445,13.333333333333332
ST013,SKU0011,0.47641509433962265,0.0,7,1.7236603775170631,7.524621561015664,10.859527221393023,0.0,14.29245283018868,9.528301886792454,9.528301886792454,0.0,30.0,9.528301886792454,20.0,10.0,20.0,9.528301886792454,952.8301886792453,0.0,952.8301886792453,952.8301886792453,0.38113207547169814,5.0,0.5716981132075472,13.333333333333332
ST013,SKU0012,0.6398104265402843,0.0,7,2.7330652531867012,11.931168111792257,16.409841097574247,0.0,19.19431279620853,12.796208530805686,12.796208530805686,0.0,30.0,12.796208530805686,20.0,10.0,20.0,12.796208530805686,1279.6208530805686,0.0,1279.6208530805686,1279.6208530805686,0.5118483412322274,5.0,0.7677725118483412,13.333333333333332
ST013,SKU0013,0.5023696682464455,0.0,7,1.84745489688598,8.065045255688487,11.581632933413605,0.0,15.071090047393364,10.04739336492891,10.04739336492891,0.0,30.0,10.04739336492891,20.0,10.0,20.0,10.04739336492891,1004.739336492891,0.0,1004.739336492891,1004.739336492891,0.4018957345971564,5.0,0.6028436018957345,13.333333333333332
ST013,SKU0014,0.4597156398104265,0.0,7,1.7652837124442342,7.706327799390495,10.924337278063481,0.0,13.791469194312796,9.19431279620853,9.19431279620853,0.0,30.0,9.19431279620853,20.0,10.0,20.0,9.19431279620853,919.431279620853,0.0,919.431279620853,919.431279620853,0.36777251184834125,5.0000000000000036,0.5516587677725118,13.333333333333332
ST013,SKU0015,0.5868544600938967,0.0,7,2.1995316745181888,9.602032789114578,13.710014009771854,0.0,17.605633802816904,11.737089201877936,11.737089201877936,0.0,30.0,11.737089201877936,20.0,10.0,20.0,11.737089201877936,1173.7089201877936,0.0,1173.7089201877936,1173.7089201877936,0.46948356807511743,5.0,0.7042253521126761,13.333333333333332
ST013,SKU0016,0.5450236966824644,0.0,7,2.3566746900397373,10.288038999026865,14.103204875804117,0.0,16.35071090047393,10.900473933649288,10.900473933649288,0.0,30.0,10.900473933649288,20.0,10.0,20.0,10.900473933649288,1090.0473933649287,0.0,1090.0473933649287,1090.0473933649287,0.43601895734597157,5.0000000000000036,0.6540284360189573,13.333333333333336
ST013,SKU0017,0.5424528301886793,0.0,7,1.8582694958190202,8.112256275542938,11.909426086863693,0.0,16.27358490566038,10.849056603773587,10.849056603773587,0.0,30.0,10.849056603773587,20.0,10.0,20.0,10.849056603773587,1084.9056603773586,0.0,1084.9056603773586,1084.9056603773586,0.43396226415094347,5.0,0.6509433962264152,13.333333333333332
ST013,SKU0018,0.20853080568720378,0.0,7,0.9279384332762888,4.050905638606139,5.510621278416565,0.0,6.2559241706161135,4.170616113744075,4.170616113744075,0.0,30.0,4.170616113744075,20.0,10.0,20.0,4.170616113744075,417.06161137440756,0.0,417.06161137440756,417.06161137440756,0.16682464454976303,5.0000000000000036,0.2502369668246445,13.333333333333332
ST013,SKU0019,0.8490566037735849,0.0,7,3.6617465411164103,15.985316674709203,21.9287129011243,0.0,25.471698113207548,16.9811320754717,16.9811320754717,0.0,30.0,16.9811320754717,20.0,10.0,20.0,16.9811320754717,1698.1132075471698,0.0,1698.1132075471698,1698.1132075471698,0.679245283018868,5.0,1.0188679245283019,13.333333333333332
ST013,SKU0020,0.47641509433962265,0.0,7,1.7937253398033364,7.830489429632851,11.16539509001021,0.0,14.29245283018868,9.528301886792454,9.528301886792454,0.0,30.0,9.528301886792454,20.0,10.0,20.0,9.528301886792454,952.8301886792453,0.0,952.8301886792453,952.8301886792453,0.38113207547169814,5.0,0.5716981132075472,13.333333333333332
ST013,SKU0021,0.6161137440758294,0.0,7,2.313423780244482,10.099227599389236,14.412023807920042,0.0,18.483412322274884,12.322274881516588,12.322274881516588,0.0,30.0,12.322274881516588,20.0,10.0,20.0,12.322274881516588,1232.2274881516587,0.0,1232.2274881516587,1232.2274881516587,0.49289099526066354,5.0,0.7393364928909952,13.333333333333332
ST013,SKU0022,0.5308056872037915,0.0,7,2.167453809068071,9.461997199072753,13.177637009499293,0.0,15.924170616113745,10.61611374407583,10.61611374407583,0.0,30.0,10.61611374407583,20.0,10.0,20.0,10.61611374407583,1061.611374407583,0.0,1061.611374407583,1061.611374407583,0.42464454976303323,5.0,0.6369668246445498,13.333333333333332
ST013,SKU0023,0.6509433962264151,0.0,7,3.438125943920538,15.009103269159363,19.56570704274427,0.0,19.528301886792452,13.018867924528301,13.018867924528301,0.0,30.0,13.018867924528301,20.0,10.0,20.0,13.018867924528301,1301.8867924528302,0.0,1301.8867924528302,1301.8867924528302,0.5207547169811321,5.0,0.781132075471698,13.333333333333332
ST013,SKU0024,0.45754716981132076,0.0,7,2.164576865635208,9.449437932254815,12.65226812093406,0.0,13.726415094339623,9.150943396226415,9.150943396226415,0.0,30.0,9.150943396226415,20.0,10.0,20.0,9.150943396226415,915.0943396226415,0.0,915.0943396226415,915.0943396226415,0.36603773584905663,5.0000000000000036,0.5490566037735849,13.333333333333332
ST013,SKU0025,0.48826291079812206,0.0,7,1.808288904113649,7.8940665190896935,11.311906894676548,0.0,14.647887323943662,9.765258215962442,9.765258215962442,0.0,30.0,9.765258215962442,20.0,10.0,20.0,9.765258215962442,976.5258215962442,0.0,976.5258215962442,976.5258215962442,0.39061032863849765,5.0,0.5859154929577465,13.333333333333332
ST013,SKU0026,0.2169811320754717,0.0,7,0.8923552836448886,3.8955677667041497,5.414435691232452,0.0,6.5094339622641515,4.339622641509434,4.339622641509434,0.0,30.0,4.339622641509434,20.0,10.0,20.0,4.339622641509434,433.96226415094344,0.0,433.96226415094344,433.96226415094344,0.17358490566037738,5.0,0.26037735849056604,13.333333333333332
ST013,SKU0027,0.19339622641509435,0.0,7,0.9365428882849234,4.0884682980042895,5.44224188290995,0.0,5.80188679245283,3.867924528301887,3.867924528301887,0.0,30.0,3.867924528301887,20.0,10.0,20.0,3.867924528301887,386.7924528301887,0.0,386.7924528301887,386.7924528301887,0.1547169811320755,5.0000000000000036,0.2320754716981132,13.333333333333332
ST013,SKU0028,0.25821596244131456,0.0,7,1.1832122133495206,5.1653006868162645,6.9728124239054665,0.0,7.746478873239437,5.164319248826291,5.164319248826291,0.0,30.0,5.164319248826291,20.0,10.0,20.0,5.164319248826291,516.4319248826291,0.0,516.4319248826291,516.4319248826291,0.20657276995305165,5.0,0.30985915492957744,13.333333333333332
ST013,SKU0029,0.5213270142180095,0.0,7,1.9231101155061285,8.395317330546161,12.044606430072228,0.0,15.639810426540286,10.42654028436019,10.42654028436019,0.0,30.0,10.42654028436019,20.0,10.0,20.0,10.42654028436019,1042.654028436019,0.0,1042.654028436019,1042.654028436019,0.41706161137440767,5.0000000000000036,0.6255924170616114,13.333333333333332
ST013,SKU0030,0.20853080568720378,0.0,7,0.8966196957508775,3.9141840136727106,5.373899653483138,0.0,6.2559241706161135,4.170616113744075,4.170616113744075,0.0,30.0,4.170616113744075,20.0,10.0,20.0,4.170616113744075,417.06161137440756,0.0,417.06161137440756,417.06161137440756,0.16682464454976303,5.0000000000000036,0.2502369668246445,13.333333333333332
ST013,SKU0031,0.46226415094339623,0.0,7,1.7371029338756439,7.583304901846792,10.819153958450565,0.0,13.867924528301888,9.245283018867925,9.245283018867925,0.0,30.0,9.245283018867925,20.0,10.0,20.0,9.245283018867925,924.5283018867925,0.0,924.5283018867925,924.5283018867925,0.369811320754717,5.0,0.5547169811320755,13.333333333333332
ST013,SKU0032,0.5545023696682464,0.0,7,2.07033839280168,9.038040853218964,12.91955744089669,0.0,16.635071090047393,11.090047393364928,11.090047393364928,0.0,30.0,11.090047393364928,20.0,10.0,20.0,11.090047393364928,1109.0047393364928,0.0,1109.0047393364928,1109.0047393364928,0.44360189573459713,5.0,0.6654028436018956,13.333333333333332
ST013,SKU0033,0.8364485981308412,0.0,7,3.542681208524522,15.465538196027111,21.320678382943,0.0,25.093457943925234,16.728971962616825,16.728971962616825,0.0,30.0,16.728971962616825,20.000000000000004,9.999999999999996,20.000000000000004,16.728971962616825,1672.8971962616824,0.0,1672.8971962616824,1672.8971962616824,0.6691588785046729,4.9999999999999964,1.0037383177570094,13.333333333333332
ST013,SKU0034,0.25118483412322273,0.0,7,0.9751366297222377,4.256948877315282,6.015242716177841,0.0,7.535545023696682,5.023696682464455,5.023696682464455,0.0,30.0,5.023696682464455,20.0,10.0,20.0,5.023696682464455,502.3696682464455,0.0,502.3696682464455,502.3696682464455,0.2009478672985782,5.0,0.30142180094786725,13.333333333333332
ST013,SKU0035,0.21800947867298578,0.0,7,0.9359781335994946,4.086002867262774,5.612069217973675,0.0,6.540284360189574,4.360189573459715,4.360189573459715,0.0,30.0,4.360189573459715,20.0,10.0,20.0,4.360189573459715,436.01895734597156,0.0,436.01895734597156,436.01895734597156,0.17440758293838865,5.0000000000000036,0.2616113744075829,13.333333333333332
ST013,SKU0036,0.7971698113207547,0.0,7,3.1654820031489166,13.818878963971311,19.399067643216593,0.0,23.91509433962264,15.943396226415095,15.943396226415095,0.0,30.0,15.943396226415095,20.0,10.0,20.0,15.943396226415095,1594.3396226415095,0.0,1594.3396226415095,1594.3396226415095,0.6377358490566039,5.0000000000000036,0.9566037735849056,13.333333333333332
ST013,SKU0037,0.6492890995260664,0.0,7,2.768915374177552,12.087671444404311,16.632695141086778,0.0,19.47867298578199,12.985781990521328,12.985781990521328,0.0,30.0,12.985781990521328,20.0,10.0,20.0,12.985781990521328,1298.5781990521327,0.0,1298.5781990521327,1298.5781990521327,0.5194312796208531,5.0,0.7791469194312797,13.333333333333332
ST013,SKU0038,0.8767772511848341,0.0,7,3.328660683425812,14.531233805983947,20.668674564277786,0.0,26.303317535545023,17.53554502369668,17.53554502369668,0.0,30.0,17.53554502369668,20.0,10.0,20.0,17.53554502369668,1753.5545023696682,0.0,1753.5545023696682,1753.5545023696682,0.7014218009478673,5.0000000000000036,1.052132701421801,13.333333333333336
ST013,SKU0039,0.20853080568720378,0.0,7,0.907179418778896,3.9602823753983776,5.4199980152088045,0.0,6.2559241706161135,4.170616113744075,4.170616113744075,0.0,30.0,4.170616113744075,20.0,10.0,20.0,4.170616113744075,417.06161137440756,0.0,417.06161137440756,417.06161137440756,0.16682464454976303,5.0000000000000036,0.2502369668246445,13.333333333333332
ST013,SKU0040,0.5,0.0,7,2.1954282528176923,9.584119344097077,13.084119344097077,0.0,15.0,10.0,10.0,0.0,30.0,10.0,20.0,10.0,20.0,10.0,1000.0,0.0,1000.0,1000.0,0.4,5.0,0.6,13.333333333333332
ST013,SKU0041,0.23222748815165878,0.0,7,0.8552940265266862,3.7337772318473426,5.359369648908954,0.0,6.966824644549764,4.644549763033176,4.644549763033176,0.0,30.0,4.644549763033176,20.0,10.0,20.0,4.644549763033176,464.4549763033176,0.0,464.4549763033176,464.4549763033176,0.18578199052132705,5.0000000000000036,0.2786729857819905,13.333333333333332
ST013,SKU0042,0.5377358490566038,0.0,7,2.205871219066711,9.629708005310906,13.393858948707132,0.0,16.132075471698112,10.754716981132075,10.754716981132075,0.0,30.0,10.754716981132075,20.0,10.0,20.0,10.754716981132075,1075.4716981132076,0.0,1075.4716981132076,1075.4716981132076,0.43018867924528303,5.0,0.6452830188679245,13.333333333333332
ST013,SKU0043,0.23222748815165878,0.0,7,0.8497082218552567,3.7093924592932472,5.334984876354858,0.0,6.966824644549764,4.644549763033176,4.644549763033176,0.0,30.0,4.644549763033176,20.0,10.0,20.0,4.644549763033176,464.4549763033176,0.0,464.4549763033176,464.4549763033176,0.18578199052132705,5.0000000000000036,0.2786729857819905,13.333333333333332
ST013,SKU0044,0.8726415094339622,0.0,7,3.4404626884600664,15.019304303292344,21.12779486933008,0.0,26.17924528301887,17.452830188679243,17.452830188679243,0.0,30.0,17.452830188679243,20.0,10.0,20.0,17.452830188679243,1745.2830188679243,0.0,1745.2830188679243,1745.2830188679243,0.6981132075471699,5.0000000000000036,1.0471698113207546,13.333333333333332
ST013,SKU0045,0.4597156398104265,0.0,7,1.9252799214392404,8.404789595918434,11.62279907459142,0.0,13.791469194312796,9.19431279620853,9.19431279620853,0.0,30.0,9.19431279620853,20.0,10.0,20.0,9.19431279620853,919.431279620853,0.0,919.431279620853,919.431279620853,0.36777251184834125,5.0000000000000036,0.5516587677725118,13.333333333333332
ST013,SKU0046,0.4811320754716981,0.0,7,2.1561380785452995,9.412598494443397,12.780523022745285,0.0,14.433962264150944,9.622641509433961,9.622641509433961,0.0,30.0,9.622641509433961,19.999999999999996,10.000000000000004,19.999999999999996,9.622641509433961,962.2641509433961,0.0,962.2641509433961,962.2641509433961,0.3849056603773585,5.0000000000000036,0.5773584905660377,13.333333333333336
ST013,SKU0047,0.6445497630331753,0.0,7,2.2214765919771295,9.697833099442603,14.20968144067483,0.0,19.33649289099526,12.890995260663507,12.890995260663507,0.0,30.0,12.890995260663507,20.0,10.0,20.0,12.890995260663507,1289.0995260663508,0.0,1289.0995260663508,1289.0995260663508,0.5156398104265403,5.0,0.7734597156398104,13.333333333333332
ST013,SKU0048,0.8578199052132701,0.0,7,3.9938849669608905,17.435263539503595,23.440002875996484,0.0,25.734597156398102,17.156398104265403,17.156398104265403,0.0,30.0,17.156398104265403,20.0,10.0,20.0,17.156398104265403,1715.6398104265402,0.0,1715.6398104265402,1715.6398104265402,0.6862559241706161,5.0,1.0293838862559241,13.333333333333332
ST013,SKU0049,0.4694835680751174,0.0,7,1.6209879982685274,7.076406350704222,10.362791327230044,0.0,14.084507042253522,9.389671361502348,9.389671361502348,0.0,30.0,9.389671361502348,20.0,10.0,20.0,9.389671361502348,938.9671361502348,0.0,938.9671361502348,938.9671361502348,0.37558685446009393,5.0,0.5633802816901409,13.333333333333332
ST013,SKU0050,0.5639810426540285,0.0,7,2.4725986483514433,10.794103840760403,14.741971139338602,0.0,16.919431279620856,11.27962085308057,11.27962085308057,0.0,30.0,11.27962085308057,20.0,10.0,20.0,11.27962085308057,1127.9620853080569,0.0,1127.9620853080569,1127.9620853080569,0.4511848341232228,5.0,0.6767772511848341,13.333333333333332
ST013,SKU0051,0.8151658767772512,0.0,7,3.1935884199695144,13.941577236072812,19.64773837351357,0.0,24.454976303317537,16.303317535545023,16.303317535545023,0.0,30.0,16.303317535545023,20.0,10.0,20.0,16.303317535545023,1630.3317535545023,0.0,1630.3317535545023,1630.3317535545023,0.652132701421801,5.0000000000000036,0.9781990521327013,13.333333333333332
ST013,SKU0052,0.4928909952606635,0.0,7,1.763032204676945,7.696498865505654,11.146735832330299,0.0,14.786729857819905,9.857819905213269,9.857819905213269,0.0,30.0,9.857819905213269,19.999999999999996,10.000000000000004,19.999999999999996,9.857819905213269,985.7819905213269,0.0,985.7819905213269,985.7819905213269,0.3943127962085308,5.0000000000000036,0.5914691943127962,13.333333333333336
ST013,SKU0053,0.5971563981042654,0.0,7,2.4149911700902,10.542618989884668,14.722713776614526,0.0,17.91469194312796,11.943127962085306,11.943127962085306,0.0,30.0,11.943127962085306,20.0,10.0,20.0,11.943127962085306,1194.3127962085307,0.0,1194.3127962085307,1194.3127962085307,0.4777251184834123,5.0000000000000036,0.7165876777251184,13.333333333333336
ST013,SKU0054,0.45023696682464454,0.0,7,1.8312466325685388,7.994288245351367,11.145947013123878,0.0,13.507109004739336,9.004739336492891,9.004739336492891,0.0,30.0,9.004739336492891,20.0,10.0,20.0,9.004739336492891,900.4739336492892,0.0,900.4739336492892,900.4739336492892,0.36018957345971564,5.0,0.5402843601895734,13.333333333333332
ST013,SKU0055,0.8160377358490566,0.0,7,3.1153385031310132,13.599978032963648,19.312242183907046,0.0,24.4811320754717,16.32075471698113,16.32075471698113,0.0,30.0,16.32075471698113,20.0,10.0,20.0,16.32075471698113,1632.0754716981132,0.0,1632.0754716981132,1632.0754716981132,0.6528301886792454,5.0000000000000036,0.9792452830188678,13.333333333333332
ST013,SKU0056,0.18396226415094338,0.0,7,0.7904209439984726,3.4505744606468363,4.73831030970344,0.0,5.518867924528301,3.6792452830188678,3.6792452830188678,0.0,30.0,3.6792452830188678,20.0,10.0,20.0,3.6792452830188678,367.92452830188677,0.0,367.92452830188677,367.92452830188677,0.1471698113207547,5.0,0.22075471698113205,13.333333333333332
ST013,SKU0057,0.4834123222748815,0.0,7,1.7844459499319079,7.789980349067803,11.173866604991973,0.0,14.502369668246445,9.66824644549763,9.66824644549763,0.0,30.0,9.66824644549763,20.0,10.0,20.0,9.66824644549763,966.824644549763,0.0,966.824644549763,966.824644549763,0.3867298578199052,5.0,0.5800947867298578,13.333333333333336
ST013,SKU0058,0.5260663507109005,0.0,7,2.5397849881540777,11.087405112680848,14.769869567657151,0.0,15.781990521327014,10.52132701421801,10.52132701421801,0.0,30.0,10.52132701421801,20.0,10.0,20.0,10.52132701421801,1052.132701421801,0.0,1052.132701421801,1052.132701421801,0.4208530805687204,5.0,0.6312796208530805,13.333333333333332
ST013,SKU0059,0.3160377358490566,0.0,7,1.269073386070626,5.5401267488053385,7.752390899748734,0.0,9.481132075471697,6.320754716981131,6.320754716981131,0.0,30.0,6.320754716981131,20.0,10.0,20.0,6.320754716981131,632.0754716981131,0.0,632.0754716981131,632.0754716981131,0.2528301886792453,5.0000000000000036,0.3792452830188679,13.333333333333336
ST013,SKU0060,0.8341232227488151,0.0,7,3.155640688698956,13.775916807467151,19.61477936670886,0.0,25.023696682464454,16.6824644549763,16.6824644549763,0.0,30.0,16.6824644549763,20.0,10.0,20.0,16.6824644549763,1668.2464454976302,0.0,1668.2464454976302,1668.2464454976302,0.6672985781990521,5.0000000000000036,1.000947867298578,13.333333333333332
ST013,SKU0061,0.6255924170616114,0.0,7,2.7285281231461336,11.911361317499308,16.290508236930588,0.0,18.767772511848342,12.511848341232227,12.511848341232227,0.0,30.0,12.511848341232227,20.0,10.0,20.0,12.511848341232227,1251.1848341232228,0.0,1251.1848341232228,1251.1848341232228,0.5004739336492892,5.0000000000000036,0.7507109004739336,13.333333333333332
ST013,SKU0062,0.7962085308056872,0.0,7,3.230978745139922,14.104804314110028,19.67826402974984,0.0,23.886255924170616,15.924170616113745,15.924170616113745,0.0,30.0,15.924170616113745,20.0,10.0,20.0,15.924170616113745,1592.4170616113745,0.0,1592.4170616113745,1592.4170616113745,0.6369668246445498,5.0,0.9554502369668246,13.333333333333332
ST013,SKU0063,0.22748815165876776,0.0,7,0.9285948645550411,4.053771282568171,5.646188344179546,0.0,6.824644549763033,4.549763033175355,4.549763033175355,0.0,30.0,4.549763033175355,20.0,10.0,20.0,4.549763033175355,454.97630331753555,0.0,454.97630331753555,454.97630331753555,0.1819905213270142,5.0,0.2729857819905213,13.333333333333332
ST013,SKU0064,0.5849056603773585,0.0,7,1.7079014840468738,7.455826274467191,11.550165897108702,0.0,17.547169811320753,11.69811320754717,11.69811320754717,0.0,30.0,11.69811320754717,20.0,10.0,20.0,11.69811320754717,1169.811320754717,0.0,1169.811320754717,1169.811320754717,0.4679245283018868,5.0,0.7018867924528301,13.333333333333332
ST013,SKU0065,0.27230046948356806,0.0,7,1.197888418847604,5.229369510213977,7.135472796598954,0.0,8.169014084507042,5.446009389671361,5.446009389671361,0.0,30.0,5.446009389671361,20.0,10.0,20.0,5.446009389671361,544.6009389671361,0.0,544.6009389671361,544.6009389671361,0.21784037558685446,5.0,0.32676056338028164,13.333333333333332
ST013,SKU0066,0.5377358490566038,0.0,7,2.373529091238445,10.3616167132402,14.125767656636427,0.0,16.132075471698112,10.754716981132075,10.754716981132075,0.0,30.0,10.754716981132075,20.0,10.0,20.0,10.754716981132075,1075.4716981132076,0.0,1075.4716981132076,1075.4716981132076,0.43018867924528303,5.0,0.6452830188679245,13.333333333333332
ST013,SKU0067,0.5023474178403756,0.0,7,2.0595484327046143,8.990937393948272,12.507369318830902,0.0,15.070422535211268,10.046948356807512,10.046948356807512,0.0,30.0,10.046948356807512,20.0,10.0,20.0,10.046948356807512,1004.6948356807512,0.0,1004.6948356807512,1004.6948356807512,0.4018779342723005,5.0000000000000036,0.6028169014084507,13.333333333333332
ST013,SKU0068,0.5781990521327014,0.0,7,2.639859047138882,11.52427738273914,15.57167074766805,0.0,17.345971563981042,11.563981042654028,11.563981042654028,0.0,30.0,11.563981042654028,20.0,10.0,20.0,11.563981042654028,1156.3981042654027,0.0,1156.3981042654027,1156.3981042654027,0.46255924170616114,5.0,0.6938388625592417,13.333333333333332
ST013,SKU0069,0.8867924528301887,0.0,7,3.326814096481709,14.52317254976716,20.73071971957848,0.0,26.60377358490566,17.735849056603776,17.735849056603776,0.0,30.0,17.735849056603776,20.000000000000004,9.999999999999996,20.000000000000004,17.735849056603776,1773.5849056603777,0.0,1773.5849056603777,1773.5849056603777,0.709433962264151,5.0,1.0641509433962264,13.333333333333332
ST013,SKU0070,0.38497652582159625,0.0,7,2.4499055862465053,10.695037512713657,13.389873193464831,0.0,11.549295774647888,7.699530516431925,7.699530516431925,0.0,30.0,7.699530516431925,20.0,10.0,20.0,7.699530516431925,769.9530516431925,0.0,769.9530516431925,769.9530516431925,0.307981220657277,5.0,0.4619718309859155,13.333333333333332
ST013,SKU0071,0.8497652582159625,0.0,7,3.369670836804385,14.710263206646674,20.658620014158412,0.0,25.492957746478876,16.995305164319248,16.995305164319248,0.0,30.0,16.995305164319248,19.999999999999996,10.000000000000004,19.999999999999996,16.995305164319248,1699.5305164319248,0.0,1699.5305164319248,1699.5305164319248,0.6798122065727701,5.000000000000007,1.019718309859155,13.333333333333332
ST013,SKU0072,0.4928909952606635,0.0,7,1.7275627429759317,7.541657297088604,10.991894263913249,0.0,14.786729857819905,9.857819905213269,9.857819905213269,0.0,30.0,9.857819905213269,19.999999999999996,10.000000000000004,19.999999999999996,9.857819905213269,985.7819905213269,0.0,985.7819905213269,985.7819905213269,0.3943127962085308,5.0000000000000036,0.5914691943127962,13.333333333333336
ST013,SKU0073,0.6113744075829384,0.0,7,2.430101606166765,10.608583442384212,14.888204295464782,0.0,18.341232227488153,12.227488151658768,12.227488151658768,0.0,30.0,12.227488151658768,20.0,10.0,20.0,12.227488151658768,1222.7488151658767,0.0,1222.7488151658767,1222.7488151658767,0.4890995260663507,5.0,0.733649289099526,13.333333333333332
ST013,SKU0074,0.8685446009389671,0.0,7,3.957509728248387,17.276467810905668,23.35628001747844,0.0,26.056338028169012,17.370892018779344,17.370892018779344,0.0,30.0,17.370892018779344,20.0,10.0,20.0,17.370892018779344,1737.0892018779343,0.0,1737.0892018779343,1737.0892018779343,0.6948356807511737,5.0,1.0422535211267605,13.333333333333332
ST013,SKU0075,0.5308056872037915,0.0,7,2.2088024799415797,9.642504394360454,13.358144204786996,0.0,15.924170616113745,10.61611374407583,10.61611374407583,0.0,30.0,10.61611374407583,20.0,10.0,20.0,10.61611374407583,1061.611374407583,0.0,1061.611374407583,1061.611374407583,0.42464454976303323,5.0,0.6369668246445498,13.333333333333332
ST013,SKU0076,0.2037914691943128,0.0,7,0.900362273184798,3.9305221967744273,5.357062481134617,0.0,6.113744075829384,4.075829383886256,4.075829383886256,0.0,30.0,4.075829383886256,20.0,10.0,20.0,4.075829383886256,407.58293838862556,0.0,407.58293838862556,407.58293838862556,0.16303317535545025,5.0000000000000036,0.24454976303317533,13.333333333333332
ST013,SKU0077,0.8862559241706162,0.0,7,3.415141454352741,14.908764717535917,21.11255618673023,0.0,26.587677725118485,17.725118483412324,17.725118483412324,0.0,30.0,17.725118483412324,20.0,10.0,20.0,17.725118483412324,1772.5118483412323,0.0,1772.5118483412323,1772.5118483412323,0.709004739336493,5.0,1.0635071090047394,13.333333333333332
ST013,SKU0078,0.7122641509433962,0.0,7,2.4797264346207823,10.825220118041106,15.81106917464488,0.0,21.367924528301888,14.245283018867925,14.245283018867925,0.0,30.0,14.245283018867925,20.0,10.0,20.0,14.245283018867925,1424.5283018867924,0.0,1424.5283018867924,1424.5283018867924,0.569811320754717,5.0,0.8547169811320755,13.333333333333332
ST013,SKU0079,0.22641509433962265,0.0,7,0.8684356351926733,3.7911467886372723,5.376052449014631,0.0,6.7924528301886795,4.528301886792453,4.528301886792453,0.0,30.0,4.528301886792453,20.0,10.0,20.0,4.528301886792453,452.8301886792453,0.0,452.8301886792453,452.8301886792453,0.18113207547169813,5.0000000000000036,0.27169811320754716,13.333333333333332
ST013,SKU0080,0.4881516587677725,0.0,7,1.9817264949280002,8.651206529009867,12.068268140384275,0.0,14.644549763033176,9.76303317535545,9.76303317535545,0.0,30.0,9.76303317535545,20.0,10.0,20.0,9.76303317535545,976.3033175355449,0.0,976.3033175355449,976.3033175355449,0.39052132701421804,5.0000000000000036,0.585781990521327,13.333333333333332
ST013,SKU0081,0.2347417840375587,0.0,7,1.2706091816305953,5.546831248447259,7.19002373671017,0.0,7.042253521126761,4.694835680751174,4.694835680751174,0.0,30.0,4.694835680751174,20.0,10.0,20.0,4.694835680751174,469.4835680751174,0.0,469.4835680751174,469.4835680751174,0.18779342723004697,5.0,0.28169014084507044,13.333333333333332
ST013,SKU0082,0.9056603773584906,0.0,7,3.7945540968686173,16.565086686547836,22.904709328057272,0.0,27.169811320754718,18.11320754716981,18.11320754716981,0.0,30.0,18.11320754716981,20.0,10.0,20.0,18.11320754716981,1811.3207547169811,0.0,1811.3207547169811,1811.3207547169811,0.7245283018867925,5.0000000000000036,1.0867924528301887,13.333333333333332
ST013,SKU0083,0.21800947867298578,0.0,7,0.9561120774635323,4.17389739108182,5.69996374179272,0.0,6.540284360189574,4.360189573459715,4.360189573459715,0.0,30.0,4.360189573459715,20.0,10.0,20.0,4.360189573459715,436.01895734597156,0.0,436.01895734597156,436.01895734597156,0.17440758293838865,5.0000000000000036,0.2616113744075829,13.333333333333332
ST013,SKU0084,0.2169811320754717,0.0,7,0.8146143446122226,3.5561905009451866,5.075058425473489,0.0,6.5094339622641515,4.339622641509434,4.339622641509434,0.0,30.0,4.339622641509434,20.0,10.0,20.0,4.339622641509434,433.96226415094344,0.0,433.96226415094344,433.96226415094344,0.17358490566037738,5.0,0.26037735849056604,13.333333333333332
ST013,SKU0085,0.8767772511848341,0.0,7,3.921124843794556,17.117629973923684,23.255070732217522,0.0,26.303317535545023,17.53554502369668,17.53554502369668,0.0,30.0,17.53554502369668,20.0,10.0,20.0,17.53554502369668,1753.5545023696682,0.0,1753.5545023696682,1753.5545023696682,0.7014218009478673,5.0000000000000036,1.052132701421801,13.333333333333336
ST013,SKU0086,0.25,0.0,7,1.283785132100712,5.604350724028134,7.354350724028134,0.0,7.5,5.0,5.0,0.0,30.0,5.0,20.0,10.0,20.0,5.0,500.0,0.0,500.0,500.0,0.2,5.0,0.3,13.333333333333332
ST013,SKU0087,0.20853080568720378,0.0,7,0.9924108321460308,4.332359229437353,5.792074869247779,0.0,6.2559241706161135,4.170616113744075,4.170616113744075,0.0,30.0,4.170616113744075,20.0,10.0,20.0,4.170616113744075,417.06161137440756,0.0,417.06161137440756,417.06161137440756,0.16682464454976303,5.0000000000000036,0.2502369668246445,13.333333333333332
ST013,SKU0088,0.6509433962264151,0.0,7,3.3117411489334603,14.457371753050472,19.013975526635377,0.0,19.528301886792452,13.018867924528301,13.018867924528301,0.0,30.0,13.018867924528301,20.0,10.0,20.0,13.018867924528301,1301.8867924528302,0.0,1301.8867924528302,1301.8867924528302,0.5207547169811321,5.0,0.781132075471698,13.333333333333332
ST013,SKU0089,0.4669811320754717,0.0,7,1.9432333293133286,8.483165012412995,11.752032936941298,0.0,14.00943396226415,9.339622641509434,9.339622641509434,0.0,30.0,9.339622641509434,20.0,10.0,20.0,9.339622641509434,933.9622641509434,0.0,933.9622641509434,933.9622641509434,0.3735849056603774,5.0,0.560377358490566,13.333333333333332
ST013,SKU0090,0.5023696682464455,0.0,7,2.2580531175643928,9.85750754381164,13.374095221536757,0.0,15.071090047393364,10.04739336492891,10.04739336492891,0.0,30.0,10.04739336492891,20.0,10.0,20.0,10.04739336492891,1004.739336492891,0.0,1004.739336492891,1004.739336492891,0.4018957345971564,5.0,0.6028436018957345,13.333333333333332
ST014,SKU0001,0.33649289099526064,0.0,7,1.3040395201784791,5.692771045817214,8.048221282784038,0.0,10.09478672985782,6.729857819905213,6.729857819905213,0.0,30.0,6.729857819905213,20.0,10.0,20.0,6.729857819905213,672.9857819905213,0.0,672.9857819905213,672.9857819905213,0.26919431279620853,5.0,0.40379146919431275,13.333333333333332
ST014,SKU0002,0.27488151658767773,0.0,7,1.1170899099209572,4.876644454688156,6.8008150708019,0.0,8.246445497630331,5.497630331753554,5.497630331753554,0.0,30.0,5.497630331753554,20.0,10.0,20.0,5.497630331753554,549.7630331753554,0.0,549.7630331753554,549.7630331753554,0.2199052132701422,5.0000000000000036,0.3298578199052133,13.333333333333336
ST014,SKU0003,0.6745283018867925,0.0,7,3.3005402780692275,14.408474467073193,19.13017258028074,0.0,20.235849056603776,13.49056603773585,13.49056603773585,0.0,30.0,13.49056603773585,20.0,10.0,20.0,13.49056603773585,1349.056603773585,0.0,1349.056603773585,1349.056603773585,0.539622641509434,5.0,0.809433962264151,13.333333333333332
ST014,SKU0004,0.7109004739336493,0.0,7,3.360388957723534,14.66974325946362,19.646046576999165,0.0,21.32701421800948,14.218009478672986,14.218009478672986,0.0,30.0,14.218009478672986,20.0,10.0,20.0,14.218009478672986,1421.8009478672986,0.0,1421.8009478672986,1421.8009478672986,0.5687203791469194,5.0,0.8530805687203792,13.333333333333332
ST014,SKU0005,0.6113744075829384,0.0,7,2.206195498635388,9.631123644415972,13.910744497496541,0.0,18.341232227488153,12.227488151658768,12.227488151658768,0.0,30.0,12.227488151658768,20.0,10.0,20.0,12.227488151658768,1222.7488151658767,0.0,1222.7488151658767,1222.7488151658767,0.4890995260663507,5.0,0.733649289099526,13.333333333333332
ST014,SKU0006,0.8578199052132701,0.0,7,2.6989721122400496,11.7823348574017,17.78707419389459,0.0,25.734597156398102,17.156398104265403,17.156398104265403,0.0,30.0,17.156398104265403,20.0,10.0,20.0,17.156398104265403,1715.6398104265402,0.0,1715.6398104265402,1715.6398104265402,0.6862559241706161,5.0,1.0293838862559241,13.333333333333332
ST014,SKU0007,0.8815165876777251,0.0,7,3.7847047533409572,16.522089479187972,22.69270559293205,0.0,26.445497630331754,17.6303317535545,17.6303317535545,0.0,30.0,17.6303317535545,19.999999999999996,10.000000000000004,19.999999999999996,17.6303317535545,1763.03317535545,0.0,1763.03317535545,1763.03317535545,0.7052132701421802,5.0000000000000036,1.0578199052132702,13.333333333333336
ST014,SKU0008,0.6037735849056604,0.0,7,2.764635317973104,12.068986903285639,16.295401997625262,0.0,18.11320754716981,12.075471698113207,12.075471698113207,0.0,30.0,12.075471698113207,20.0,10.0,20.0,12.075471698113207,1207.5471698113206,0.0,1207.5471698113206,1207.5471698113206,0.4830188679245283,5.0000000000000036,0.7245283018867924,13.333333333333332
ST014,SKU0009,0.2971698113207547,0.0,7,1.1889664592281957,5.190420787719458,7.270609466964741,0.0,8.915094339622641,5.943396226415095,5.943396226415095,0.0,30.0,5.943396226415095,20.0,10.0,20.0,5.943396226415095,594.3396226415094,0.0,594.3396226415094,594.3396226415094,0.23773584905660378,5.0,0.35660377358490564,13.333333333333332
ST014,SKU0010,0.2796208530805687,0.0,7,0.977124960737577,4.265628915809879,6.22297488737386,0.0,8.388625592417062,5.592417061611375,5.592417061611375,0.0,30.0,5.592417061611375,20.0,10.0,20.0,5.592417061611375,559.2417061611375,0.0,559.2417061611375,559.2417061611375,0.22369668246445498,5.0,0.33554502369668243,13.333333333333329
ST014,SKU0011,0.6872037914691943,0.0,7,2.517893535928649,10.991838204277064,15.802264744561423,0.0,20.61611374407583,13.744075829383887,13.744075829383887,0.0,30.0,13.744075829383887,20.0,10.0,20.0,13.744075829383887,1374.4075829383887,0.0,1374.4075829383887,1374.4075829383887,0.5497630331753555,5.0,0.8246445497630331,13.333333333333332
ST014,SKU0012,1.3396226415094339,0.0,7,8.37835938701982,36.57564129908371,45.95299978964975,0.0,40.18867924528302,26.79245283018868,26.79245283018868,0.0,30.0,26.79245283018868,20.0,10.0,20.0,26.79245283018868,2679.245283018868,0.0,2679.245283018868,2679.245283018868,1.0716981132075472,5.0,1.6075471698113206,13.333333333333332
ST014,SKU0013,0.6066350710900474,0.0,7,2.2128958735433337,9.660374061816551,13.906819559446884,0.0,18.199052132701425,12.132701421800949,12.132701421800949,0.0,30.0,12.132701421800949,20.0,10.0,20.0,12.132701421800949,1213.2701421800948,0.0,1213.2701421800948,1213.2701421800948,0.485308056872038,5.0,0.727962085308057,13.333333333333332
ST014,SKU0014,0.6587677725118484,0.0,7,2.64343866927049,11.53990418615304,16.151278593735977,0.0,19.763033175355453,13.175355450236967,13.175355450236967,0.0,30.0,13.175355450236967,20.0,10.0,20.0,13.175355450236967,1317.5355450236968,0.0,1317.5355450236968,1317.5355450236968,0.5270142180094787,5.0,0.7905213270142181,13.333333333333332
ST014,SKU0015,0.6084905660377359,0.0,7,2.2013618328984115,9.610022326605561,13.869456288869713,0.0,18.254716981132077,12.169811320754718,12.169811320754718,0.0,30.0,12.169811320754718,20.0,10.0,20.0,12.169811320754718,1216.9811320754718,0.0,1216.9811320754718,1216.9811320754718,0.48679245283018874,5.0,0.7301886792452831,13.333333333333332
ST014,SKU0016,0.6729857819905213,0.0,7,2.8119100599967943,12.27536430092318,16.986264774856828,0.0,20.18957345971564,13.459715639810426,13.459715639810426,0.0,30.0,13.459715639810426,20.0,10.0,20.0,13.459715639810426,1345.9715639810427,0.0,1345.9715639810427,1345.9715639810427,0.5383886255924171,5.0,0.8075829383886255,13.333333333333332
ST014,SKU0017,0.6431924882629108,0.0,7,2.2136823981644946,9.663807626920127,14.166155044760501,0.0,19.295774647887324,12.863849765258216,12.863849765258216,0.0,30.0,12.863849765258216,20.0,10.0,20.0,12.863849765258216,1286.3849765258217,0.0,1286.3849765258217,1286.3849765258217,0.5145539906103286,4.9999999999999964,0.7718309859154929,13.333333333333332
ST014,SKU0018,0.28773584905660377,0.0,7,1.3998106053468293,6.110858728158512,8.125009671554738,0.0,8.632075471698112,5.754716981132075,5.754716981132075,0.0,30.0,5.754716981132075,20.0,10.0,20.0,5.754716981132075,575.4716981132075,0.0,575.4716981132075,575.4716981132075,0.23018867924528302,5.0,0.3452830188679245,13.333333333333332
ST014,SKU0019,1.150943396226415,0.0,7,4.6738000266083235,20.40342570428694,28.460029477871842,0.0,34.52830188679245,23.0188679245283,23.0188679245283,0.0,30.0,23.0188679245283,20.0,10.0,20.0,23.0188679245283,2301.88679245283,0.0,2301.88679245283,2301.88679245283,0.9207547169811321,5.0,1.381132075471698,13.333333333333332
ST014,SKU0020,0.5801886792452831,0.0,7,2.2745623947155558,9.929578622562879,13.99089937727986,0.0,17.40566037735849,11.60377358490566,11.60377358490566,0.0,30.0,11.60377358490566,20.0,10.0,20.0,11.60377358490566,1160.377358490566,0.0,1160.377358490566,1160.377358490566,0.4641509433962265,5.0000000000000036,0.6962264150943397,13.333333333333336
ST014,SKU0021,0.8773584905660378,0.0,7,3.053093622390895,13.328248649502022,19.469758083464285,0.0,26.32075471698113,17.547169811320757,17.547169811320757,0.0,30.0,17.547169811320757,20.0,10.0,20.0,17.547169811320757,1754.7169811320757,0.0,1754.7169811320757,1754.7169811320757,0.7018867924528303,5.0,1.0528301886792453,13.333333333333332
ST014,SKU0022,0.6587677725118484,0.0,7,2.6326080492643946,11.49262322646977,16.103997634052707,0.0,19.763033175355453,13.175355450236967,13.175355450236967,0.0,30.0,13.175355450236967,20.0,10.0,20.0,13.175355450236967,1317.5355450236968,0.0,1317.5355450236968,1317.5355450236968,0.5270142180094787,5.0,0.7905213270142181,13.333333333333332
ST014,SKU0023,0.8957345971563981,0.0,7,3.1272277096932877,13.65188024131558,19.922022421410368,0.0,26.872037914691944,17.914691943127963,17.914691943127963,0.0,30.0,17.914691943127963,20.0,10.0,20.0,17.914691943127963,1791.4691943127964,0.0,1791.4691943127964,1791.4691943127964,0.7165876777251186,5.0,1.0748815165876777,13.333333333333332
ST014,SKU0024,0.6161137440758294,0.0,7,2.7306943241165933,11.920817845444386,16.23361405397519,0.0,18.483412322274884,12.322274881516588,12.322274881516588,0.0,30.0,12.322274881516588,20.0,10.0,20.0,12.322274881516588,1232.2274881516587,0.0,1232.2274881516587,1232.2274881516587,0.49289099526066354,5.0,0.7393364928909952,13.333333333333332
ST014,SKU0025,0.6919431279620853,0.0,7,2.652021962953601,11.577374466003356,16.420976361737953,0.0,20.75829383886256,13.838862559241708,13.838862559241708,0.0,30.0,13.838862559241708,20.0,10.0,20.0,13.838862559241708,1383.8862559241709,0.0,1383.8862559241709,1383.8862559241709,0.5535545023696683,5.0,0.8303317535545024,13.333333333333332
ST014,SKU0026,0.27699530516431925,0.0,7,1.3609397367109937,5.941168352926967,7.880135489077202,0.0,8.309859154929578,5.539906103286385,5.539906103286385,0.0,30.0,5.539906103286385,20.0,10.0,20.0,5.539906103286385,553.9906103286385,0.0,553.9906103286385,553.9906103286385,0.2215962441314554,5.0,0.3323943661971831,13.333333333333332
ST014,SKU0027,0.28169014084507044,0.0,7,1.2978548912065453,5.665772111969159,7.637603097884652,0.0,8.450704225352114,5.633802816901409,5.633802816901409,0.0,30.0,5.633802816901409,20.0,10.0,20.0,5.633802816901409,563.3802816901409,0.0,563.3802816901409,563.3802816901409,0.22535211267605637,5.0,0.3380281690140845,13.333333333333332
ST014,SKU0028,0.3222748815165877,0.0,7,1.3167154446483802,5.748107663062788,8.004031833678901,0.0,9.66824644549763,6.4454976303317535,6.4454976303317535,0.0,30.0,6.4454976303317535,20.0,10.0,20.0,6.4454976303317535,644.5497630331754,0.0,644.5497630331754,644.5497630331754,0.25781990521327014,5.0,0.3867298578199052,13.333333333333332
ST014,SKU0029,0.7109004739336493,0.0,7,2.970782267437919,12.968919280286164,17.945222597821708,0.0,21.32701421800948,14.218009478672986,14.218009478672986,0.0,30.0,14.218009478672986,20.0,10.0,20.0,14.218009478672986,1421.8009478672986,0.0,1421.8009478672986,1421.8009478672986,0.5687203791469194,5.0,0.8530805687203792,13.333333333333332
ST014,SKU0030,0.46445497630331756,0.0,7,2.931344086577963,12.796752309404384,16.04793714352761,0.0,13.933649289099527,9.289099526066352,9.289099526066352,0.0,30.0,9.289099526066352,20.0,10.0,20.0,9.289099526066352,928.9099526066352,0.0,928.9099526066352,928.9099526066352,0.3715639810426541,5.0000000000000036,0.557345971563981,13.333333333333332
ST014,SKU0031,0.6244131455399061,0.0,7,2.6170279229042133,11.424608345892167,15.795500364671511,0.0,18.732394366197184,12.488262910798122,12.488262910798122,0.0,30.0,12.488262910798122,20.0,10.0,20.0,12.488262910798122,1248.826291079812,0.0,1248.826291079812,1248.826291079812,0.4995305164319249,5.0000000000000036,0.7492957746478873,13.333333333333332
ST014,SKU0032,0.7216981132075472,0.0,7,2.935790090155654,12.816161292065594,17.868048084518424,0.0,21.650943396226417,14.433962264150944,14.433962264150944,0.0,30.0,14.433962264150944,20.0,10.0,20.0,14.433962264150944,1443.3962264150944,0.0,1443.3962264150944,1443.3962264150944,0.5773584905660377,5.0,0.8660377358490566,13.333333333333332
ST014,SKU0033,1.0330188679245282,0.0,7,3.762353344860823,16.42451463650872,23.65564671198042,0.0,30.990566037735846,20.660377358490564,20.660377358490564,0.0,30.0,20.660377358490564,20.0,10.0,20.0,20.660377358490564,2066.0377358490564,0.0,2066.0377358490564,2066.0377358490564,0.8264150943396227,5.0000000000000036,1.2396226415094338,13.333333333333332
ST014,SKU0034,0.3222748815165877,0.0,7,1.4993416143298683,6.545360319047465,8.80128448966358,0.0,9.66824644549763,6.4454976303317535,6.4454976303317535,0.0,30.0,6.4454976303317535,20.0,10.0,20.0,6.4454976303317535,644.5497630331754,0.0,644.5497630331754,644.5497630331754,0.25781990521327014,5.0,0.3867298578199052,13.333333333333332
ST014,SKU0035,0.3033175355450237,0.0,7,1.553165243907266,6.7803268176065465,8.903549566421713,0.0,9.099526066350712,6.066350710900474,6.066350710900474,0.0,30.0,6.066350710900474,20.0,10.0,20.0,6.066350710900474,606.6350710900474,0.0,606.6350710900474,606.6350710900474,0.242654028436019,5.0,0.3639810426540285,13.333333333333332
ST014,SKU0036,1.1462264150943395,0.0,7,4.553248400935968,19.877158828525495,27.900743734185873,0.0,34.386792452830186,22.92452830188679,22.92452830188679,0.0,30.0,22.92452830188679,20.0,10.0,20.0,22.92452830188679,2292.452830188679,0.0,2292.452830188679,2292.452830188679,0.9169811320754717,5.0,1.3754716981132074,13.333333333333332
ST014,SKU0037,0.8625592417061612,0.0,7,2.7903014157114505,12.181031987658523,18.21894667960165,0.0,25.876777251184834,17.251184834123222,17.251184834123222,0.0,30.0,17.251184834123222,20.0,10.0,20.0,17.251184834123222,1725.1184834123223,0.0,1725.1184834123223,1725.1184834123223,0.6900473933649289,5.0,1.0350710900473934,13.333333333333336
ST014,SKU0038,1.150943396226415,0.0,7,4.5588151217521835,19.90146029070692,27.958064064291825,0.0,34.52830188679245,23.0188679245283,23.0188679245283,0.0,30.0,23.0188679245283,20.0,10.0,20.0,23.0188679245283,2301.88679245283,0.0,2301.88679245283,2301.88679245283,0.9207547169811321,5.0,1.381132075471698,13.333333333333332
ST014,SKU0039,0.2796208530805687,0.0,7,1.1922415256830643,5.204718056474666,7.162064028038646,0.0,8.388625592417062,5.592417061611375,5.592417061611375,0.0,30.0,5.592417061611375,20.0,10.0,20.0,5.592417061611375,559.2417061611375,0.0,559.2417061611375,559.2417061611375,0.22369668246445498,5.0,0.33554502369668243,13.333333333333329
ST014,SKU0040,0.6179245283018868,0.0,7,2.5759109066534824,11.245112436465647,15.570584134578855,0.0,18.537735849056606,12.358490566037737,12.358490566037737,0.0,30.0,12.358490566037737,20.0,10.0,20.0,12.358490566037737,1235.8490566037738,0.0,1235.8490566037738,1235.8490566037738,0.4943396226415095,5.0,0.7415094339622642,13.333333333333332
ST014,SKU0041,0.32075471698113206,0.0,7,1.4145296795870421,6.175114694606866,8.42039771347479,0.0,9.622641509433961,6.415094339622641,6.415094339622641,0.0,30.0,6.415094339622641,20.0,10.0,20.0,6.415094339622641,641.5094339622641,0.0,641.5094339622641,641.5094339622641,0.25660377358490566,5.0000000000000036,0.38490566037735846,13.333333333333332
ST014,SKU0042,0.6682464454976303,0.0,7,2.766101994456696,12.0753896643141,16.75311478279751,0.0,20.04739336492891,13.364928909952607,13.364928909952607,0.0,30.0,13.364928909952607,20.0,10.0,20.0,13.364928909952607,1336.4928909952607,0.0,1336.4928909952607,1336.4928909952607,0.5345971563981043,5.0000000000000036,0.8018957345971564,13.333333333333332
ST014,SKU0043,0.32701421800947866,0.0,7,1.3774303524996692,6.013157965693166,8.302257491759516,0.0,9.81042654028436,6.540284360189573,6.540284360189573,0.0,30.0,6.540284360189573,20.0,10.0,20.0,6.540284360189573,654.0284360189573,0.0,654.0284360189573,654.0284360189573,0.2616113744075829,5.0,0.3924170616113744,13.333333333333336
ST014,SKU0044,1.2300469483568075,0.0,7,5.042146751703088,22.011439525182542,30.621768163680194,0.0,36.901408450704224,24.600938967136152,24.600938967136152,0.0,30.0,24.600938967136152,20.0,10.0,20.0,24.600938967136152,2460.0938967136153,0.0,2460.0938967136153,2460.0938967136153,0.9840375586854461,5.0,1.476056338028169,13.333333333333332
ST014,SKU0045,0.5924170616113744,0.0,7,2.9414507817439,12.840872982680967,16.987792413960587,0.0,17.77251184834123,11.848341232227488,11.848341232227488,0.0,30.0,11.848341232227488,20.0,10.0,20.0,11.848341232227488,1184.8341232227488,0.0,1184.8341232227488,1184.8341232227488,0.47393364928909953,5.0,0.7109004739336493,13.333333333333332
ST014,SKU0046,0.5876777251184834,0.0,7,2.318792750431537,10.122665783243157,14.236409859072541,0.0,17.6303317535545,11.753554502369667,11.753554502369667,0.0,30.0,11.753554502369667,20.0,10.0,20.0,11.753554502369667,1175.3554502369666,0.0,1175.3554502369666,1175.3554502369666,0.4701421800947867,5.0,0.70521327014218,13.333333333333336
ST014,SKU0047,0.9112149532710281,0.0,7,3.143898692140384,13.724657242864712,20.10316191576191,0.0,27.336448598130843,18.22429906542056,18.22429906542056,0.0,30.0,18.22429906542056,19.999999999999996,10.000000000000004,19.999999999999996,18.22429906542056,1822.429906542056,0.0,1822.429906542056,1822.429906542056,0.7289719626168225,5.0000000000000036,1.0934579439252337,13.333333333333336
ST014,SKU0048,1.070754716981132,0.0,7,5.40139471160425,23.57973278067708,31.075015799545003,0.0,32.12264150943396,21.41509433962264,21.41509433962264,0.0,30.0,21.41509433962264,20.0,10.0,20.0,21.41509433962264,2141.509433962264,0.0,2141.509433962264,2141.509433962264,0.8566037735849057,5.0,1.2849056603773583,13.333333333333332
ST014,SKU0049,0.6367924528301887,0.0,7,2.288476198733616,9.990319190180298,14.447866359991618,0.0,19.10377358490566,12.735849056603774,12.735849056603774,0.0,30.0,12.735849056603774,20.0,10.0,20.0,12.735849056603774,1273.5849056603774,0.0,1273.5849056603774,1273.5849056603774,0.5094339622641509,5.0,0.7641509433962265,13.333333333333332
ST014,SKU0050,0.7772511848341233,0.0,7,3.2179043799514147,14.047728308025956,19.48848660186482,0.0,23.3175355450237,15.545023696682465,15.545023696682465,0.0,30.0,15.545023696682465,20.0,10.0,20.0,15.545023696682465,1554.5023696682465,0.0,1554.5023696682465,1554.5023696682465,0.6218009478672987,5.0000000000000036,0.9327014218009478,13.333333333333332
ST014,SKU0051,1.1267605633802817,0.0,7,4.660946470806162,20.347313639296512,28.234637582958484,0.0,33.802816901408455,22.535211267605636,22.535211267605636,0.0,30.0,22.535211267605636,20.0,10.0,20.0,22.535211267605636,2253.5211267605637,0.0,2253.5211267605637,2253.5211267605637,0.9014084507042255,5.0,1.352112676056338,13.333333333333332
ST014,SKU0052,0.7251184834123223,0.0,7,3.293613496882599,14.378235675403326,19.454065059289583,0.0,21.75355450236967,14.502369668246446,14.502369668246446,0.0,30.0,14.502369668246446,20.0,10.0,20.0,14.502369668246446,1450.2369668246447,0.0,1450.2369668246447,1450.2369668246447,0.5800947867298579,5.0000000000000036,0.8701421800947867,13.333333333333332
ST014,SKU0053,0.8490566037735849,0.0,7,4.238824063055594,18.50454263163243,24.44793885804752,0.0,25.471698113207548,16.9811320754717,16.9811320754717,0.0,30.0,16.9811320754717,20.0,10.0,20.0,16.9811320754717,1698.1132075471698,0.0,1698.1132075471698,1698.1132075471698,0.679245283018868,5.0,1.0188679245283019,13.333333333333332
ST014,SKU0054,0.6587677725118484,0.0,7,2.413682505278972,10.536906027178585,15.148280434761524,0.0,19.763033175355453,13.175355450236967,13.175355450236967,0.0,30.0,13.175355450236967,20.0,10.0,20.0,13.175355450236967,1317.5355450236968,0.0,1317.5355450236968,1317.5355450236968,0.5270142180094787,5.0,0.7905213270142181,13.333333333333332
ST014,SKU0055,1.2112676056338028,0.0,7,4.844513020362782,21.14867151390561,29.62754475334223,0.0,36.33802816901408,24.225352112676056,24.225352112676056,0.0,30.0,24.225352112676056,20.0,10.0,20.0,24.225352112676056,2422.5352112676055,0.0,2422.5352112676055,2422.5352112676055,0.9690140845070423,5.0,1.4535211267605632,13.333333333333332
ST014,SKU0056,0.32075471698113206,0.0,7,1.3065432835820552,5.703701199074764,7.948984217942689,0.0,9.622641509433961,6.415094339622641,6.415094339622641,0.0,30.0,6.415094339622641,20.0,10.0,20.0,6.415094339622641,641.5094339622641,0.0,641.5094339622641,641.5094339622641,0.25660377358490566,5.0000000000000036,0.38490566037735846,13.333333333333332
ST014,SKU0057,0.6682464454976303,0.0,7,2.655432214110786,11.592261882179153,16.269987000662567,0.0,20.04739336492891,13.364928909952607,13.364928909952607,0.0,30.0,13.364928909952607,20.0,10.0,20.0,13.364928909952607,1336.4928909952607,0.0,1336.4928909952607,1336.4928909952607,0.5345971563981043,5.0000000000000036,0.8018957345971564,13.333333333333332
ST014,SKU0058,0.7014218009478673,0.0,7,3.1230247650541445,13.633532329938161,18.543484936573233,0.0,21.04265402843602,14.028436018957347,14.028436018957347,0.0,30.0,14.028436018957347,20.0,10.0,20.0,14.028436018957347,1402.8436018957348,0.0,1402.8436018957348,1402.8436018957348,0.5611374407582939,5.0,0.8417061611374408,13.333333333333332
ST014,SKU0059,0.32701421800947866,0.0,7,1.3980190389011944,6.103037663359055,8.392137189425405,0.0,9.81042654028436,6.540284360189573,6.540284360189573,0.0,30.0,6.540284360189573,20.0,10.0,20.0,6.540284360189573,654.0284360189573,0.0,654.0284360189573,654.0284360189573,0.2616113744075829,5.0,0.3924170616113744,13.333333333333336
ST014,SKU0060,1.2654028436018958,0.0,7,4.894670299105369,21.367632595793456,30.22545250100673,0.0,37.96208530805687,25.308056872037916,25.308056872037916,0.0,30.0,25.308056872037916,20.0,10.0,20.0,25.308056872037916,2530.8056872037914,0.0,2530.8056872037914,2530.8056872037914,1.0123222748815166,5.0,1.518483412322275,13.333333333333332
ST014,SKU0061,0.8625592417061612,0.0,7,3.6272869423234058,15.834883652378373,21.872798344321502,0.0,25.876777251184834,17.251184834123222,17.251184834123222,0.0,30.0,17.251184834123222,20.0,10.0,20.0,17.251184834123222,1725.1184834123223,0.0,1725.1184834123223,1725.1184834123223,0.6900473933649289,5.0,1.0350710900473934,13.333333333333336
ST014,SKU0062,1.0325581395348837,0.0,7,3.8285524051265445,16.713505949816025,23.94141292656021,0.0,30.976744186046513,20.651162790697676,20.651162790697676,0.0,30.0,20.651162790697676,20.0,10.0,20.0,20.651162790697676,2065.1162790697676,0.0,2065.1162790697676,2065.1162790697676,0.826046511627907,5.0,1.2390697674418605,13.333333333333332
ST014,SKU0063,0.3018867924528302,0.0,7,1.4647181526642472,6.394211955040036,8.507419502209848,0.0,9.056603773584905,6.037735849056603,6.037735849056603,0.0,30.0,6.037735849056603,20.0,10.0,20.0,6.037735849056603,603.7735849056603,0.0,603.7735849056603,603.7735849056603,0.24150943396226415,5.0000000000000036,0.3622641509433962,13.333333333333332
ST014,SKU0064,0.3412322274881517,0.0,7,1.67819528862584,7.326144185421988,9.71476977783905,0.0,10.23696682464455,6.8246445497630335,6.8246445497630335,0.0,30.0,6.8246445497630335,20.0,10.0,20.0,6.8246445497630335,682.4644549763034,0.0,682.4644549763034,682.4644549763034,0.27298578199052137,5.0000000000000036,0.409478672985782,13.333333333333332
ST014,SKU0065,0.323943661971831,0.0,7,1.3150935961452994,5.74102750018722,8.008633133990038,0.0,9.71830985915493,6.47887323943662,6.47887323943662,0.0,30.0,6.47887323943662,20.0,10.0,20.0,6.47887323943662,647.887323943662,0.0,647.887323943662,647.887323943662,0.25915492957746483,5.0000000000000036,0.38873239436619716,13.333333333333332
ST014,SKU0066,0.7630331753554502,0.0,7,3.465580181460566,15.128954459352942,20.470186686841092,0.0,22.89099526066351,15.260663507109005,15.260663507109005,0.0,30.0,15.260663507109005,20.0,10.0,20.0,15.260663507109005,1526.0663507109005,0.0,1526.0663507109005,1526.0663507109005,0.6104265402843603,5.0000000000000036,0.9156398104265402,13.333333333333332
ST014,SKU0067,0.6525821596244131,0.0,7,2.6637778887556713,11.628694838574306,16.1967699559452,0.0,19.577464788732392,13.051643192488262,13.051643192488262,0.0,30.0,13.051643192488262,20.0,10.0,20.0,13.051643192488262,1305.1643192488261,0.0,1305.1643192488261,1305.1643192488261,0.5220657276995305,5.0000000000000036,0.7830985915492957,13.333333333333332
ST014,SKU0068,0.7061611374407583,0.0,7,2.737553644198314,11.950762136358106,16.893890098443414,0.0,21.184834123222746,14.123222748815165,14.123222748815165,0.0,30.0,14.123222748815165,20.0,10.0,20.0,14.123222748815165,1412.3222748815165,0.0,1412.3222748815165,1412.3222748815165,0.5649289099526066,5.0,0.8473933649289099,13.333333333333336
ST014,SKU0069,1.1516587677725119,0.0,7,3.733469546472112,16.298422713207216,24.3600340876148,0.0,34.54976303317535,23.033175355450236,23.033175355450236,0.0,30.0,23.033175355450236,20.0,10.0,20.0,23.033175355450236,2303.3175355450235,0.0,2303.3175355450235,2303.3175355450235,0.9213270142180096,5.0000000000000036,1.3819905213270143,13.333333333333336
ST014,SKU0070,0.35377358490566035,0.0,7,1.5584458492616695,6.803379245696932,9.279794340036554,0.0,10.61320754716981,7.075471698113207,7.075471698113207,0.0,30.0,7.075471698113207,20.0,10.0,20.0,7.075471698113207,707.5471698113207,0.0,707.5471698113207,707.5471698113207,0.2830188679245283,5.0000000000000036,0.4245283018867924,13.333333333333336
ST014,SKU0071,1.146919431279621,0.0,7,3.880626788861582,16.94083613373179,24.969272152689136,0.0,34.40758293838863,22.938388625592417,22.938388625592417,0.0,30.0,22.938388625592417,20.0,10.0,20.0,22.938388625592417,2293.8388625592415,0.0,2293.8388625592415,2293.8388625592415,0.9175355450236968,5.0000000000000036,1.376303317535545,13.333333333333332
ST014,SKU0072,0.7594339622641509,0.0,7,3.001367091413394,13.102437013203621,18.418474749052677,0.0,22.78301886792453,15.18867924528302,15.18867924528302,0.0,30.0,15.18867924528302,20.0,10.0,20.0,15.18867924528302,1518.867924528302,0.0,1518.867924528302,1518.867924528302,0.6075471698113208,5.0000000000000036,0.911320754716981,13.333333333333332
ST014,SKU0073,0.8862559241706162,0.0,7,3.0622666225402804,13.368293286835216,19.57208475602953,0.0,26.587677725118485,17.725118483412324,17.725118483412324,0.0,30.0,17.725118483412324,20.0,10.0,20.0,17.725118483412324,1772.5118483412323,0.0,1772.5118483412323,1772.5118483412323,0.709004739336493,5.0,1.0635071090047394,13.333333333333332
ST014,SKU0074,1.1374407582938388,0.0,7,4.612103237811963,20.134089010540304,28.096174318597175,0.0,34.12322274881517,22.748815165876778,22.748815165876778,0.0,30.0,22.748815165876778,20.0,10.0,20.0,22.748815165876778,2274.8815165876777,0.0,2274.8815165876777,2274.8815165876777,0.9099526066350712,5.0,1.3649289099526065,13.333333333333332
ST014,SKU0075,0.7014218009478673,0.0,7,2.9505363301478678,12.880535850323504,17.790488456958578,0.0,21.04265402843602,14.028436018957347,14.028436018957347,0.0,30.0,14.028436018957347,20.0,10.0,20.0,14.028436018957347,1402.8436018957348,0.0,1402.8436018957348,1402.8436018957348,0.5611374407582939,5.0,0.8417061611374408,13.333333333333332
ST014,SKU0076,0.27014218009478674,0.0,7,1.214205395142568,5.300601101565245,7.191596362228752,0.0,8.104265402843602,5.402843601895735,5.402843601895735,0.0,30.0,5.402843601895735,20.0,10.0,20.0,5.402843601895735,540.2843601895735,0.0,540.2843601895735,540.2843601895735,0.2161137440758294,5.0,0.3241706161137441,13.333333333333332
ST014,SKU0077,1.1184834123222749,0.0,7,3.946087824362336,17.2266056075564,25.055989493812326,0.0,33.55450236966825,22.3696682464455,22.3696682464455,0.0,30.0,22.3696682464455,20.0,10.0,20.0,22.3696682464455,2236.96682464455,0.0,2236.96682464455,2236.96682464455,0.8947867298578199,5.0,1.3421800947867297,13.333333333333329
ST014,SKU0078,0.8436018957345972,0.0,7,3.356471263919922,14.652640607660148,20.55785387780233,0.0,25.308056872037916,16.872037914691944,16.872037914691944,0.0,30.0,16.872037914691944,20.0,10.0,20.0,16.872037914691944,1687.2037914691944,0.0,1687.2037914691944,1687.2037914691944,0.6748815165876778,5.0,1.0123222748815166,13.333333333333332
ST014,SKU0079,0.3443396226415094,0.0,7,1.495432552534851,6.528295350188286,8.938672708678851,0.0,10.330188679245282,6.886792452830188,6.886792452830188,0.0,30.0,6.886792452830188,20.0,10.0,20.0,6.886792452830188,688.6792452830189,0.0,688.6792452830189,688.6792452830189,0.27547169811320754,5.0,0.4132075471698113,13.333333333333332
ST014,SKU0080,0.6698113207547169,0.0,7,2.6240654327800303,11.455330522510113,16.144009767793133,0.0,20.09433962264151,13.39622641509434,13.39622641509434,0.0,30.0,13.39622641509434,20.0,10.0,20.0,13.39622641509434,1339.622641509434,0.0,1339.622641509434,1339.622641509434,0.5358490566037736,5.0,0.8037735849056603,13.333333333333332
ST014,SKU0081,0.2971698113207547,0.0,7,1.2008652131388344,5.242364674921984,7.322553354167267,0.0,8.915094339622641,5.943396226415095,5.943396226415095,0.0,30.0,5.943396226415095,20.0,10.0,20.0,5.943396226415095,594.3396226415094,0.0,594.3396226415094,594.3396226415094,0.23773584905660378,5.0,0.35660377358490564,13.333333333333332
ST014,SKU0082,1.1042654028436019,0.0,7,4.455978413823837,19.45252770524239,27.182385525147602,0.0,33.127962085308056,22.085308056872037,22.085308056872037,0.0,30.0,22.085308056872037,20.0,10.0,20.0,22.085308056872037,2208.5308056872036,0.0,2208.5308056872036,2208.5308056872036,0.8834123222748815,5.0,1.3251184834123222,13.333333333333332
ST014,SKU0083,0.26540284360189575,0.0,7,1.2054191935515013,5.262245029340155,7.120064934553426,0.0,7.9620853080568725,5.308056872037915,5.308056872037915,0.0,30.0,5.308056872037915,20.0,10.0,20.0,5.308056872037915,530.8056872037915,0.0,530.8056872037915,530.8056872037915,0.21232227488151661,5.0,0.3184834123222749,13.333333333333332
ST014,SKU0084,0.2688679245283019,0.0,7,0.8422339069625363,3.6767634148891517,5.558838886587265,0.0,8.066037735849056,5.377358490566038,5.377358490566038,0.0,30.0,5.377358490566038,20.0,10.0,20.0,5.377358490566038,537.7358490566038,0.0,537.7358490566038,537.7358490566038,0.21509433962264152,5.0,0.32264150943396225,13.333333333333332
ST014,SKU0085,1.2018779342723005,0.0,7,4.623728406952129,20.184838566255305,28.59798410616141,0.0,36.056338028169016,24.037558685446008,24.037558685446008,0.0,30.0,24.037558685446008,20.0,10.0,20.0,24.037558685446008,2403.7558685446006,0.0,2403.7558685446006,2403.7558685446006,0.9615023474178405,5.0000000000000036,1.4422535211267606,13.333333333333336
ST014,SKU0086,0.32701421800947866,0.0,7,1.4014210797094602,6.117889237341516,8.406988763407867,0.0,9.81042654028436,6.540284360189573,6.540284360189573,0.0,30.0,6.540284360189573,20.0,10.0,20.0,6.540284360189573,654.0284360189573,0.0,654.0284360189573,654.0284360189573,0.2616113744075829,5.0,0.3924170616113744,13.333333333333336
ST014,SKU0087,0.2641509433962264,0.0,7,1.2026974957185355,5.250363485583835,7.0994200893574195,0.0,7.9245283018867925,5.283018867924528,5.283018867924528,0.0,30.0,5.283018867924528,20.0,10.0,20.0,5.283018867924528,528.3018867924528,0.0,528.3018867924528,528.3018867924528,0.21132075471698114,5.0000000000000036,0.3169811320754717,13.333333333333332
ST014,SKU0088,0.8726415094339622,0.0,7,3.478819678323059,15.186751346052876,21.29524191209061,0.0,26.17924528301887,17.452830188679243,17.452830188679243,0.0,30.0,17.452830188679243,20.0,10.0,20.0,17.452830188679243,1745.2830188679243,0.0,1745.2830188679243,1745.2830188679243,0.6981132075471699,5.0000000000000036,1.0471698113207546,13.333333333333332
ST014,SKU0089,0.6208530805687204,0.0,7,2.9371740925148564,12.822203140058615,17.168174704039657,0.0,18.62559241706161,12.417061611374407,12.417061611374407,0.0,30.0,12.417061611374407,20.0,10.0,20.0,12.417061611374407,1241.7061611374406,0.0,1241.7061611374406,1241.7061611374406,0.4966824644549763,5.0,0.7450236966824644,13.333333333333332
ST014,SKU0090,0.6398104265402843,0.0,7,2.480999791191198,10.830778942986894,15.309451928768883,0.0,19.19431279620853,12.796208530805686,12.796208530805686,0.0,30.0,12.796208530805686,20.0,10.0,20.0,12.796208530805686,1279.6208530805686,0.0,1279.6208530805686,1279.6208530805686,0.5118483412322274,5.0,0.7677725118483412,13.333333333333332
ST015,SKU0001,0.20754716981132076,0.0,7,0.7692796055456947,3.3582821661638254,4.811112354843071,0.0,6.226415094339623,4.150943396226415,4.150943396226415,0.0,30.0,4.150943396226415,20.0,10.0,20.0,4.150943396226415,415.0943396226415,0.0,415.0943396226415,415.0943396226415,0.16603773584905662,5.0000000000000036,0.2490566037735849,13.333333333333332
ST015,SKU0002,0.20754716981132076,0.0,7,0.8677145569061487,3.7879989288310507,5.240829117510296,0.0,6.226415094339623,4.150943396226415,4.150943396226415,0.0,30.0,4.150943396226415,20.0,10.0,20.0,4.150943396226415,415.0943396226415,0.0,415.0943396226415,415.0943396226415,0.16603773584905662,5.0000000000000036,0.2490566037735849,13.333333333333332
ST015,SKU0003,0.47641509433962265,0.0,7,1.9360413946649975,8.451768696046887,11.786674356424246,0.0,14.29245283018868,9.528301886792454,9.528301886792454,0.0,30.0,9.528301886792454,20.0,10.0,20.0,9.528301886792454,952.8301886792453,0.0,952.8301886792453,952.8301886792453,0.38113207547169814,5.0,0.5716981132075472,13.333333333333332
ST015,SKU0004,0.5023696682464455,0.0,7,2.1676724572089467,9.462951705271637,12.979539382996755,0.0,15.071090047393364,10.04739336492891,10.04739336492891,0.0,30.0,10.04739336492891,20.0,10.0,20.0,10.04739336492891,1004.739336492891,0.0,1004.739336492891,1004.739336492891,0.4018957345971564,5.0,0.6028436018957345,13.333333333333332
ST015,SKU0005,0.43601895734597157,0.0,7,1.8566306604068343,8.105101956491263,11.157234657913063,0.0,13.080568720379148,8.72037914691943,8.72037914691943,0.0,30.0,8.72037914691943,20.0,10.0,20.0,8.72037914691943,872.0379146919431,0.0,872.0379146919431,872.0379146919431,0.3488151658767773,5.0000000000000036,0.5232227488151658,13.333333333333332
ST015,SKU0006,0.5545023696682464,0.0,7,1.8874563668861648,8.239671259489361,12.121187847167086,0.0,16.635071090047393,11.090047393364928,11.090047393364928,0.0,30.0,11.090047393364928,20.0,10.0,20.0,11.090047393364928,1109.0047393364928,0.0,1109.0047393364928,1109.0047393364928,0.44360189573459713,5.0,0.6654028436018956,13.333333333333332
ST015,SKU0007,0.5781990521327014,0.0,7,2.1662560588652777,9.456768432943296,13.504161797872205,0.0,17.345971563981042,11.563981042654028,11.563981042654028,0.0,30.0,11.563981042654028,20.0,10.0,20.0,11.563981042654028,1156.3981042654027,0.0,1156.3981042654027,1156.3981042654027,0.46255924170616114,5.0,0.6938388625592417,13.333333333333332
ST015,SKU0008,0.3981042654028436,0.0,7,1.6512033731655078,7.208311257488412,9.995041115308318,0.0,11.943127962085308,7.9620853080568725,7.9620853080568725,0.0,30.0,7.9620853080568725,20.0,10.0,20.0,7.9620853080568725,796.2085308056872,0.0,796.2085308056872,796.2085308056872,0.3184834123222749,5.0,0.4777251184834123,13.333333333333332
ST015,SKU0009,0.1848341232227488,0.0,7,0.8557688528432941,3.7358500812243367,5.029688943783579,0.0,5.545023696682464,3.6966824644549763,3.6966824644549763,0.0,30.0,3.6966824644549763,20.0,10.0,20.0,3.6966824644549763,369.66824644549763,0.0,369.66824644549763,369.66824644549763,0.14786729857819905,5.0,0.22180094786729856,13.333333333333332
ST015,SKU0010,0.18867924528301888,0.0,7,0.9649124661050483,4.212315396728998,5.533070113710131,0.0,5.660377358490567,3.7735849056603774,3.7735849056603774,0.0,30.0,3.7735849056603774,20.0,10.0,20.0,3.7735849056603774,377.35849056603774,0.0,377.35849056603774,377.35849056603774,0.15094339622641512,5.0000000000000036,0.22641509433962265,13.333333333333332
ST015,SKU0011,0.3981042654028436,0.0,7,1.484137141824712,6.4789853514909375,9.265715209310843,0.0,11.943127962085308,7.9620853080568725,7.9620853080568725,0.0,30.0,7.9620853080568725,20.0,10.0,20.0,7.9620853080568725,796.2085308056872,0.0,796.2085308056872,796.2085308056872,0.3184834123222749,5.0,0.4777251184834123,13.333333333333332
ST015,SKU0012,0.5566037735849056,0.0,7,2.330836713583461,10.175243579887523,14.071469994981863,0.0,16.69811320754717,11.132075471698112,11.132075471698112,0.0,30.0,11.132075471698112,20.0,10.0,20.0,11.132075471698112,1113.2075471698113,0.0,1113.2075471698113,1113.2075471698113,0.44528301886792454,5.0000000000000036,0.6679245283018868,13.333333333333336
ST015,SKU0013,0.4312796208530806,0.0,7,1.6150387795762342,7.050435097998564,10.069392443970129,0.0,12.938388625592417,8.625592417061611,8.625592417061611,0.0,30.0,8.625592417061611,20.0,10.0,20.0,8.625592417061611,862.5592417061612,0.0,862.5592417061612,862.5592417061612,0.34502369668246446,5.0,0.5175355450236967,13.333333333333336
ST015,SKU0014,0.46919431279620855,0.0,7,2.1342443326823077,9.31702157318854,12.601381762762001,0.0,14.075829383886257,9.383886255924171,9.383886255924171,0.0,30.0,9.383886255924171,20.0,10.0,20.0,9.383886255924171,938.3886255924172,0.0,938.3886255924172,938.3886255924172,0.37535545023696687,5.0,0.5630331753554503,13.333333333333332
ST015,SKU0015,0.5352112676056338,0.0,7,2.482947422574363,10.839281307657934,14.58576018089737,0.0,16.056338028169012,10.704225352112676,10.704225352112676,0.0,30.0,10.704225352112676,20.0,10.0,20.0,10.704225352112676,1070.4225352112676,0.0,1070.4225352112676,1070.4225352112676,0.428169014084507,5.0,0.6422535211267605,13.333333333333332
ST015,SKU0016,0.45023696682464454,0.0,7,1.8338451512648015,8.00563205185968,11.157290819632191,0.0,13.507109004739336,9.004739336492891,9.004739336492891,0.0,30.0,9.004739336492891,20.0,10.0,20.0,9.004739336492891,900.4739336492892,0.0,900.4739336492892,900.4739336492892,0.36018957345971564,5.0,0.5402843601895734,13.333333333333332
ST015,SKU0017,0.4339622641509434,0.0,7,1.9178328405407126,8.372279441234475,11.41001529029108,0.0,13.018867924528303,8.679245283018869,8.679245283018869,0.0,30.0,8.679245283018869,20.0,10.0,20.0,8.679245283018869,867.9245283018869,0.0,867.9245283018869,867.9245283018869,0.34716981132075475,5.0,0.5207547169811321,13.333333333333332
ST015,SKU0018,0.2132701421800948,0.0,7,0.9446663396895019,4.123931141140944,5.616822136401607,0.0,6.398104265402844,4.265402843601896,4.265402843601896,0.0,30.0,4.265402843601896,20.0,10.0,20.0,4.265402843601896,426.54028436018956,0.0,426.54028436018956,426.54028436018956,0.17061611374407584,5.0,0.2559241706161137,13.333333333333332
ST015,SKU0019,0.8009478672985783,0.0,7,3.3463838410372095,14.60860406733677,20.215239138426817,0.0,24.028436018957347,16.018957345971565,16.018957345971565,0.0,30.0,16.018957345971565,20.0,10.0,20.0,16.018957345971565,1601.8957345971564,0.0,1601.8957345971564,1601.8957345971564,0.6407582938388626,5.0,0.9611374407582939,13.333333333333332
ST015,SKU0020,0.45023696682464454,0.0,7,1.8103242121518281,7.902951635291908,11.05461040306442,0.0,13.507109004739336,9.004739336492891,9.004739336492891,0.0,30.0,9.004739336492891,20.0,10.0,20.0,9.004739336492891,900.4739336492892,0.0,900.4739336492892,900.4739336492892,0.36018957345971564,5.0,0.5402843601895734,13.333333333333332
ST015,SKU0021,0.6084905660377359,0.0,7,2.2692094338969415,9.906210327441402,14.165644289705554,0.0,18.254716981132077,12.169811320754718,12.169811320754718,0.0,30.0,12.169811320754718,20.0,10.0,20.0,12.169811320754718,1216.9811320754718,0.0,1216.9811320754718,1216.9811320754718,0.48679245283018874,5.0,0.7301886792452831,13.333333333333332
ST015,SKU0022,0.4858490566037736,0.0,7,1.8096077802497255,7.899824059228851,11.300767455455265,0.0,14.575471698113208,9.716981132075471,9.716981132075471,0.0,30.0,9.716981132075471,20.0,10.0,20.0,9.716981132075471,971.6981132075471,0.0,971.6981132075471,971.6981132075471,0.3886792452830189,5.0000000000000036,0.5830188679245283,13.333333333333332
ST015,SKU0023,0.5613207547169812,0.0,7,2.465114736559198,10.761432901190632,14.690678184209501,0.0,16.839622641509436,11.226415094339623,11.226415094339623,0.0,30.0,11.226415094339623,20.0,10.0,20.0,11.226415094339623,1122.6415094339623,0.0,1122.6415094339623,1122.6415094339623,0.449056603773585,5.0000000000000036,0.6735849056603774,13.333333333333332
ST015,SKU0024,0.44075829383886256,0.0,7,1.745756049440206,7.6210799883988525,10.706388045270891,0.0,13.222748815165877,8.81516587677725,8.81516587677725,0.0,30.0,8.81516587677725,19.999999999999996,10.000000000000004,19.999999999999996,8.81516587677725,881.516587677725,0.0,881.516587677725,881.516587677725,0.3526066350710901,5.0000000000000036,0.5289099526066351,13.333333333333336
ST015,SKU0025,0.41706161137440756,0.0,7,1.7172771612546753,7.496755696403878,10.416186976024731,0.0,12.511848341232227,8.34123222748815,8.34123222748815,0.0,30.0,8.34123222748815,20.0,10.0,20.0,8.34123222748815,834.1232227488151,0.0,834.1232227488151,834.1232227488151,0.33364928909952607,5.0000000000000036,0.500473933649289,13.333333333333332
ST015,SKU0026,0.18396226415094338,0.0,7,0.6946835062996004,3.0326336659857387,4.3203695150423425,0.0,5.518867924528301,3.6792452830188678,3.6792452830188678,0.0,30.0,3.6792452830188678,20.0,10.0,20.0,3.6792452830188678,367.92452830188677,0.0,367.92452830188677,367.92452830188677,0.1471698113207547,5.0,0.22075471698113205,13.333333333333332
ST015,SKU0027,0.1895734597156398,0.0,7,0.8955367148661253,3.9094562718148205,5.236470489824299,0.0,5.6872037914691935,3.791469194312796,3.791469194312796,0.0,30.0,3.791469194312796,20.0,10.0,20.0,3.791469194312796,379.14691943127957,0.0,379.14691943127957,379.14691943127957,0.15165876777251186,5.0000000000000036,0.22748815165876773,13.333333333333332
ST015,SKU0028,0.22274881516587677,0.0,7,0.83532373446924,3.6465971282983465,5.205838834459484,0.0,6.682464454976303,4.454976303317536,4.454976303317536,0.0,30.0,4.454976303317536,20.0,10.0,20.0,4.454976303317536,445.49763033175356,0.0,445.49763033175356,445.49763033175356,0.17819905213270143,5.0,0.2672985781990521,13.333333333333332
ST015,SKU0029,0.4597156398104265,0.0,7,1.8026535770231147,7.869465556926896,11.087475035599882,0.0,13.791469194312796,9.19431279620853,9.19431279620853,0.0,30.0,9.19431279620853,20.0,10.0,20.0,9.19431279620853,919.431279620853,0.0,919.431279620853,919.431279620853,0.36777251184834125,5.0000000000000036,0.5516587677725118,13.333333333333332
ST015,SKU0030,0.19339622641509435,0.0,7,0.7760354792207563,3.387774862858574,4.7415484477642345,0.0,5.80188679245283,3.867924528301887,3.867924528301887,0.0,30.0,3.867924528301887,20.0,10.0,20.0,3.867924528301887,386.7924528301887,0.0,386.7924528301887,386.7924528301887,0.1547169811320755,5.0000000000000036,0.2320754716981132,13.333333333333332
ST015,SKU0031,0.4056603773584906,0.0,7,1.5533379553532738,6.781080787638819,9.620703429148254,0.0,12.169811320754718,8.11320754716981,8.11320754716981,0.0,30.0,8.11320754716981,19.999999999999996,10.000000000000004,19.999999999999996,8.11320754716981,811.3207547169811,0.0,811.3207547169811,811.3207547169811,0.3245283018867925,5.0000000000000036,0.4867924528301887,13.333333333333336
ST015,SKU0032,0.4669811320754717,0.0,7,2.138308748277444,9.334764737456286,12.603632661984587,0.0,14.00943396226415,9.339622641509434,9.339622641509434,0.0,30.0,9.339622641509434,20.0,10.0,20.0,9.339622641509434,933.9622641509434,0.0,933.9622641509434,933.9622641509434,0.3735849056603774,5.0,0.560377358490566,13.333333333333332
ST015,SKU0033,0.7061611374407583,0.0,7,2.625680855485576,11.462382633632963,16.40551059571827,0.0,21.184834123222746,14.123222748815165,14.123222748815165,0.0,30.0,14.123222748815165,20.0,10.0,20.0,14.123222748815165,1412.3222748815165,0.0,1412.3222748815165,1412.3222748815165,0.5649289099526066,5.0,0.8473933649289099,13.333333333333336
ST015,SKU0034,0.22274881516587677,0.0,7,0.9220339981522317,4.025129888104699,5.5843715942658365,0.0,6.682464454976303,4.454976303317536,4.454976303317536,0.0,30.0,4.454976303317536,20.0,10.0,20.0,4.454976303317536,445.49763033175356,0.0,445.49763033175356,445.49763033175356,0.17819905213270143,5.0,0.2672985781990521,13.333333333333332
ST015,SKU0035,0.1895734597156398,0.0,7,0.9113492394492028,3.978485684432236,5.305499902441714,0.0,5.6872037914691935,3.791469194312796,3.791469194312796,0.0,30.0,3.791469194312796,20.0,10.0,20.0,3.791469194312796,379.14691943127957,0.0,379.14691943127957,379.14691943127957,0.15165876777251186,5.0000000000000036,0.22748815165876773,13.333333333333332
ST015,SKU0036,0.7819905213270142,0.0,7,2.749867151753094,12.004516626306932,17.478450275596032,0.0,23.459715639810426,15.639810426540283,15.639810426540283,0.0,30.0,15.639810426540283,20.0,10.0,20.0,15.639810426540283,1563.9810426540282,0.0,1563.9810426540282,1563.9810426540282,0.6255924170616114,5.0000000000000036,0.938388625592417,13.333333333333332
ST015,SKU0037,0.6886792452830188,0.0,7,2.753242663982054,12.01925239005065,16.84000710703178,0.0,20.660377358490564,13.773584905660377,13.773584905660377,0.0,30.0,13.773584905660377,20.0,10.0,20.0,13.773584905660377,1377.3584905660377,0.0,1377.3584905660377,1377.3584905660377,0.5509433962264151,5.0,0.8264150943396226,13.333333333333332
ST015,SKU0038,0.7924528301886793,0.0,7,3.487871962550856,15.226268999278185,20.77343881059894,0.0,23.77358490566038,15.849056603773587,15.849056603773587,0.0,30.0,15.849056603773587,20.0,10.0,20.0,15.849056603773587,1584.9056603773586,0.0,1584.9056603773586,1584.9056603773586,0.6339622641509435,5.0,0.9509433962264151,13.333333333333332
ST015,SKU0039,0.1990521327014218,0.0,7,0.9093163586598354,3.9696111643596192,5.362976093269571,0.0,5.971563981042654,3.9810426540284363,3.9810426540284363,0.0,30.0,3.9810426540284363,20.0,10.0,20.0,3.9810426540284363,398.1042654028436,0.0,398.1042654028436,398.1042654028436,0.15924170616113745,5.0,0.23886255924170616,13.333333333333332
ST015,SKU0040,0.4075829383886256,0.0,7,1.6256103136662203,7.096585020793162,9.949665589513542,0.0,12.227488151658768,8.151658767772512,8.151658767772512,0.0,30.0,8.151658767772512,20.0,10.0,20.0,8.151658767772512,815.1658767772511,0.0,815.1658767772511,815.1658767772511,0.3260663507109005,5.0000000000000036,0.48909952606635065,13.333333333333332
ST015,SKU0041,0.1895734597156398,0.0,7,0.8349994628209693,3.6451815237697334,4.9721957417792115,0.0,5.6872037914691935,3.791469194312796,3.791469194312796,0.0,30.0,3.791469194312796,20.0,10.0,20.0,3.791469194312796,379.14691943127957,0.0,379.14691943127957,379.14691943127957,0.15165876777251186,5.0000000000000036,0.22748815165876773,13.333333333333332
ST015,SKU0042,0.47393364928909953,0.0,7,1.8703280016274846,8.164897558004109,11.482433103027805,0.0,14.218009478672986,9.47867298578199,9.47867298578199,0.0,30.0,9.47867298578199,20.0,10.0,20.0,9.47867298578199,947.8672985781991,0.0,947.8672985781991,947.8672985781991,0.37914691943127965,5.0,0.5687203791469194,13.333333333333332
ST015,SKU0043,0.22274881516587677,0.0,7,0.9673990797302193,4.223170682806195,5.782412388967333,0.0,6.682464454976303,4.454976303317536,4.454976303317536,0.0,30.0,4.454976303317536,20.0,10.0,20.0,4.454976303317536,445.49763033175356,0.0,445.49763033175356,445.49763033175356,0.17819905213270143,5.0,0.2672985781990521,13.333333333333332
ST015,SKU0044,0.7264150943396226,0.0,7,2.9370424523939804,12.821628466471662,17.90653412684902,0.0,21.79245283018868,14.528301886792452,14.528301886792452,0.0,30.0,14.528301886792452,20.0,10.0,20.0,14.528301886792452,1452.830188679245,0.0,1452.830188679245,1452.830188679245,0.5811320754716981,5.0,0.8716981132075471,13.333333333333332
ST015,SKU0045,0.4265402843601896,0.0,7,1.9193393883456773,8.37885626010425,11.364638250625577,0.0,12.796208530805687,8.530805687203792,8.530805687203792,0.0,30.0,8.530805687203792,20.0,10.0,20.0,8.530805687203792,853.0805687203791,0.0,853.0805687203791,853.0805687203791,0.3412322274881517,5.0,0.5118483412322274,13.333333333333332
ST015,SKU0046,0.40375586854460094,0.0,7,1.7581038715438755,7.674984278156153,10.501275357968359,0.0,12.112676056338028,8.075117370892018,8.075117370892018,0.0,30.0,8.075117370892018,20.0,10.0,20.0,8.075117370892018,807.5117370892018,0.0,807.5117370892018,807.5117370892018,0.3230046948356808,5.0000000000000036,0.4845070422535211,13.333333333333332
ST015,SKU0047,0.5754716981132075,0.0,7,2.0969312410107683,9.15413165719229,13.182433543984743,0.0,17.264150943396224,11.50943396226415,11.50943396226415,0.0,30.0,11.50943396226415,20.0,10.0,20.0,11.50943396226415,1150.943396226415,0.0,1150.943396226415,1150.943396226415,0.46037735849056605,5.0,0.690566037735849,13.333333333333332
ST015,SKU0048,0.8443396226415094,0.0,7,3.0632071347626035,13.372399083219934,19.2827764417105,0.0,25.330188679245282,16.88679245283019,16.88679245283019,0.0,30.0,16.88679245283019,20.0,10.0,20.0,16.88679245283019,1688.6792452830189,0.0,1688.6792452830189,1688.6792452830189,0.6754716981132076,5.0000000000000036,1.0132075471698112,13.333333333333332
ST015,SKU0049,0.44549763033175355,0.0,7,1.8747993197353343,8.18441705098506,11.302900463307335,0.0,13.364928909952607,8.909952606635072,8.909952606635072,0.0,30.0,8.909952606635072,20.0,10.0,20.0,8.909952606635072,890.9952606635071,0.0,890.9952606635071,890.9952606635071,0.35639810426540286,5.0,0.5345971563981042,13.333333333333332
ST015,SKU0050,0.4858490566037736,0.0,7,2.351723727174698,10.266425621816369,13.667369018042784,0.0,14.575471698113208,9.716981132075471,9.716981132075471,0.0,30.0,9.716981132075471,20.0,10.0,20.0,9.716981132075471,971.6981132075471,0.0,971.6981132075471,971.6981132075471,0.3886792452830189,5.0000000000000036,0.5830188679245283,13.333333333333332
ST015,SKU0051,0.7405660377358491,0.0,7,3.789941246825089,16.54494933736466,21.728911601515602,0.0,22.21698113207547,14.81132075471698,14.81132075471698,0.0,30.0,14.81132075471698,20.0,10.0,20.0,14.81132075471698,1481.132075471698,0.0,1481.132075471698,1481.132075471698,0.5924528301886792,5.0,0.8886792452830189,13.333333333333336
ST015,SKU0052,0.45023696682464454,0.0,7,2.3626332042585534,10.314050831257473,13.465709599029985,0.0,13.507109004739336,9.004739336492891,9.004739336492891,0.0,30.0,9.004739336492891,20.0,10.0,20.0,9.004739336492891,900.4739336492892,0.0,900.4739336492892,900.4739336492892,0.36018957345971564,5.0,0.5402843601895734,13.333333333333332
ST015,SKU0053,0.6018957345971564,0.0,7,2.500056420035891,10.913970459224918,15.127240601405013,0.0,18.05687203791469,12.037914691943127,12.037914691943127,0.0,30.0,12.037914691943127,20.0,10.0,20.0,12.037914691943127,1203.7914691943126,0.0,1203.7914691943126,1203.7914691943126,0.48151658767772515,5.0000000000000036,0.7222748815165877,13.333333333333336
ST015,SKU0054,0.4312796208530806,0.0,7,1.6615448269354764,7.2534567670242565,10.27241411299582,0.0,12.938388625592417,8.625592417061611,8.625592417061611,0.0,30.0,8.625592417061611,20.0,10.0,20.0,8.625592417061611,862.5592417061612,0.0,862.5592417061612,862.5592417061612,0.34502369668246446,5.0,0.5175355450236967,13.333333333333336
ST015,SKU0055,0.8254716981132075,0.0,7,2.8621922238398714,12.494870567426306,18.27317245421876,0.0,24.764150943396224,16.50943396226415,16.50943396226415,0.0,30.0,16.50943396226415,20.0,10.0,20.0,16.50943396226415,1650.943396226415,0.0,1650.943396226415,1650.943396226415,0.6603773584905661,5.0000000000000036,0.990566037735849,13.333333333333332
ST015,SKU0056,0.2037914691943128,0.0,7,0.8735177017985665,3.8133324978732808,5.23987278223347,0.0,6.113744075829384,4.075829383886256,4.075829383886256,0.0,30.0,4.075829383886256,20.0,10.0,20.0,4.075829383886256,407.58293838862556,0.0,407.58293838862556,407.58293838862556,0.16303317535545025,5.0000000000000036,0.24454976303317533,13.333333333333332
ST015,SKU0057,0.4811320754716981,0.0,7,2.0868858500631453,9.110278606847071,12.47820313514896,0.0,14.433962264150944,9.622641509433961,9.622641509433961,0.0,30.0,9.622641509433961,19.999999999999996,10.000000000000004,19.999999999999996,9.622641509433961,962.2641509433961,0.0,962.2641509433961,962.2641509433961,0.3849056603773585,5.0000000000000036,0.5773584905660377,13.333333333333336
ST015,SKU0058,0.4481132075471698,0.0,7,1.5795332643204694,6.895436138160924,10.032228590991112,0.0,13.443396226415095,8.962264150943396,8.962264150943396,0.0,30.0,8.962264150943396,20.0,10.0,20.0,8.962264150943396,896.2264150943396,0.0,896.2264150943396,896.2264150943396,0.3584905660377359,5.0000000000000036,0.5377358490566038,13.333333333333332
ST015,SKU0059,0.20853080568720378,0.0,7,0.8586385806273377,3.748377848201939,5.2080934880123655,0.0,6.2559241706161135,4.170616113744075,4.170616113744075,0.0,30.0,4.170616113744075,20.0,10.0,20.0,4.170616113744075,417.06161137440756,0.0,417.06161137440756,417.06161137440756,0.16682464454976303,5.0000000000000036,0.2502369668246445,13.333333333333332
ST015,SKU0060,0.7725118483412322,0.0,7,3.4233654902187776,14.94466666109935,20.352249599487976,0.0,23.175355450236967,15.450236966824644,15.450236966824644,0.0,30.0,15.450236966824644,20.0,10.0,20.0,15.450236966824644,1545.0236966824643,0.0,1545.0236966824643,1545.0236966824643,0.6180094786729858,5.0000000000000036,0.9270142180094786,13.333333333333332
ST015,SKU0061,0.5687203791469194,0.0,7,2.128886982285489,9.293634115408786,13.274676769437221,0.0,17.061611374407583,11.374407582938389,11.374407582938389,0.0,30.0,11.374407582938389,20.0,10.0,20.0,11.374407582938389,1137.4407582938388,0.0,1137.4407582938388,1137.4407582938388,0.4549763033175356,5.0,0.6824644549763033,13.333333333333332
ST015,SKU0062,0.8066037735849056,0.0,7,3.2106684977509197,14.016140139075155,19.662366554169495,0.0,24.19811320754717,16.132075471698112,16.132075471698112,0.0,30.0,16.132075471698112,20.0,10.0,20.0,16.132075471698112,1613.2075471698113,0.0,1613.2075471698113,1613.2075471698113,0.6452830188679246,5.0000000000000036,0.9679245283018867,13.333333333333332
ST015,SKU0063,0.33649289099526064,0.0,7,1.0490562759868114,4.579644328994862,6.935094565961686,0.0,10.09478672985782,6.729857819905213,6.729857819905213,0.0,30.0,6.729857819905213,20.0,10.0,20.0,6.729857819905213,672.9857819905213,0.0,672.9857819905213,672.9857819905213,0.26919431279620853,5.0,0.40379146919431275,13.333333333333332
ST015,SKU0064,0.20853080568720378,0.0,7,0.8641666631301734,3.7725106352256987,5.232226275036125,0.0,6.2559241706161135,4.170616113744075,4.170616113744075,0.0,30.0,4.170616113744075,20.0,10.0,20.0,4.170616113744075,417.06161137440756,0.0,417.06161137440756,417.06161137440756,0.16682464454976303,5.0000000000000036,0.2502369668246445,13.333333333333332
ST015,SKU0065,0.23222748815165878,0.0,7,0.9350855654267016,4.082106370130695,5.707698787192307,0.0,6.966824644549764,4.644549763033176,4.644549763033176,0.0,30.0,4.644549763033176,20.0,10.0,20.0,4.644549763033176,464.4549763033176,0.0,464.4549763033176,464.4549763033176,0.18578199052132705,5.0000000000000036,0.2786729857819905,13.333333333333332
ST015,SKU0066,0.47641509433962265,0.0,7,2.012852159847169,8.787085297476485,12.121990957853845,0.0,14.29245283018868,9.528301886792454,9.528301886792454,0.0,30.0,9.528301886792454,20.0,10.0,20.0,9.528301886792454,952.8301886792453,0.0,952.8301886792453,952.8301886792453,0.38113207547169814,5.0,0.5716981132075472,13.333333333333332
ST015,SKU0067,0.44339622641509435,0.0,7,1.8425213956547175,8.043508107059747,11.147281691965407,0.0,13.30188679245283,8.867924528301888,8.867924528301888,0.0,30.0,8.867924528301888,20.000000000000004,9.999999999999996,20.000000000000004,8.867924528301888,886.7924528301888,0.0,886.7924528301888,886.7924528301888,0.3547169811320755,5.0,0.5320754716981132,13.333333333333332
ST015,SKU0068,0.4786729857819905,0.0,7,2.1521351838802616,9.395123899160069,12.745834799634002,0.0,14.360189573459715,9.57345971563981,9.57345971563981,0.0,30.0,9.57345971563981,20.0,10.0,20.0,9.57345971563981,957.345971563981,0.0,957.345971563981,957.345971563981,0.38293838862559243,5.0,0.5744075829383886,13.333333333333332
ST015,SKU0069,0.7725118483412322,0.0,7,2.6431227641347887,11.538525105548565,16.94610804393719,0.0,23.175355450236967,15.450236966824644,15.450236966824644,0.0,30.0,15.450236966824644,20.0,10.0,20.0,15.450236966824644,1545.0236966824643,0.0,1545.0236966824643,1545.0236966824643,0.6180094786729858,5.0000000000000036,0.9270142180094786,13.333333333333332
ST015,SKU0070,0.22169811320754718,0.0,7,1.189567982194303,5.193046730010211,6.744933522463041,0.0,6.650943396226415,4.433962264150944,4.433962264150944,0.0,30.0,4.433962264150944,20.000000000000004,9.999999999999996,20.000000000000004,4.433962264150944,443.3962264150944,0.0,443.3962264150944,443.3962264150944,0.17735849056603775,5.0,0.2660377358490566,13.333333333333332
ST015,SKU0071,0.7383177570093458,0.0,7,2.8690887745430658,12.524977388233225,17.693201687298647,0.0,22.149532710280372,14.766355140186915,14.766355140186915,0.0,30.0,14.766355140186915,20.0,10.0,20.0,14.766355140186915,1476.6355140186915,0.0,1476.6355140186915,1476.6355140186915,0.5906542056074766,5.0,0.8859813084112149,13.333333333333332
ST015,SKU0072,0.47393364928909953,0.0,7,1.77093818970824,7.731012361437632,11.048547906461328,0.0,14.218009478672986,9.47867298578199,9.47867298578199,0.0,30.0,9.47867298578199,20.0,10.0,20.0,9.47867298578199,947.8672985781991,0.0,947.8672985781991,947.8672985781991,0.37914691943127965,5.0,0.5687203791469194,13.333333333333332
ST015,SKU0073,0.5687203791469194,0.0,7,2.414000389101607,10.538293745720415,14.51933639974885,0.0,17.061611374407583,11.374407582938389,11.374407582938389,0.0,30.0,11.374407582938389,20.0,10.0,20.0,11.374407582938389,1137.4407582938388,0.0,1137.4407582938388,1137.4407582938388,0.4549763033175356,5.0,0.6824644549763033,13.333333333333332
ST015,SKU0074,0.7452830188679245,0.0,7,2.9128293463636505,12.71592640238092,17.93290753445639,0.0,22.358490566037734,14.90566037735849,14.90566037735849,0.0,30.0,14.90566037735849,20.0,10.0,20.0,14.90566037735849,1490.566037735849,0.0,1490.566037735849,1490.566037735849,0.5962264150943396,5.0,0.8943396226415093,13.333333333333332
ST015,SKU0075,0.46445497630331756,0.0,7,1.9104766449916237,8.340166045604034,11.591350879727257,0.0,13.933649289099527,9.289099526066352,9.289099526066352,0.0,30.0,9.289099526066352,20.0,10.0,20.0,9.289099526066352,928.9099526066352,0.0,928.9099526066352,928.9099526066352,0.3715639810426541,5.0000000000000036,0.557345971563981,13.333333333333332
ST015,SKU0076,0.1792452830188679,0.0,7,0.8180101832680633,3.5710149994953464,4.825731980627422,0.0,5.377358490566038,3.584905660377358,3.584905660377358,0.0,30.0,3.584905660377358,20.0,10.0,20.0,3.584905660377358,358.4905660377358,0.0,358.4905660377358,358.4905660377358,0.14339622641509434,5.0,0.2150943396226415,13.333333333333332
ST015,SKU0077,0.7725118483412322,0.0,7,3.4483126092408476,15.053573051318228,20.461155989706853,0.0,23.175355450236967,15.450236966824644,15.450236966824644,0.0,30.0,15.450236966824644,20.0,10.0,20.0,15.450236966824644,1545.0236966824643,0.0,1545.0236966824643,1545.0236966824643,0.6180094786729858,5.0000000000000036,0.9270142180094786,13.333333333333332
ST015,SKU0078,0.5639810426540285,0.0,7,2.8866575298911026,12.601673608101365,16.549540906679564,0.0,16.919431279620856,11.27962085308057,11.27962085308057,0.0,30.0,11.27962085308057,20.0,10.0,20.0,11.27962085308057,1127.9620853080569,0.0,1127.9620853080569,1127.9620853080569,0.4511848341232228,5.0,0.6767772511848341,13.333333333333332
ST015,SKU0079,0.24056603773584906,0.0,7,0.9898325103076535,4.321103592103368,6.005065856254312,0.0,7.216981132075472,4.811320754716981,4.811320754716981,0.0,30.0,4.811320754716981,19.999999999999996,10.000000000000004,19.999999999999996,4.811320754716981,481.13207547169804,0.0,481.13207547169804,481.13207547169804,0.19245283018867926,5.0000000000000036,0.28867924528301886,13.333333333333336
ST015,SKU0080,0.41232227488151657,0.0,7,1.928641221770132,8.419463317768042,11.305719241938657,0.0,12.369668246445498,8.246445497630331,8.246445497630331,0.0,30.0,8.246445497630331,20.0,10.0,20.0,8.246445497630331,824.6445497630331,0.0,824.6445497630331,824.6445497630331,0.3298578199052133,5.0000000000000036,0.49478672985781985,13.333333333333332
ST015,SKU0081,0.22169811320754718,0.0,7,0.8831765928818726,3.855498287055975,5.4073850795088045,0.0,6.650943396226415,4.433962264150944,4.433962264150944,0.0,30.0,4.433962264150944,20.000000000000004,9.999999999999996,20.000000000000004,4.433962264150944,443.3962264150944,0.0,443.3962264150944,443.3962264150944,0.17735849056603775,5.0,0.2660377358490566,13.333333333333332
ST015,SKU0082,0.7819905213270142,0.0,7,2.679704642556395,11.698222917660596,17.172156566949695,0.0,23.459715639810426,15.639810426540283,15.639810426540283,0.0,30.0,15.639810426540283,20.0,10.0,20.0,15.639810426540283,1563.9810426540282,0.0,1563.9810426540282,1563.9810426540282,0.6255924170616114,5.0000000000000036,0.938388625592417,13.333333333333332
ST015,SKU0083,0.1990521327014218,0.0,7,0.8773331083365803,3.829988615676102,5.223353544586054,0.0,5.971563981042654,3.9810426540284363,3.9810426540284363,0.0,30.0,3.9810426540284363,20.0,10.0,20.0,3.9810426540284363,398.1042654028436,0.0,398.1042654028436,398.1042654028436,0.15924170616113745,5.0,0.23886255924170616,13.333333333333332
ST015,SKU0084,0.1895734597156398,0.0,7,0.8235147138112882,3.595044970682874,4.922059188692353,0.0,5.6872037914691935,3.791469194312796,3.791469194312796,0.0,30.0,3.791469194312796,20.0,10.0,20.0,3.791469194312796,379.14691943127957,0.0,379.14691943127957,379.14691943127957,0.15165876777251186,5.0000000000000036,0.22748815165876773,13.333333333333332
ST015,SKU0085,0.7440758293838863,0.0,7,3.289362432641033,14.35967769839893,19.568208504086133,0.0,22.322274881516588,14.881516587677726,14.881516587677726,0.0,30.0,14.881516587677726,20.0,10.0,20.0,14.881516587677726,1488.1516587677727,0.0,1488.1516587677727,1488.1516587677727,0.595260663507109,5.0,0.8928909952606635,13.333333333333332
ST015,SKU0086,0.22065727699530516,0.0,7,0.9382568843571005,4.095950730140241,5.640551669107377,0.0,6.619718309859155,4.413145539906103,4.413145539906103,0.0,30.0,4.413145539906103,20.0,10.0,20.0,4.413145539906103,441.3145539906103,0.0,441.3145539906103,441.3145539906103,0.17652582159624414,5.0000000000000036,0.2647887323943662,13.333333333333332
ST015,SKU0087,0.2037914691943128,0.0,7,0.822993857596254,3.5927711782601,5.01931146262029,0.0,6.113744075829384,4.075829383886256,4.075829383886256,0.0,30.0,4.075829383886256,20.0,10.0,20.0,4.075829383886256,407.58293838862556,0.0,407.58293838862556,407.58293838862556,0.16303317535545025,5.0000000000000036,0.24454976303317533,13.333333333333332
ST015,SKU0088,0.5971563981042654,0.0,7,1.9961370954908342,8.714115856808238,12.894210643538095,0.0,17.91469194312796,11.943127962085306,11.943127962085306,0.0,30.0,11.943127962085306,20.0,10.0,20.0,11.943127962085306,1194.3127962085307,0.0,1194.3127962085307,1194.3127962085307,0.4777251184834123,5.0000000000000036,0.7165876777251184,13.333333333333336
ST015,SKU0089,0.42452830188679247,0.0,7,1.9322560701217173,8.435243900881128,11.406942014088674,0.0,12.735849056603774,8.49056603773585,8.49056603773585,0.0,30.0,8.49056603773585,20.0,10.0,20.0,8.49056603773585,849.0566037735849,0.0,849.0566037735849,849.0566037735849,0.339622641509434,5.0,0.5094339622641509,13.333333333333332
ST015,SKU0090,0.5497630331753555,0.0,7,2.0635469788826026,9.008393005956334,12.856734238183822,0.0,16.492890995260662,10.995260663507109,10.995260663507109,0.0,30.0,10.995260663507109,20.0,10.0,20.0,10.995260663507109,1099.5260663507108,0.0,1099.5260663507108,1099.5260663507108,0.4398104265402844,5.0000000000000036,0.6597156398104266,13.333333333333336
ST016,SKU0001,0.1943127962085308,0.0,7,0.8592166292491865,3.75090131348548,5.111090886945195,0.0,5.829383886255925,3.8862559241706163,3.8862559241706163,0.0,30.0,3.8862559241706163,20.0,10.0,20.0,3.8862559241706163,388.6255924170616,0.0,388.6255924170616,388.6255924170616,0.15545023696682467,5.0000000000000036,0.23317535545023696,13.333333333333332
ST016,SKU0002,0.18009478672985782,0.0,7,0.7340572123293201,3.2045191726625832,4.465182679771588,0.0,5.402843601895735,3.6018957345971563,3.6018957345971563,0.0,30.0,3.6018957345971563,20.0,10.0,20.0,3.6018957345971563,360.18957345971563,0.0,360.18957345971563,360.18957345971563,0.14407582938388627,5.0000000000000036,0.21611374407582937,13.333333333333332
ST016,SKU0003,0.41784037558685444,0.0,7,1.7208655766475267,7.512420886708843,10.437303515816824,0.0,12.535211267605634,8.356807511737088,8.356807511737088,0.0,30.0,8.356807511737088,20.0,10.0,20.0,8.356807511737088,835.6807511737088,0.0,835.6807511737088,835.6807511737088,0.3342723004694836,5.0000000000000036,0.5014084507042254,13.333333333333336
ST016,SKU0004,0.3933649289099526,0.0,7,1.639324354001156,7.1564535221168075,9.910008024486476,0.0,11.800947867298579,7.867298578199052,7.867298578199052,0.0,30.0,7.867298578199052,20.0,10.0,20.0,7.867298578199052,786.7298578199052,0.0,786.7298578199052,786.7298578199052,0.3146919431279621,5.0000000000000036,0.4720379146919431,13.333333333333332
ST016,SKU0005,0.4009433962264151,0.0,7,2.167095388606859,9.460432518254231,12.267036291839137,0.0,12.028301886792454,8.018867924528303,8.018867924528303,0.0,30.0,8.018867924528303,20.0,10.0,20.0,8.018867924528303,801.8867924528303,0.0,801.8867924528303,801.8867924528303,0.3207547169811321,5.0,0.4811320754716981,13.333333333333332
ST016,SKU0006,0.5213270142180095,0.0,7,1.9525978158975053,8.524045581797923,12.17333468132399,0.0,15.639810426540286,10.42654028436019,10.42654028436019,0.0,30.0,10.42654028436019,20.0,10.0,20.0,10.42654028436019,1042.654028436019,0.0,1042.654028436019,1042.654028436019,0.41706161137440767,5.0000000000000036,0.6255924170616114,13.333333333333332
ST016,SKU0007,0.5188679245283019,0.0,7,2.2189666356979556,9.686875911250642,13.318951382948754,0.0,15.566037735849056,10.377358490566039,10.377358490566039,0.0,30.0,10.377358490566039,20.0,10.0,20.0,10.377358490566039,1037.735849056604,0.0,1037.735849056604,1037.735849056604,0.41509433962264153,5.0,0.6226415094339622,13.333333333333332
ST016,SKU0008,0.3915094339622642,0.0,7,1.4932783314794429,6.518891120438532,9.259457158174381,0.0,11.745283018867925,7.830188679245284,7.830188679245284,0.0,30.0,7.830188679245284,20.0,10.0,20.0,7.830188679245284,783.0188679245284,0.0,783.0188679245284,783.0188679245284,0.31320754716981136,5.0,0.469811320754717,13.333333333333332
ST016,SKU0009,0.1990521327014218,0.0,7,0.779620818782287,3.403426625653701,4.7967915545636535,0.0,5.971563981042654,3.9810426540284363,3.9810426540284363,0.0,30.0,3.9810426540284363,20.0,10.0,20.0,3.9810426540284363,398.1042654028436,0.0,398.1042654028436,398.1042654028436,0.15924170616113745,5.0,0.23886255924170616,13.333333333333332
ST016,SKU0010,0.16981132075471697,0.0,7,0.6880386040256222,3.003625413795337,4.192304659078356,0.0,5.094339622641509,3.3962264150943393,3.3962264150943393,0.0,30.0,3.3962264150943393,20.0,10.0,20.0,3.3962264150943393,339.62264150943395,0.0,339.62264150943395,339.62264150943395,0.13584905660377358,5.0000000000000036,0.20377358490566036,13.333333333333332
ST016,SKU0011,0.3933649289099526,0.0,7,1.8314068374580168,7.994987618140386,10.748542120510054,0.0,11.800947867298579,7.867298578199052,7.867298578199052,0.0,30.0,7.867298578199052,20.0,10.0,20.0,7.867298578199052,786.7298578199052,0.0,786.7298578199052,786.7298578199052,0.3146919431279621,5.0000000000000036,0.4720379146919431,13.333333333333332
ST016,SKU0012,0.5260663507109005,0.0,7,2.138765370456126,9.336758116857336,13.01922257183364,0.0,15.781990521327014,10.52132701421801,10.52132701421801,0.0,30.0,10.52132701421801,20.0,10.0,20.0,10.52132701421801,1052.132701421801,0.0,1052.132701421801,1052.132701421801,0.4208530805687204,5.0,0.6312796208530805,13.333333333333332
ST016,SKU0013,0.41037735849056606,0.0,7,1.6280962770233969,7.107437468132152,9.980078977566114,0.0,12.311320754716983,8.20754716981132,8.20754716981132,0.0,30.0,8.20754716981132,20.0,10.0,20.0,8.20754716981132,820.7547169811321,0.0,820.7547169811321,820.7547169811321,0.32830188679245287,5.0000000000000036,0.49245283018867925,13.333333333333336
ST016,SKU0014,0.4218009478672986,0.0,7,1.5636643709413727,6.826160648147156,9.778767283218247,0.0,12.654028436018958,8.436018957345972,8.436018957345972,0.0,30.0,8.436018957345972,20.0,10.0,20.0,8.436018957345972,843.6018957345972,0.0,843.6018957345972,843.6018957345972,0.3374407582938389,5.0,0.5061611374407583,13.333333333333332
ST016,SKU0015,0.3744075829383886,0.0,7,1.7960562629694399,7.840665050620322,10.461518131189042,0.0,11.232227488151658,7.488151658767772,7.488151658767772,0.0,30.0,7.488151658767772,20.0,10.0,20.0,7.488151658767772,748.8151658767772,0.0,748.8151658767772,748.8151658767772,0.2995260663507109,5.0,0.4492890995260663,13.333333333333332
ST016,SKU0016,0.43601895734597157,0.0,7,1.684503962488337,7.353684635957575,10.405817337379375,0.0,13.080568720379148,8.72037914691943,8.72037914691943,0.0,30.0,8.72037914691943,20.0,10.0,20.0,8.72037914691943,872.0379146919431,0.0,872.0379146919431,872.0379146919431,0.3488151658767773,5.0000000000000036,0.5232227488151658,13.333333333333332
ST016,SKU0017,0.3696682464454976,0.0,7,1.5993538528288036,6.9819627124137185,9.569640437532202,0.0,11.090047393364928,7.393364928909953,7.393364928909953,0.0,30.0,7.393364928909953,20.0,10.0,20.0,7.393364928909953,739.3364928909953,0.0,739.3364928909953,739.3364928909953,0.2957345971563981,5.0,0.44360189573459713,13.333333333333332
ST016,SKU0018,0.18396226415094338,0.0,7,0.8918415680240032,3.893325146471321,5.181060995527925,0.0,5.518867924528301,3.6792452830188678,3.6792452830188678,0.0,30.0,3.6792452830188678,20.0,10.0,20.0,3.6792452830188678,367.92452830188677,0.0,367.92452830188677,367.92452830188677,0.1471698113207547,5.0,0.22075471698113205,13.333333333333332
ST016,SKU0019,0.6872037914691943,0.0,7,3.1466955080172654,13.736866713665268,18.54729325394963,0.0,20.61611374407583,13.744075829383887,13.744075829383887,0.0,30.0,13.744075829383887,20.0,10.0,20.0,13.744075829383887,1374.4075829383887,0.0,1374.4075829383887,1374.4075829383887,0.5497630331753555,5.0,0.8246445497630331,13.333333333333332
ST016,SKU0020,0.3584905660377358,0.0,7,1.6957637725881596,7.402839220558583,9.912273182822734,0.0,10.754716981132075,7.169811320754716,7.169811320754716,0.0,30.0,7.169811320754716,20.0,10.0,20.0,7.169811320754716,716.9811320754716,0.0,716.9811320754716,716.9811320754716,0.28679245283018867,5.0,0.430188679245283,13.333333333333332
ST016,SKU0021,0.5402843601895735,0.0,7,2.1340857113799667,9.316329113532799,13.098319634859813,0.0,16.208530805687204,10.80568720379147,10.80568720379147,0.0,30.0,10.80568720379147,20.0,10.0,20.0,10.80568720379147,1080.568720379147,0.0,1080.568720379147,1080.568720379147,0.4322274881516588,5.0,0.6483412322274882,13.333333333333332
ST016,SKU0022,0.9009433962264151,0.0,7,2.6150492381803905,11.415970418183475,17.72257419176838,0.0,27.028301886792452,18.0188679245283,18.0188679245283,0.0,30.0,18.0188679245283,20.0,10.0,20.0,18.0188679245283,1801.8867924528302,0.0,1801.8867924528302,1801.8867924528302,0.7207547169811321,5.0000000000000036,1.081132075471698,13.333333333333332
ST016,SKU0023,0.5402843601895735,0.0,7,2.158491076719578,9.422870483650872,13.204861004977886,0.0,16.208530805687204,10.80568720379147,10.80568720379147,0.0,30.0,10.80568720379147,20.0,10.0,20.0,10.80568720379147,1080.568720379147,0.0,1080.568720379147,1080.568720379147,0.4322274881516588,5.0,0.6483412322274882,13.333333333333332
ST016,SKU0024,0.4597156398104265,0.0,7,1.676742282122984,7.319801100553126,10.537810579226111,0.0,13.791469194312796,9.19431279620853,9.19431279620853,0.0,30.0,9.19431279620853,20.0,10.0,20.0,9.19431279620853,919.431279620853,0.0,919.431279620853,919.431279620853,0.36777251184834125,5.0000000000000036,0.5516587677725118,13.333333333333332
ST016,SKU0025,0.3490566037735849,0.0,7,1.3874348305787558,6.056832411333696,8.50022863774879,0.0,10.471698113207546,6.981132075471698,6.981132075471698,0.0,30.0,6.981132075471698,20.0,10.0,20.0,6.981132075471698,698.1132075471697,0.0,698.1132075471697,698.1132075471697,0.2792452830188679,5.0,0.41886792452830185,13.333333333333332
ST016,SKU0026,0.22169811320754718,0.0,7,0.7806310142893099,3.4078366236974778,4.959723416150307,0.0,6.650943396226415,4.433962264150944,4.433962264150944,0.0,30.0,4.433962264150944,20.000000000000004,9.999999999999996,20.000000000000004,4.433962264150944,443.3962264150944,0.0,443.3962264150944,443.3962264150944,0.17735849056603775,5.0,0.2660377358490566,13.333333333333332
ST016,SKU0027,0.18396226415094338,0.0,7,0.8082086906664534,3.5282266848585326,4.815962533915137,0.0,5.518867924528301,3.6792452830188678,3.6792452830188678,0.0,30.0,3.6792452830188678,20.0,10.0,20.0,3.6792452830188678,367.92452830188677,0.0,367.92452830188677,367.92452830188677,0.1471698113207547,5.0,0.22075471698113205,13.333333333333332
ST016,SKU0028,0.18867924528301888,0.0,7,0.7741463122320972,3.379527723897417,4.700282440878549,0.0,5.660377358490567,3.7735849056603774,3.7735849056603774,0.0,30.0,3.7735849056603774,20.0,10.0,20.0,3.7735849056603774,377.35849056603774,0.0,377.35849056603774,377.35849056603774,0.15094339622641512,5.0000000000000036,0.22641509433962265,13.333333333333332
ST016,SKU0029,0.46226415094339623,0.0,7,1.840433331942471,8.034392686507713,11.270241743111487,0.0,13.867924528301888,9.245283018867925,9.245283018867925,0.0,30.0,9.245283018867925,20.0,10.0,20.0,9.245283018867925,924.5283018867925,0.0,924.5283018867925,924.5283018867925,0.369811320754717,5.0,0.5547169811320755,13.333333333333332
ST016,SKU0030,0.1848341232227488,0.0,7,0.6683008632213804,2.9174605103383815,4.211299372897623,0.0,5.545023696682464,3.6966824644549763,3.6966824644549763,0.0,30.0,3.6966824644549763,20.0,10.0,20.0,3.6966824644549763,369.66824644549763,0.0,369.66824644549763,369.66824644549763,0.14786729857819905,5.0,0.22180094786729856,13.333333333333332
ST016,SKU0031,0.40375586854460094,0.0,7,1.5978715136333588,6.975491575978564,9.80178265579077,0.0,12.112676056338028,8.075117370892018,8.075117370892018,0.0,30.0,8.075117370892018,20.0,10.0,20.0,8.075117370892018,807.5117370892018,0.0,807.5117370892018,807.5117370892018,0.3230046948356808,5.0000000000000036,0.4845070422535211,13.333333333333332
ST016,SKU0032,0.41037735849056606,0.0,7,1.4977030910259943,6.538207362501399,9.410848871935361,0.0,12.311320754716983,8.20754716981132,8.20754716981132,0.0,30.0,8.20754716981132,20.0,10.0,20.0,8.20754716981132,820.7547169811321,0.0,820.7547169811321,820.7547169811321,0.32830188679245287,5.0000000000000036,0.49245283018867925,13.333333333333336
ST016,SKU0033,0.7311320754716981,0.0,7,2.6942755960021496,11.76183226431183,16.879756792613716,0.0,21.933962264150942,14.622641509433961,14.622641509433961,0.0,30.0,14.622641509433961,20.0,10.0,20.0,14.622641509433961,1462.264150943396,0.0,1462.264150943396,1462.264150943396,0.5849056603773585,5.0,0.8773584905660378,13.333333333333336
ST016,SKU0034,0.20853080568720378,0.0,7,0.9330560248318762,4.073246431642826,5.532962071453252,0.0,6.2559241706161135,4.170616113744075,4.170616113744075,0.0,30.0,4.170616113744075,20.0,10.0,20.0,4.170616113744075,417.06161137440756,0.0,417.06161137440756,417.06161137440756,0.16682464454976303,5.0000000000000036,0.2502369668246445,13.333333333333332
ST016,SKU0035,0.1650943396226415,0.0,7,0.699430025610927,3.053354546975783,4.209014924334274,0.0,4.952830188679245,3.30188679245283,3.30188679245283,0.0,30.0,3.30188679245283,20.0,10.0,20.0,3.30188679245283,330.188679245283,0.0,330.188679245283,330.188679245283,0.1320754716981132,5.0,0.1981132075471698,13.333333333333332
ST016,SKU0036,0.6824644549763034,0.0,7,2.7165499114409024,11.859070558115823,16.636321742949946,0.0,20.4739336492891,13.649289099526067,13.649289099526067,0.0,30.0,13.649289099526067,20.0,10.0,20.0,13.649289099526067,1364.9289099526068,0.0,1364.9289099526068,1364.9289099526068,0.5459715639810427,5.0000000000000036,0.818957345971564,13.333333333333332
ST016,SKU0037,0.5235849056603774,0.0,7,2.3048291313046216,10.061707748282956,13.726802087905597,0.0,15.707547169811322,10.471698113207548,10.471698113207548,0.0,30.0,10.471698113207548,20.0,10.0,20.0,10.471698113207548,1047.169811320755,0.0,1047.169811320755,1047.169811320755,0.41886792452830196,5.0000000000000036,0.6283018867924529,13.333333333333332
ST016,SKU0038,0.7109004739336493,0.0,7,2.8446816952323943,12.418428535792206,17.39473185332775,0.0,21.32701421800948,14.218009478672986,14.218009478672986,0.0,30.0,14.218009478672986,20.0,10.0,20.0,14.218009478672986,1421.8009478672986,0.0,1421.8009478672986,1421.8009478672986,0.5687203791469194,5.0,0.8530805687203792,13.333333333333332
ST016,SKU0039,0.17061611374407584,0.0,7,0.7617580540315723,3.325446910777272,4.519759706985803,0.0,5.118483412322275,3.4123222748815167,3.4123222748815167,0.0,30.0,3.4123222748815167,20.0,10.0,20.0,3.4123222748815167,341.2322274881517,0.0,341.2322274881517,341.2322274881517,0.13649289099526069,5.0000000000000036,0.204739336492891,13.333333333333332
ST016,SKU0040,0.37735849056603776,0.0,7,1.4729975897167837,6.430355751910468,9.071865185872731,0.0,11.320754716981133,7.547169811320755,7.547169811320755,0.0,30.0,7.547169811320755,20.0,10.0,20.0,7.547169811320755,754.7169811320755,0.0,754.7169811320755,754.7169811320755,0.30188679245283023,5.0000000000000036,0.4528301886792453,13.333333333333332
ST016,SKU0041,0.2037914691943128,0.0,7,0.9567727670332187,4.176781624568907,5.603321908929097,0.0,6.113744075829384,4.075829383886256,4.075829383886256,0.0,30.0,4.075829383886256,20.0,10.0,20.0,4.075829383886256,407.58293838862556,0.0,407.58293838862556,407.58293838862556,0.16303317535545025,5.0000000000000036,0.24454976303317533,13.333333333333332
ST016,SKU0042,0.41706161137440756,0.0,7,1.5012670493049596,6.5537657855284985,9.473197065149352,0.0,12.511848341232227,8.34123222748815,8.34123222748815,0.0,30.0,8.34123222748815,20.0,10.0,20.0,8.34123222748815,834.1232227488151,0.0,834.1232227488151,834.1232227488151,0.33364928909952607,5.0000000000000036,0.500473933649289,13.333333333333332
ST016,SKU0043,0.19339622641509435,0.0,7,0.8348759158504986,3.644642180747217,4.998415765652878,0.0,5.80188679245283,3.867924528301887,3.867924528301887,0.0,30.0,3.867924528301887,20.0,10.0,20.0,3.867924528301887,386.7924528301887,0.0,386.7924528301887,386.7924528301887,0.1547169811320755,5.0000000000000036,0.2320754716981132,13.333333333333332
ST016,SKU0044,0.7251184834123223,0.0,7,3.159307392480279,13.791923764922739,18.867753148808994,0.0,21.75355450236967,14.502369668246446,14.502369668246446,0.0,30.0,14.502369668246446,20.0,10.0,20.0,14.502369668246446,1450.2369668246447,0.0,1450.2369668246447,1450.2369668246447,0.5800947867298579,5.0000000000000036,0.8701421800947867,13.333333333333332
ST016,SKU0045,0.3933649289099526,0.0,7,1.6851603158163497,7.356549939626459,10.110104441996127,0.0,11.800947867298579,7.867298578199052,7.867298578199052,0.0,30.0,7.867298578199052,20.0,10.0,20.0,7.867298578199052,786.7298578199052,0.0,786.7298578199052,786.7298578199052,0.3146919431279621,5.0000000000000036,0.4720379146919431,13.333333333333332
ST016,SKU0046,0.3933649289099526,0.0,7,1.4348564071188015,6.263850813534595,9.017405315904263,0.0,11.800947867298579,7.867298578199052,7.867298578199052,0.0,30.0,7.867298578199052,20.0,10.0,20.0,7.867298578199052,786.7298578199052,0.0,786.7298578199052,786.7298578199052,0.3146919431279621,5.0000000000000036,0.4720379146919431,13.333333333333332
ST016,SKU0047,0.5377358490566038,0.0,7,2.454030549804191,10.713044998486046,14.477195941882272,0.0,16.132075471698112,10.754716981132075,10.754716981132075,0.0,30.0,10.754716981132075,20.0,10.0,20.0,10.754716981132075,1075.4716981132076,0.0,1075.4716981132076,1075.4716981132076,0.43018867924528303,5.0,0.6452830188679245,13.333333333333332
ST016,SKU0048,0.6915887850467289,0.0,7,2.6338754358034904,11.498155989305543,16.339277484632646,0.0,20.747663551401867,13.831775700934578,13.831775700934578,0.0,30.0,13.831775700934578,20.0,10.0,20.0,13.831775700934578,1383.177570093458,0.0,1383.177570093458,1383.177570093458,0.5532710280373832,5.0,0.8299065420560747,13.333333333333332
ST016,SKU0049,0.3584905660377358,0.0,7,1.7776318409602947,7.760233426787921,10.26966738905207,0.0,10.754716981132075,7.169811320754716,7.169811320754716,0.0,30.0,7.169811320754716,20.0,10.0,20.0,7.169811320754716,716.9811320754716,0.0,716.9811320754716,716.9811320754716,0.28679245283018867,5.0,0.430188679245283,13.333333333333332
ST016,SKU0050,0.3981042654028436,0.0,7,1.4647594336957754,6.394392166956462,9.181122024776368,0.0,11.943127962085308,7.9620853080568725,7.9620853080568725,0.0,30.0,7.9620853080568725,20.0,10.0,20.0,7.9620853080568725,796.2085308056872,0.0,796.2085308056872,796.2085308056872,0.3184834123222749,5.0,0.4777251184834123,13.333333333333332
ST016,SKU0051,0.6933962264150944,0.0,7,2.7182643217371805,11.866554798542806,16.720328383448468,0.0,20.80188679245283,13.867924528301888,13.867924528301888,0.0,30.0,13.867924528301888,20.0,10.0,20.0,13.867924528301888,1386.7924528301887,0.0,1386.7924528301887,1386.7924528301887,0.5547169811320755,4.9999999999999964,0.8320754716981132,13.333333333333332
ST016,SKU0052,0.37735849056603776,0.0,7,1.5267152124969963,6.664859478892201,9.306368912854467,0.0,11.320754716981133,7.547169811320755,7.547169811320755,0.0,30.0,7.547169811320755,20.0,10.0,20.0,7.547169811320755,754.7169811320755,0.0,754.7169811320755,754.7169811320755,0.30188679245283023,5.0000000000000036,0.4528301886792453,13.333333333333332
ST016,SKU0053,0.5545023696682464,0.0,7,2.2126510954582184,9.659305485616189,13.540822073293914,0.0,16.635071090047393,11.090047393364928,11.090047393364928,0.0,30.0,11.090047393364928,20.0,10.0,20.0,11.090047393364928,1109.0047393364928,0.0,1109.0047393364928,1109.0047393364928,0.44360189573459713,5.0,0.6654028436018956,13.333333333333332
ST016,SKU0054,0.3584905660377358,0.0,7,1.2929900630817373,5.64453475507679,8.153968717340941,0.0,10.754716981132075,7.169811320754716,7.169811320754716,0.0,30.0,7.169811320754716,20.0,10.0,20.0,7.169811320754716,716.9811320754716,0.0,716.9811320754716,716.9811320754716,0.28679245283018867,5.0,0.430188679245283,13.333333333333332
ST016,SKU0055,0.6824644549763034,0.0,7,2.7200534995468746,11.874365435776753,16.651616620610877,0.0,20.4739336492891,13.649289099526067,13.649289099526067,0.0,30.0,13.649289099526067,20.0,10.0,20.0,13.649289099526067,1364.9289099526068,0.0,1364.9289099526068,1364.9289099526068,0.5459715639810427,5.0000000000000036,0.818957345971564,13.333333333333332
ST016,SKU0056,0.17535545023696683,0.0,7,0.6268281770387135,2.736411927500466,3.963900079159234,0.0,5.260663507109005,3.5071090047393367,3.5071090047393367,0.0,30.0,3.5071090047393367,20.0,10.0,20.0,3.5071090047393367,350.7109004739337,0.0,350.7109004739337,350.7109004739337,0.14028436018957346,5.0,0.2104265402843602,13.333333333333332
ST016,SKU0057,0.38388625592417064,0.0,7,1.7726832140788347,7.738630247289594,10.425834038758788,0.0,11.51658767772512,7.677725118483413,7.677725118483413,0.0,30.0,7.677725118483413,20.0,10.0,20.0,7.677725118483413,767.7725118483413,0.0,767.7725118483413,767.7725118483413,0.30710900473933656,5.0000000000000036,0.4606635071090047,13.333333333333332
ST016,SKU0058,0.4386792452830189,0.0,7,1.5273227671377896,6.6675117523964476,9.73826646937758,0.0,13.160377358490566,8.773584905660378,8.773584905660378,0.0,30.0,8.773584905660378,20.0,10.0,20.0,8.773584905660378,877.3584905660379,0.0,877.3584905660379,877.3584905660379,0.3509433962264151,5.0,0.5264150943396226,13.333333333333332
ST016,SKU0059,0.22169811320754718,0.0,7,0.9503807884367185,4.148877508078128,5.700764300530958,0.0,6.650943396226415,4.433962264150944,4.433962264150944,0.0,30.0,4.433962264150944,20.000000000000004,9.999999999999996,20.000000000000004,4.433962264150944,443.3962264150944,0.0,443.3962264150944,443.3962264150944,0.17735849056603775,5.0,0.2660377358490566,13.333333333333332
ST016,SKU0060,0.6966824644549763,0.0,7,2.3120673883377294,10.093306284540983,14.970083535725816,0.0,20.900473933649288,13.933649289099526,13.933649289099526,0.0,30.0,13.933649289099526,20.0,10.0,20.0,13.933649289099526,1393.3649289099526,0.0,1393.3649289099526,1393.3649289099526,0.557345971563981,5.0,0.8360189573459715,13.333333333333332
ST016,SKU0061,0.5687203791469194,0.0,7,2.3235374862504976,10.143378878415712,14.124421532444147,0.0,17.061611374407583,11.374407582938389,11.374407582938389,0.0,30.0,11.374407582938389,20.0,10.0,20.0,11.374407582938389,1137.4407582938388,0.0,1137.4407582938388,1137.4407582938388,0.4549763033175356,5.0,0.6824644549763033,13.333333333333332
ST016,SKU0062,0.6886792452830188,0.0,7,2.4720742007421195,10.79181437014298,15.612569087124111,0.0,20.660377358490564,13.773584905660377,13.773584905660377,0.0,30.0,13.773584905660377,20.0,10.0,20.0,13.773584905660377,1377.3584905660377,0.0,1377.3584905660377,1377.3584905660377,0.5509433962264151,5.0,0.8264150943396226,13.333333333333332
ST016,SKU0063,0.2028301886792453,0.0,7,0.7612608084098493,3.323276190155541,4.743087510910258,0.0,6.084905660377359,4.056603773584905,4.056603773584905,0.0,30.0,4.056603773584905,19.999999999999996,10.000000000000004,19.999999999999996,4.056603773584905,405.66037735849056,0.0,405.66037735849056,405.66037735849056,0.16226415094339625,5.0000000000000036,0.24339622641509434,13.333333333333336
ST016,SKU0064,0.1848341232227488,0.0,7,0.7739554225944761,3.3786943971575596,4.6725332597168014,0.0,5.545023696682464,3.6966824644549763,3.6966824644549763,0.0,30.0,3.6966824644549763,20.0,10.0,20.0,3.6966824644549763,369.66824644549763,0.0,369.66824644549763,369.66824644549763,0.14786729857819905,5.0,0.22180094786729856,13.333333333333332
ST016,SKU0065,0.2037914691943128,0.0,7,0.900362273184798,3.9305221967744273,5.357062481134617,0.0,6.113744075829384,4.075829383886256,4.075829383886256,0.0,30.0,4.075829383886256,20.0,10.0,20.0,4.075829383886256,407.58293838862556,0.0,407.58293838862556,407.58293838862556,0.16303317535545025,5.0000000000000036,0.24454976303317533,13.333333333333332
ST016,SKU0066,0.4218009478672986,0.0,7,1.6923634018729838,7.387994937350244,10.340601572421335,0.0,12.654028436018958,8.436018957345972,8.436018957345972,0.0,30.0,8.436018957345972,20.0,10.0,20.0,8.436018957345972,843.6018957345972,0.0,843.6018957345972,843.6018957345972,0.3374407582938389,5.0,0.5061611374407583,13.333333333333332
ST016,SKU0067,0.41706161137440756,0.0,7,1.7005581411477997,7.423768986947534,10.343200266568388,0.0,12.511848341232227,8.34123222748815,8.34123222748815,0.0,30.0,8.34123222748815,20.0,10.0,20.0,8.34123222748815,834.1232227488151,0.0,834.1232227488151,834.1232227488151,0.33364928909952607,5.0000000000000036,0.500473933649289,13.333333333333332
ST016,SKU0068,0.42924528301886794,0.0,7,1.697417440698404,7.410058291600312,10.414775272732388,0.0,12.877358490566039,8.584905660377359,8.584905660377359,0.0,30.0,8.584905660377359,20.0,10.0,20.0,8.584905660377359,858.4905660377359,0.0,858.4905660377359,858.4905660377359,0.3433962264150944,5.0,0.5150943396226415,13.333333333333332
ST016,SKU0069,0.7345971563981043,0.0,7,2.824330886421044,12.329587290287344,17.471767385074074,0.0,22.03791469194313,14.691943127962086,14.691943127962086,0.0,30.0,14.691943127962086,20.0,10.0,20.0,14.691943127962086,1469.1943127962086,0.0,1469.1943127962086,1469.1943127962086,0.5876777251184835,5.0000000000000036,0.8815165876777251,13.333333333333332
ST016,SKU0070,0.1943127962085308,0.0,7,0.8536564920707418,3.7266285921066915,5.086818165566408,0.0,5.829383886255925,3.8862559241706163,3.8862559241706163,0.0,30.0,3.8862559241706163,20.0,10.0,20.0,3.8862559241706163,388.6255924170616,0.0,388.6255924170616,388.6255924170616,0.15545023696682467,5.0000000000000036,0.23317535545023696,13.333333333333332
ST016,SKU0071,0.7298578199052133,0.0,7,3.133233455146689,13.678098261012552,18.787103000349045,0.0,21.895734597156398,14.597156398104264,14.597156398104264,0.0,30.0,14.597156398104264,20.0,10.0,20.0,14.597156398104264,1459.7156398104264,0.0,1459.7156398104264,1459.7156398104264,0.5838862559241706,5.0000000000000036,0.8758293838862559,13.333333333333332
ST016,SKU0072,0.4009433962264151,0.0,7,1.676319330900439,7.317954711363043,10.124558484947949,0.0,12.028301886792454,8.018867924528303,8.018867924528303,0.0,30.0,8.018867924528303,20.0,10.0,20.0,8.018867924528303,801.8867924528303,0.0,801.8867924528303,801.8867924528303,0.3207547169811321,5.0,0.4811320754716981,13.333333333333332
ST016,SKU0073,0.5402843601895735,0.0,7,2.3567608753363447,10.288415240048328,14.070405761375342,0.0,16.208530805687204,10.80568720379147,10.80568720379147,0.0,30.0,10.80568720379147,20.0,10.0,20.0,10.80568720379147,1080.568720379147,0.0,1080.568720379147,1080.568720379147,0.4322274881516588,5.0,0.6483412322274882,13.333333333333332
ST016,SKU0074,0.6729857819905213,0.0,7,2.6062525724160848,11.377568664718275,16.088469138651924,0.0,20.18957345971564,13.459715639810426,13.459715639810426,0.0,30.0,13.459715639810426,20.0,10.0,20.0,13.459715639810426,1345.9715639810427,0.0,1345.9715639810427,1345.9715639810427,0.5383886255924171,5.0,0.8075829383886255,13.333333333333332
ST016,SKU0075,0.4312796208530806,0.0,7,1.7234427815973037,7.523671648277188,10.542628994248751,0.0,12.938388625592417,8.625592417061611,8.625592417061611,0.0,30.0,8.625592417061611,20.0,10.0,20.0,8.625592417061611,862.5592417061612,0.0,862.5592417061612,862.5592417061612,0.34502369668246446,5.0,0.5175355450236967,13.333333333333336
ST016,SKU0076,0.16587677725118483,0.0,7,0.7010003491480977,3.0602097781452704,4.221347218903564,0.0,4.976303317535545,3.3175355450236967,3.3175355450236967,0.0,30.0,3.3175355450236967,20.0,10.0,20.0,3.3175355450236967,331.7535545023697,0.0,331.7535545023697,331.7535545023697,0.13270142180094788,5.0,0.19905213270142177,13.333333333333332
ST016,SKU0077,0.6682464454976303,0.0,7,2.6981274381149487,11.778647441239752,16.456372559723164,0.0,20.04739336492891,13.364928909952607,13.364928909952607,0.0,30.0,13.364928909952607,20.0,10.0,20.0,13.364928909952607,1336.4928909952607,0.0,1336.4928909952607,1336.4928909952607,0.5345971563981043,5.0000000000000036,0.8018957345971564,13.333333333333332
ST016,SKU0078,0.5518867924528302,0.0,7,2.343114593143491,10.228842536193545,14.092050083363358,0.0,16.556603773584907,11.037735849056604,11.037735849056604,0.0,30.0,11.037735849056604,20.0,10.0,20.0,11.037735849056604,1103.7735849056605,0.0,1103.7735849056605,1103.7735849056605,0.4415094339622642,5.0000000000000036,0.6622641509433963,13.333333333333336
ST016,SKU0079,0.18867924528301888,0.0,7,0.9500631812082709,4.147490997005365,5.468245713986497,0.0,5.660377358490567,3.7735849056603774,3.7735849056603774,0.0,30.0,3.7735849056603774,20.0,10.0,20.0,3.7735849056603774,377.35849056603774,0.0,377.35849056603774,377.35849056603774,0.15094339622641512,5.0000000000000036,0.22641509433962265,13.333333333333332
ST016,SKU0080,0.3886255924170616,0.0,7,1.6848522634425909,7.355205140173074,10.075584287092505,0.0,11.65876777251185,7.7725118483412325,7.7725118483412325,0.0,30.0,7.7725118483412325,20.0,10.0,20.0,7.7725118483412325,777.2511848341233,0.0,777.2511848341233,777.2511848341233,0.31090047393364934,5.0000000000000036,0.4663507109004739,13.333333333333332
ST016,SKU0081,0.1943127962085308,0.0,7,0.9233303473102399,4.030789086953955,5.390978660413671,0.0,5.829383886255925,3.8862559241706163,3.8862559241706163,0.0,30.0,3.8862559241706163,20.0,10.0,20.0,3.8862559241706163,388.6255924170616,0.0,388.6255924170616,388.6255924170616,0.15545023696682467,5.0000000000000036,0.23317535545023696,13.333333333333332
ST016,SKU0082,0.7251184834123223,0.0,7,2.851947431591526,12.450147032763944,17.525976416650202,0.0,21.75355450236967,14.502369668246446,14.502369668246446,0.0,30.0,14.502369668246446,20.0,10.0,20.0,14.502369668246446,1450.2369668246447,0.0,1450.2369668246447,1450.2369668246447,0.5800947867298579,5.0000000000000036,0.8701421800947867,13.333333333333332
ST016,SKU0083,0.18009478672985782,0.0,7,0.7405159015824725,3.2327145138354063,4.4933780209444105,0.0,5.402843601895735,3.6018957345971563,3.6018957345971563,0.0,30.0,3.6018957345971563,20.0,10.0,20.0,3.6018957345971563,360.18957345971563,0.0,360.18957345971563,360.18957345971563,0.14407582938388627,5.0000000000000036,0.21611374407582937,13.333333333333332
ST016,SKU0084,0.17061611374407584,0.0,7,0.6166646843155262,2.6920433050748085,3.886356101283339,0.0,5.118483412322275,3.4123222748815167,3.4123222748815167,0.0,30.0,3.4123222748815167,20.0,10.0,20.0,3.4123222748815167,341.2322274881517,0.0,341.2322274881517,341.2322274881517,0.13649289099526069,5.0000000000000036,0.204739336492891,13.333333333333332
ST016,SKU0085,0.6966824644549763,0.0,7,2.981360889102825,13.015100143815813,17.891877395000648,0.0,20.900473933649288,13.933649289099526,13.933649289099526,0.0,30.0,13.933649289099526,20.0,10.0,20.0,13.933649289099526,1393.3649289099526,0.0,1393.3649289099526,1393.3649289099526,0.557345971563981,5.0,0.8360189573459715,13.333333333333332
ST016,SKU0086,0.5876777251184834,15.0,7,1.5385954666285868,6.716722605500522,10.830466681329906,15.0,17.6303317535545,10.0,11.753554502369667,25.5241935483871,4.4758064516129,25.0,42.54032258064517,0.0,4.4758064516129,10.0,1000.0,1500.0,2500.0,1000.0,0.4701421800947867,0.0,0.70521327014218,0.0
ST016,SKU0087,0.17535545023696683,0.0,7,0.7384405974150048,3.223654794944213,4.451142946602981,0.0,5.260663507109005,3.5071090047393367,3.5071090047393367,0.0,30.0,3.5071090047393367,20.0,10.0,20.0,3.5071090047393367,350.7109004739337,0.0,350.7109004739337,350.7109004739337,0.14028436018957346,5.0,0.2104265402843602,13.333333333333332
ST016,SKU0088,0.5235849056603774,0.0,7,2.003411871148388,8.7458738147438,12.410968154366444,0.0,15.707547169811322,10.471698113207548,10.471698113207548,0.0,30.0,10.471698113207548,20.0,10.0,20.0,10.471698113207548,1047.169811320755,0.0,1047.169811320755,1047.169811320755,0.41886792452830196,5.0000000000000036,0.6283018867924529,13.333333333333332
ST016,SKU0089,0.38388625592417064,0.0,7,1.492688870190689,6.516317833275588,9.203521624744782,0.0,11.51658767772512,7.677725118483413,7.677725118483413,0.0,30.0,7.677725118483413,20.0,10.0,20.0,7.677725118483413,767.7725118483413,0.0,767.7725118483413,767.7725118483413,0.30710900473933656,5.0000000000000036,0.4606635071090047,13.333333333333332
ST016,SKU0090,0.3915094339622642,0.0,7,1.3845880133582058,6.0444046601842025,8.784970697920052,0.0,11.745283018867925,7.830188679245284,7.830188679245284,0.0,30.0,7.830188679245284,20.0,10.0,20.0,7.830188679245284,783.0188679245284,0.0,783.0188679245284,783.0188679245284,0.31320754716981136,5.0,0.469811320754717,13.333333333333332
ST017,SKU0001,0.2641509433962264,0.0,7,1.2604211046290708,5.502355303608642,7.351411907382227,0.0,7.9245283018867925,5.283018867924528,5.283018867924528,0.0,30.0,5.283018867924528,20.0,10.0,20.0,5.283018867924528,528.3018867924528,0.0,528.3018867924528,528.3018867924528,0.21132075471698114,5.0000000000000036,0.3169811320754717,13.333333333333332
ST017,SKU0002,0.2372093023255814,0.0,7,1.1818374842445132,5.159299321118577,6.819764437397646,0.0,7.116279069767442,4.744186046511628,4.744186046511628,0.0,30.0,4.744186046511628,20.0,10.0,20.0,4.744186046511628,474.4186046511628,0.0,474.4186046511628,474.4186046511628,0.18976744186046512,5.0,0.2846511627906977,13.333333333333332
ST017,SKU0003,0.6179245283018868,0.0,7,2.680499959371708,11.70169486499686,16.027166563110068,0.0,18.537735849056606,12.358490566037737,12.358490566037737,0.0,30.0,12.358490566037737,20.0,10.0,20.0,12.358490566037737,1235.8490566037738,0.0,1235.8490566037738,1235.8490566037738,0.4943396226415095,5.0,0.7415094339622642,13.333333333333332
ST017,SKU0004,0.5829383886255924,0.0,7,2.161677675412418,9.436781547305412,13.51735026768456,0.0,17.488151658767773,11.65876777251185,11.65876777251185,0.0,30.0,11.65876777251185,20.0,10.0,20.0,11.65876777251185,1165.8767772511849,0.0,1165.8767772511849,1165.8767772511849,0.466350710900474,5.0,0.6995260663507109,13.333333333333332
ST017,SKU0005,0.5094339622641509,0.0,7,2.524741206835886,11.021731640839988,14.587769376689044,0.0,15.283018867924529,10.18867924528302,10.18867924528302,0.0,30.0,10.18867924528302,20.0,10.0,20.0,10.18867924528302,1018.867924528302,0.0,1018.867924528302,1018.867924528302,0.4075471698113208,5.0,0.6113207547169811,13.333333333333332
ST017,SKU0006,0.6933962264150944,0.0,7,2.4889050055437543,10.865289074528807,15.719062659434467,0.0,20.80188679245283,13.867924528301888,13.867924528301888,0.0,30.0,13.867924528301888,20.0,10.0,20.0,13.867924528301888,1386.7924528301887,0.0,1386.7924528301887,1386.7924528301887,0.5547169811320755,4.9999999999999964,0.8320754716981132,13.333333333333332
ST017,SKU0007,0.7109004739336493,0.0,7,2.8895253596971777,12.614193089475766,17.59049640701131,0.0,21.32701421800948,14.218009478672986,14.218009478672986,0.0,30.0,14.218009478672986,20.0,10.0,20.0,14.218009478672986,1421.8009478672986,0.0,1421.8009478672986,1421.8009478672986,0.5687203791469194,5.0,0.8530805687203792,13.333333333333332
ST017,SKU0008,0.5213270142180095,0.0,7,2.105156965571767,9.190040972736124,12.839330072262191,0.0,15.639810426540286,10.42654028436019,10.42654028436019,0.0,30.0,10.42654028436019,20.0,10.0,20.0,10.42654028436019,1042.654028436019,0.0,1042.654028436019,1042.654028436019,0.41706161137440767,5.0000000000000036,0.6255924170616114,13.333333333333332
ST017,SKU0009,0.24644549763033174,0.0,7,1.0401117937240771,4.540597284133713,6.265715767546036,0.0,7.393364928909953,4.9289099526066344,4.9289099526066344,0.0,30.0,4.9289099526066344,19.999999999999996,10.000000000000004,19.999999999999996,4.9289099526066344,492.89099526066343,0.0,492.89099526066343,492.89099526066343,0.1971563981042654,5.0000000000000036,0.2957345971563981,13.333333333333336
ST017,SKU0010,0.22535211267605634,0.0,7,0.9193493869270576,4.013410245551339,5.590875034283734,0.0,6.76056338028169,4.507042253521127,4.507042253521127,0.0,30.0,4.507042253521127,20.0,10.0,20.0,4.507042253521127,450.7042253521127,0.0,450.7042253521127,450.7042253521127,0.18028169014084508,5.0,0.2704225352112676,13.333333333333332
ST017,SKU0011,0.4716981132075472,0.0,7,1.8302748721119946,7.990046035123161,11.291932827575991,0.0,14.150943396226415,9.433962264150944,9.433962264150944,0.0,30.0,9.433962264150944,20.0,10.0,20.0,9.433962264150944,943.3962264150944,0.0,943.3962264150944,943.3962264150944,0.37735849056603776,5.0,0.5660377358490566,13.333333333333332
ST017,SKU0012,0.6729857819905213,0.0,7,3.0145962526453784,13.160188779815403,17.87108925374905,0.0,20.18957345971564,13.459715639810426,13.459715639810426,0.0,30.0,13.459715639810426,20.0,10.0,20.0,13.459715639810426,1345.9715639810427,0.0,1345.9715639810427,1345.9715639810427,0.5383886255924171,5.0,0.8075829383886255,13.333333333333332
ST017,SKU0013,0.5260663507109005,0.0,7,2.283070859162626,9.96672223615675,13.649186691133053,0.0,15.781990521327014,10.52132701421801,10.52132701421801,0.0,30.0,10.52132701421801,20.0,10.0,20.0,10.52132701421801,1052.132701421801,0.0,1052.132701421801,1052.132701421801,0.4208530805687204,5.0,0.6312796208530805,13.333333333333332
ST017,SKU0014,0.596244131455399,0.0,7,2.3181777522575993,10.11998101507191,14.293689935259703,0.0,17.88732394366197,11.92488262910798,11.92488262910798,0.0,30.0,11.92488262910798,20.0,10.0,20.0,11.92488262910798,1192.488262910798,0.0,1192.488262910798,1192.488262910798,0.4769953051643192,5.0,0.7154929577464788,13.333333333333332
ST017,SKU0015,0.6919431279620853,0.0,7,3.762582891551731,16.425516720215114,21.26911861594971,0.0,20.75829383886256,13.838862559241708,13.838862559241708,0.0,30.0,13.838862559241708,20.0,10.0,20.0,13.838862559241708,1383.8862559241709,0.0,1383.8862559241709,1383.8862559241709,0.5535545023696683,5.0,0.8303317535545024,13.333333333333332
ST017,SKU0016,0.5592417061611374,0.0,7,2.309410849084971,10.08170918989303,13.996401133020992,0.0,16.777251184834125,11.18483412322275,11.18483412322275,0.0,30.0,11.18483412322275,20.0,10.0,20.0,11.18483412322275,1118.483412322275,0.0,1118.483412322275,1118.483412322275,0.44739336492890996,5.0,0.6710900473933649,13.333333333333329
ST017,SKU0017,0.5258215962441315,0.0,7,1.9194977492905279,8.379547583172059,12.060298756880979,0.0,15.774647887323944,10.51643192488263,10.51643192488263,0.0,30.0,10.51643192488263,20.0,10.0,20.0,10.51643192488263,1051.643192488263,0.0,1051.643192488263,1051.643192488263,0.4206572769953052,5.0,0.6309859154929578,13.333333333333332
ST017,SKU0018,0.2358490566037736,0.0,7,1.0802131331950504,4.71565926707699,6.366602663303405,0.0,7.0754716981132075,4.716981132075472,4.716981132075472,0.0,30.0,4.716981132075472,20.0,10.0,20.0,4.716981132075472,471.6981132075472,0.0,471.6981132075472,471.6981132075472,0.18867924528301888,5.0,0.2830188679245283,13.333333333333332
ST017,SKU0019,1.1226415094339623,0.0,7,3.8273221559065855,16.708135309563065,24.566625875600803,0.0,33.67924528301887,22.452830188679247,22.452830188679247,0.0,30.0,22.452830188679247,20.0,10.0,20.0,22.452830188679247,2245.2830188679245,0.0,2245.2830188679245,2245.2830188679245,0.89811320754717,5.0000000000000036,1.3471698113207549,13.333333333333332
ST017,SKU0020,0.5566037735849056,0.0,7,2.030946309814866,8.866075122125881,12.762301537220221,0.0,16.69811320754717,11.132075471698112,11.132075471698112,0.0,30.0,11.132075471698112,20.0,10.0,20.0,11.132075471698112,1113.2075471698113,0.0,1113.2075471698113,1113.2075471698113,0.44528301886792454,5.0000000000000036,0.6679245283018868,13.333333333333336
ST017,SKU0021,0.7393364928909952,0.0,7,2.5696613702318696,11.217830149816953,16.39318560005392,0.0,22.180094786729857,14.786729857819905,14.786729857819905,0.0,30.0,14.786729857819905,20.0,10.0,20.0,14.786729857819905,1478.6729857819905,0.0,1478.6729857819905,1478.6729857819905,0.5914691943127962,5.0,0.8872037914691943,13.333333333333332
ST017,SKU0022,0.5707547169811321,0.0,7,2.3304482403954996,10.173547704201026,14.16883072306895,0.0,17.122641509433965,11.415094339622643,11.415094339622643,0.0,30.0,11.415094339622643,20.0,10.0,20.0,11.415094339622643,1141.5094339622642,0.0,1141.5094339622642,1141.5094339622642,0.4566037735849057,5.0,0.6849056603773586,13.333333333333332
ST017,SKU0023,0.6745283018867925,0.0,7,2.677395683074314,11.688143178908694,16.40984129211624,0.0,20.235849056603776,13.49056603773585,13.49056603773585,0.0,30.0,13.49056603773585,20.0,10.0,20.0,13.49056603773585,1349.056603773585,0.0,1349.056603773585,1349.056603773585,0.539622641509434,5.0,0.809433962264151,13.333333333333332
ST017,SKU0024,0.5377358490566038,0.0,7,2.467512239133321,10.771899173895598,14.536050117291824,0.0,16.132075471698112,10.754716981132075,10.754716981132075,0.0,30.0,10.754716981132075,20.0,10.0,20.0,10.754716981132075,1075.4716981132076,0.0,1075.4716981132076,1075.4716981132076,0.43018867924528303,5.0,0.6452830188679245,13.333333333333332
ST017,SKU0025,0.5213270142180095,0.0,7,1.8187568077909162,7.9397640443887685,11.589053143914835,0.0,15.639810426540286,10.42654028436019,10.42654028436019,0.0,30.0,10.42654028436019,20.0,10.0,20.0,10.42654028436019,1042.654028436019,0.0,1042.654028436019,1042.654028436019,0.41706161137440767,5.0000000000000036,0.6255924170616114,13.333333333333332
ST017,SKU0026,0.23113207547169812,0.0,7,1.1178740153644113,4.880067458896459,6.497991987198346,0.0,6.933962264150944,4.622641509433962,4.622641509433962,0.0,30.0,4.622641509433962,20.0,10.0,20.0,4.622641509433962,462.26415094339626,0.0,462.26415094339626,462.26415094339626,0.1849056603773585,5.0,0.27735849056603773,13.333333333333332
ST017,SKU0027,0.22274881516587677,0.0,7,0.9820551960222522,4.287151806982552,5.846393513143689,0.0,6.682464454976303,4.454976303317536,4.454976303317536,0.0,30.0,4.454976303317536,20.0,10.0,20.0,4.454976303317536,445.49763033175356,0.0,445.49763033175356,445.49763033175356,0.17819905213270143,5.0,0.2672985781990521,13.333333333333332
ST017,SKU0028,0.32547169811320753,0.0,7,1.0940217834679142,4.775940787106702,7.054242673899155,0.0,9.764150943396226,6.509433962264151,6.509433962264151,0.0,30.0,6.509433962264151,20.0,10.0,20.0,6.509433962264151,650.9433962264151,0.0,650.9433962264151,650.9433962264151,0.26037735849056604,5.0,0.390566037735849,13.333333333333332
ST017,SKU0029,0.6919431279620853,0.0,7,2.6140429399664167,11.411577433732218,16.255179329466813,0.0,20.75829383886256,13.838862559241708,13.838862559241708,0.0,30.0,13.838862559241708,20.0,10.0,20.0,13.838862559241708,1383.8862559241709,0.0,1383.8862559241709,1383.8862559241709,0.5535545023696683,5.0,0.8303317535545024,13.333333333333332
ST017,SKU0030,0.1943127962085308,0.0,7,0.9129574531249688,3.9855063246100997,5.345695898069815,0.0,5.829383886255925,3.8862559241706163,3.8862559241706163,0.0,30.0,3.8862559241706163,20.0,10.0,20.0,3.8862559241706163,388.6255924170616,0.0,388.6255924170616,388.6255924170616,0.15545023696682467,5.0000000000000036,0.23317535545023696,13.333333333333332
ST017,SKU0031,0.5071090047393365,0.0,7,2.178618321969979,9.510735764741325,13.06049879791668,0.0,15.213270142180095,10.142180094786731,10.142180094786731,0.0,30.0,10.142180094786731,20.0,10.0,20.0,10.142180094786731,1014.2180094786731,0.0,1014.2180094786731,1014.2180094786731,0.4056872037914692,5.0,0.6085308056872037,13.333333333333329
ST017,SKU0032,0.5781990521327014,0.0,7,1.9778050792780728,8.634087629524776,12.681480994453686,0.0,17.345971563981042,11.563981042654028,11.563981042654028,0.0,30.0,11.563981042654028,20.0,10.0,20.0,11.563981042654028,1156.3981042654027,0.0,1156.3981042654027,1156.3981042654027,0.46255924170616114,5.0,0.6938388625592417,13.333333333333332
ST017,SKU0033,0.8726415094339622,0.0,7,3.8586158414783487,16.8447475704518,22.95323813648954,0.0,26.17924528301887,17.452830188679243,17.452830188679243,0.0,30.0,17.452830188679243,20.0,10.0,20.0,17.452830188679243,1745.2830188679243,0.0,1745.2830188679243,1745.2830188679243,0.6981132075471699,5.0000000000000036,1.0471698113207546,13.333333333333332
ST017,SKU0034,0.2688679245283019,0.0,7,1.1917459578161056,5.202554660074015,7.084630131772128,0.0,8.066037735849056,5.377358490566038,5.377358490566038,0.0,30.0,5.377358490566038,20.0,10.0,20.0,5.377358490566038,537.7358490566038,0.0,537.7358490566038,537.7358490566038,0.21509433962264152,5.0,0.32264150943396225,13.333333333333332
ST017,SKU0035,0.2347417840375587,0.0,7,1.0601328476696321,4.6279989881805355,6.271191476443446,0.0,7.042253521126761,4.694835680751174,4.694835680751174,0.0,30.0,4.694835680751174,20.0,10.0,20.0,4.694835680751174,469.4835680751174,0.0,469.4835680751174,469.4835680751174,0.18779342723004697,5.0,0.28169014084507044,13.333333333333332
ST017,SKU0036,0.9478672985781991,0.0,7,3.2633801788682675,14.246252438125813,20.881323528173205,0.0,28.436018957345972,18.95734597156398,18.95734597156398,0.0,30.0,18.95734597156398,20.0,10.0,20.0,18.95734597156398,1895.7345971563982,0.0,1895.7345971563982,1895.7345971563982,0.7582938388625593,5.0,1.1374407582938388,13.333333333333332
ST017,SKU0037,0.6635071090047393,0.0,7,2.363521388924078,10.317928192233884,14.962477955267058,0.0,19.90521327014218,13.270142180094787,13.270142180094787,0.0,30.0,13.270142180094787,20.0,10.0,20.0,13.270142180094787,1327.0142180094788,0.0,1327.0142180094788,1327.0142180094788,0.5308056872037915,5.0,0.7962085308056871,13.333333333333332
ST017,SKU0038,0.9433962264150944,0.0,7,4.209738627451222,18.37757046315023,24.98134404805589,0.0,28.30188679245283,18.867924528301888,18.867924528301888,0.0,30.0,18.867924528301888,20.0,10.0,20.0,18.867924528301888,1886.7924528301887,0.0,1886.7924528301887,1886.7924528301887,0.7547169811320755,5.0,1.1320754716981132,13.333333333333332
ST017,SKU0039,0.2535211267605634,0.0,7,1.082253630413001,4.724567036589857,6.499214923913801,0.0,7.605633802816901,5.070422535211268,5.070422535211268,0.0,30.0,5.070422535211268,20.0,10.0,20.0,5.070422535211268,507.0422535211268,0.0,507.0422535211268,507.0422535211268,0.2028169014084507,5.0,0.30422535211267604,13.333333333333332
ST017,SKU0040,0.4976303317535545,0.0,7,2.3306945778191537,10.174623087677661,13.658035409952543,0.0,14.928909952606634,9.95260663507109,9.95260663507109,0.0,30.0,9.95260663507109,20.0,10.0,20.0,9.95260663507109,995.260663507109,0.0,995.260663507109,995.260663507109,0.3981042654028436,5.0,0.5971563981042654,13.333333333333332
ST017,SKU0041,0.25118483412322273,0.0,7,1.0593960628842338,4.6247825618158345,6.3830764006783935,0.0,7.535545023696682,5.023696682464455,5.023696682464455,0.0,30.0,5.023696682464455,20.0,10.0,20.0,5.023696682464455,502.3696682464455,0.0,502.3696682464455,502.3696682464455,0.2009478672985782,5.0,0.30142180094786725,13.333333333333332
ST017,SKU0042,0.6132075471698113,0.0,7,2.196812661883567,9.590162967563872,13.882615797752552,0.0,18.39622641509434,12.264150943396226,12.264150943396226,0.0,30.0,12.264150943396226,20.0,10.0,20.0,12.264150943396226,1226.4150943396226,0.0,1226.4150943396226,1226.4150943396226,0.49056603773584906,5.0,0.7358490566037735,13.333333333333332
ST017,SKU0043,0.2796208530805687,0.0,7,1.4150590929411608,6.177425843131862,8.134771814695842,0.0,8.388625592417062,5.592417061611375,5.592417061611375,0.0,30.0,5.592417061611375,20.0,10.0,20.0,5.592417061611375,559.2417061611375,0.0,559.2417061611375,559.2417061611375,0.22369668246445498,5.0,0.33554502369668243,13.333333333333329
ST017,SKU0044,0.9575471698113207,0.0,7,3.548324432374431,15.49017363141133,22.193003820090574,0.0,28.72641509433962,19.150943396226413,19.150943396226413,0.0,30.0,19.150943396226413,20.0,10.0,20.0,19.150943396226413,1915.0943396226414,0.0,1915.0943396226414,1915.0943396226414,0.7660377358490567,5.0000000000000036,1.1490566037735848,13.333333333333332
ST017,SKU0045,0.7251184834123223,0.0,7,2.4957648622816206,10.895235708209384,15.97106509209564,0.0,21.75355450236967,14.502369668246446,14.502369668246446,0.0,30.0,14.502369668246446,20.0,10.0,20.0,14.502369668246446,1450.2369668246447,0.0,1450.2369668246447,1450.2369668246447,0.5800947867298579,5.0000000000000036,0.8701421800947867,13.333333333333332
ST017,SKU0046,0.4858490566037736,0.0,7,2.255018150398062,9.8442584260187,13.245201822245114,0.0,14.575471698113208,9.716981132075471,9.716981132075471,0.0,30.0,9.716981132075471,20.0,10.0,20.0,9.716981132075471,971.6981132075471,0.0,971.6981132075471,971.6981132075471,0.3886792452830189,5.0000000000000036,0.5830188679245283,13.333333333333332
ST017,SKU0047,0.6919431279620853,0.0,7,2.293859612216863,10.01382042609445,14.857422321829047,0.0,20.75829383886256,13.838862559241708,13.838862559241708,0.0,30.0,13.838862559241708,20.0,10.0,20.0,13.838862559241708,1383.8862559241709,0.0,1383.8862559241709,1383.8862559241709,0.5535545023696683,5.0,0.8303317535545024,13.333333333333332
ST017,SKU0048,0.9289099526066351,0.0,7,3.6239505208497444,15.82031853892284,22.322688207169286,0.0,27.867298578199055,18.578199052132703,18.578199052132703,0.0,30.0,18.578199052132703,20.0,10.0,20.0,18.578199052132703,1857.8199052132704,0.0,1857.8199052132704,1857.8199052132704,0.7431279620853082,5.0000000000000036,1.114691943127962,13.333333333333332
ST017,SKU0049,0.5023696682464455,0.0,7,2.2643708420472346,9.885087504736788,13.401675182461906,0.0,15.071090047393364,10.04739336492891,10.04739336492891,0.0,30.0,10.04739336492891,20.0,10.0,20.0,10.04739336492891,1004.739336492891,0.0,1004.739336492891,1004.739336492891,0.4018957345971564,5.0,0.6028436018957345,13.333333333333332
ST017,SKU0050,0.5687203791469194,0.0,7,2.18627053014115,9.544141400413661,13.525184054442096,0.0,17.061611374407583,11.374407582938389,11.374407582938389,0.0,30.0,11.374407582938389,20.0,10.0,20.0,11.374407582938389,1137.4407582938388,0.0,1137.4407582938388,1137.4407582938388,0.4549763033175356,5.0,0.6824644549763033,13.333333333333332
ST017,SKU0051,1.028301886792453,0.0,7,3.900316057602349,17.02678943289669,24.224902640443858,0.0,30.849056603773587,20.566037735849058,20.566037735849058,0.0,30.0,20.566037735849058,20.0,10.0,20.0,20.566037735849058,2056.603773584906,0.0,2056.603773584906,2056.603773584906,0.8226415094339624,5.0000000000000036,1.2339622641509436,13.333333333333336
ST017,SKU0052,0.5188679245283019,0.0,7,2.3916566352941198,10.440752319435479,14.07282779113359,0.0,15.566037735849056,10.377358490566039,10.377358490566039,0.0,30.0,10.377358490566039,20.0,10.0,20.0,10.377358490566039,1037.735849056604,0.0,1037.735849056604,1037.735849056604,0.41509433962264153,5.0,0.6226415094339622,13.333333333333332
ST017,SKU0053,0.7028301886792453,0.0,7,3.2277516288683876,14.090716371384518,19.010527692139235,0.0,21.08490566037736,14.056603773584905,14.056603773584905,0.0,30.0,14.056603773584905,20.0,10.0,20.0,14.056603773584905,1405.6603773584905,0.0,1405.6603773584905,1405.6603773584905,0.5622641509433962,5.0,0.8433962264150944,13.333333333333336
ST017,SKU0054,0.4928909952606635,0.0,7,1.9306294760454865,8.428143021255028,11.878379988079672,0.0,14.786729857819905,9.857819905213269,9.857819905213269,0.0,30.0,9.857819905213269,19.999999999999996,10.000000000000004,19.999999999999996,9.857819905213269,985.7819905213269,0.0,985.7819905213269,985.7819905213269,0.3943127962085308,5.0000000000000036,0.5914691943127962,13.333333333333336
ST017,SKU0055,0.9241706161137441,0.0,7,4.10039877843364,17.900248482481942,24.36944279527815,0.0,27.725118483412324,18.48341232227488,18.48341232227488,0.0,30.0,18.48341232227488,20.0,10.0,20.0,18.48341232227488,1848.341232227488,0.0,1848.341232227488,1848.341232227488,0.7393364928909953,5.0000000000000036,1.1090047393364928,13.333333333333332
ST017,SKU0056,0.32075471698113206,0.0,7,1.1018912635159226,4.8102949209114865,7.055577939779411,0.0,9.622641509433961,6.415094339622641,6.415094339622641,0.0,30.0,6.415094339622641,20.0,10.0,20.0,6.415094339622641,641.5094339622641,0.0,641.5094339622641,641.5094339622641,0.25660377358490566,5.0000000000000036,0.38490566037735846,13.333333333333332
ST017,SKU0057,0.7203791469194313,0.0,7,2.4167100518288707,10.550122750347196,15.592776778783215,0.0,21.61137440758294,14.407582938388625,14.407582938388625,0.0,30.0,14.407582938388625,20.0,10.0,20.0,14.407582938388625,1440.7582938388625,0.0,1440.7582938388625,1440.7582938388625,0.5763033175355451,5.0000000000000036,0.8644549763033175,13.333333333333332
ST017,SKU0058,0.5660377358490566,0.0,7,2.0995096151629484,9.165387522901641,13.127651673845037,0.0,16.9811320754717,11.320754716981131,11.320754716981131,0.0,30.0,11.320754716981131,20.0,10.0,20.0,11.320754716981131,1132.0754716981132,0.0,1132.0754716981132,1132.0754716981132,0.4528301886792453,5.0000000000000036,0.6792452830188679,13.333333333333332
ST017,SKU0059,0.25118483412322273,0.0,7,1.2221900791133866,5.335458156904225,7.093751995766784,0.0,7.535545023696682,5.023696682464455,5.023696682464455,0.0,30.0,5.023696682464455,20.0,10.0,20.0,5.023696682464455,502.3696682464455,0.0,502.3696682464455,502.3696682464455,0.2009478672985782,5.0,0.30142180094786725,13.333333333333332
ST017,SKU0060,0.8862559241706162,0.0,7,3.310351831524355,14.45130670226204,20.655098171456352,0.0,26.587677725118485,17.725118483412324,17.725118483412324,0.0,30.0,17.725118483412324,20.0,10.0,20.0,17.725118483412324,1772.5118483412323,0.0,1772.5118483412323,1772.5118483412323,0.709004739336493,5.0,1.0635071090047394,13.333333333333332
ST017,SKU0061,0.6729857819905213,0.0,7,3.1399393525818495,13.707372786948605,18.418273260882255,0.0,20.18957345971564,13.459715639810426,13.459715639810426,0.0,30.0,13.459715639810426,20.0,10.0,20.0,13.459715639810426,1345.9715639810427,0.0,1345.9715639810427,1345.9715639810427,0.5383886255924171,5.0,0.8075829383886255,13.333333333333332
ST017,SKU0062,0.8672985781990521,0.0,7,3.3368679071060274,14.56706235612396,20.638152403517324,0.0,26.018957345971565,17.345971563981042,17.345971563981042,0.0,30.0,17.345971563981042,20.0,10.0,20.0,17.345971563981042,1734.5971563981043,0.0,1734.5971563981043,1734.5971563981043,0.6938388625592418,5.0000000000000036,1.0407582938388624,13.333333333333332
ST017,SKU0063,0.2112676056338028,0.0,7,0.9504044763233531,4.148980917302376,5.627854156738996,0.0,6.338028169014084,4.225352112676056,4.225352112676056,0.0,30.0,4.225352112676056,20.0,10.0,20.0,4.225352112676056,422.53521126760563,0.0,422.53521126760563,422.53521126760563,0.16901408450704225,5.0,0.2535211267605634,13.333333333333336
ST017,SKU0064,0.2890995260663507,0.0,7,1.3190272911540908,5.758200005086503,7.781896687550958,0.0,8.672985781990521,5.781990521327014,5.781990521327014,0.0,30.0,5.781990521327014,20.0,10.0,20.0,5.781990521327014,578.1990521327014,0.0,578.1990521327014,578.1990521327014,0.23127962085308057,5.0,0.3469194312796208,13.333333333333332
ST017,SKU0065,0.26540284360189575,0.0,7,1.1855025873288105,5.175299290747847,7.033119195961117,0.0,7.9620853080568725,5.308056872037915,5.308056872037915,0.0,30.0,5.308056872037915,20.0,10.0,20.0,5.308056872037915,530.8056872037915,0.0,530.8056872037915,530.8056872037915,0.21232227488151661,5.0,0.3184834123222749,13.333333333333332
ST017,SKU0066,0.6350710900473934,0.0,7,2.9816106816328163,13.01619061052345,17.461688240855203,0.0,19.0521327014218,12.701421800947868,12.701421800947868,0.0,30.0,12.701421800947868,20.0,10.0,20.0,12.701421800947868,1270.1421800947867,0.0,1270.1421800947867,1270.1421800947867,0.5080568720379147,5.0,0.762085308056872,13.333333333333332
ST017,SKU0067,0.6587677725118484,0.0,7,3.110222224200198,13.577642970176836,18.189017377759775,0.0,19.763033175355453,13.175355450236967,13.175355450236967,0.0,30.0,13.175355450236967,20.0,10.0,20.0,13.175355450236967,1317.5355450236968,0.0,1317.5355450236968,1317.5355450236968,0.5270142180094787,5.0,0.7905213270142181,13.333333333333332
ST017,SKU0068,0.5592417061611374,0.0,7,2.049401165350022,8.946639603201499,12.86133154632946,0.0,16.777251184834125,11.18483412322275,11.18483412322275,0.0,30.0,11.18483412322275,20.0,10.0,20.0,11.18483412322275,1118.483412322275,0.0,1118.483412322275,1118.483412322275,0.44739336492890996,5.0,0.6710900473933649,13.333333333333329
ST017,SKU0069,0.919431279620853,0.0,7,4.181381824317317,18.253779132186164,24.689798089532136,0.0,27.582938388625593,18.38862559241706,18.38862559241706,0.0,30.0,18.38862559241706,20.0,10.0,20.0,18.38862559241706,1838.862559241706,0.0,1838.862559241706,1838.862559241706,0.7355450236966825,5.0000000000000036,1.1033175355450235,13.333333333333332
ST017,SKU0070,0.26540284360189575,0.0,7,1.173390368117906,5.122423522983546,6.980243428196816,0.0,7.9620853080568725,5.308056872037915,5.308056872037915,0.0,30.0,5.308056872037915,20.0,10.0,20.0,5.308056872037915,530.8056872037915,0.0,530.8056872037915,530.8056872037915,0.21232227488151661,5.0,0.3184834123222749,13.333333333333332
ST017,SKU0071,0.990521327014218,0.0,7,4.390455580360018,19.166488453048803,26.10013774214833,0.0,29.71563981042654,19.81042654028436,19.81042654028436,0.0,30.0,19.81042654028436,20.0,10.0,20.0,19.81042654028436,1981.0426540284361,0.0,1981.0426540284361,1981.0426540284361,0.7924170616113745,5.0,1.1886255924170617,13.333333333333332
ST017,SKU0072,0.5971563981042654,0.0,7,2.4849626746635,10.848078869821919,15.028173656551775,0.0,17.91469194312796,11.943127962085306,11.943127962085306,0.0,30.0,11.943127962085306,20.0,10.0,20.0,11.943127962085306,1194.3127962085307,0.0,1194.3127962085307,1194.3127962085307,0.4777251184834123,5.0000000000000036,0.7165876777251184,13.333333333333336
ST017,SKU0073,0.7298578199052133,0.0,7,2.977376518357984,12.997706414514628,18.106711153851123,0.0,21.895734597156398,14.597156398104264,14.597156398104264,0.0,30.0,14.597156398104264,20.0,10.0,20.0,14.597156398104264,1459.7156398104264,0.0,1459.7156398104264,1459.7156398104264,0.5838862559241706,5.0000000000000036,0.8758293838862559,13.333333333333332
ST017,SKU0074,0.8957345971563981,0.0,7,3.7630447152838777,16.427532806944047,22.697674987038834,0.0,26.872037914691944,17.914691943127963,17.914691943127963,0.0,30.0,17.914691943127963,20.0,10.0,20.0,17.914691943127963,1791.4691943127964,0.0,1791.4691943127964,1791.4691943127964,0.7165876777251186,5.0,1.0748815165876777,13.333333333333332
ST017,SKU0075,0.5734597156398105,0.0,7,2.1287279617823893,9.292939913046258,13.307157922524931,0.0,17.203791469194314,11.469194312796208,11.469194312796208,0.0,30.0,11.469194312796208,20.0,10.0,20.0,11.469194312796208,1146.9194312796208,0.0,1146.9194312796208,1146.9194312796208,0.4587677725118484,5.0000000000000036,0.6881516587677725,13.333333333333332
ST017,SKU0076,0.1990521327014218,0.0,7,0.8553467980230518,3.734007605269242,5.1273725341791945,0.0,5.971563981042654,3.9810426540284363,3.9810426540284363,0.0,30.0,3.9810426540284363,20.0,10.0,20.0,3.9810426540284363,398.1042654028436,0.0,398.1042654028436,398.1042654028436,0.15924170616113745,5.0,0.23886255924170616,13.333333333333332
ST017,SKU0077,0.9478672985781991,0.0,7,3.5686642427587074,15.578966863396486,22.214037953443878,0.0,28.436018957345972,18.95734597156398,18.95734597156398,0.0,30.0,18.95734597156398,20.0,10.0,20.0,18.95734597156398,1895.7345971563982,0.0,1895.7345971563982,1895.7345971563982,0.7582938388625593,5.0,1.1374407582938388,13.333333333333332
ST017,SKU0078,0.7962085308056872,0.0,7,2.6133694423142915,11.408637286693637,16.982097002333447,0.0,23.886255924170616,15.924170616113745,15.924170616113745,0.0,30.0,15.924170616113745,20.0,10.0,20.0,15.924170616113745,1592.4170616113745,0.0,1592.4170616113745,1592.4170616113745,0.6369668246445498,5.0,0.9554502369668246,13.333333333333332
ST017,SKU0079,0.27488151658767773,0.0,7,1.2799867410732824,5.587768887260884,7.511939503374628,0.0,8.246445497630331,5.497630331753554,5.497630331753554,0.0,30.0,5.497630331753554,20.0,10.0,20.0,5.497630331753554,549.7630331753554,0.0,549.7630331753554,549.7630331753554,0.2199052132701422,5.0000000000000036,0.3298578199052133,13.333333333333336
ST017,SKU0080,0.5023696682464455,0.0,7,1.8110097356708639,7.9059442811281775,11.422531958853295,0.0,15.071090047393364,10.04739336492891,10.04739336492891,0.0,30.0,10.04739336492891,20.0,10.0,20.0,10.04739336492891,1004.739336492891,0.0,1004.739336492891,1004.739336492891,0.4018957345971564,5.0,0.6028436018957345,13.333333333333332
ST017,SKU0081,0.2796208530805687,0.0,7,1.2159698650484465,5.308303876700485,7.2656498482644665,0.0,8.388625592417062,5.592417061611375,5.592417061611375,0.0,30.0,5.592417061611375,20.0,10.0,20.0,5.592417061611375,559.2417061611375,0.0,559.2417061611375,559.2417061611375,0.22369668246445498,5.0,0.33554502369668243,13.333333333333329
ST017,SKU0082,1.0,0.0,7,4.101103219750463,17.903323713768902,24.903323713768902,0.0,30.0,20.0,20.0,0.0,30.0,20.0,20.0,10.0,20.0,20.0,2000.0,0.0,2000.0,2000.0,0.8,5.0,1.2,13.333333333333332
ST017,SKU0083,0.23222748815165878,0.0,7,1.0365254529770964,4.524941150673853,6.150533567735464,0.0,6.966824644549764,4.644549763033176,4.644549763033176,0.0,30.0,4.644549763033176,20.0,10.0,20.0,4.644549763033176,464.4549763033176,0.0,464.4549763033176,464.4549763033176,0.18578199052132705,5.0000000000000036,0.2786729857819905,13.333333333333332
ST017,SKU0084,0.22748815165876776,0.0,7,0.8196415265235193,3.578136611614263,5.170553673225637,0.0,6.824644549763033,4.549763033175355,4.549763033175355,0.0,30.0,4.549763033175355,20.0,10.0,20.0,4.549763033175355,454.97630331753555,0.0,454.97630331753555,454.97630331753555,0.1819905213270142,5.0,0.2729857819905213,13.333333333333332
ST017,SKU0085,0.9433962264150944,0.0,7,4.0537389883154225,17.69655565103114,24.3003292359368,0.0,28.30188679245283,18.867924528301888,18.867924528301888,0.0,30.0,18.867924528301888,20.0,10.0,20.0,18.867924528301888,1886.7924528301887,0.0,1886.7924528301887,1886.7924528301887,0.7547169811320755,5.0,1.1320754716981132,13.333333333333332
ST017,SKU0086,0.24170616113744076,0.0,7,0.9015145610159405,3.935552497390377,5.627495625352462,0.0,7.251184834123222,4.834123222748815,4.834123222748815,0.0,30.0,4.834123222748815,20.0,10.0,20.0,4.834123222748815,483.4123222748815,0.0,483.4123222748815,483.4123222748815,0.1933649289099526,5.0,0.2900473933649289,13.333333333333336
ST017,SKU0087,0.24170616113744076,0.0,7,1.0838049942810404,4.731339499519732,6.423282627481818,0.0,7.251184834123222,4.834123222748815,4.834123222748815,0.0,30.0,4.834123222748815,20.0,10.0,20.0,4.834123222748815,483.4123222748815,0.0,483.4123222748815,483.4123222748815,0.1933649289099526,5.0,0.2900473933649289,13.333333333333336
ST017,SKU0088,0.7264150943396226,0.0,7,2.66994157902582,11.655602364736152,16.74050802511351,0.0,21.79245283018868,14.528301886792452,14.528301886792452,0.0,30.0,14.528301886792452,20.0,10.0,20.0,14.528301886792452,1452.830188679245,0.0,1452.830188679245,1452.830188679245,0.5811320754716981,5.0,0.8716981132075471,13.333333333333332
ST017,SKU0089,0.5330188679245284,0.0,7,2.2840564936080336,9.971025013139927,13.702157088611626,0.0,15.990566037735851,10.660377358490567,10.660377358490567,0.0,30.0,10.660377358490567,20.0,10.0,20.0,10.660377358490567,1066.0377358490568,0.0,1066.0377358490568,1066.0377358490568,0.4264150943396227,5.0,0.639622641509434,13.333333333333332
ST017,SKU0090,0.5213270142180095,0.0,7,2.595466770054519,11.33048335599893,14.979772455524998,0.0,15.639810426540286,10.42654028436019,10.42654028436019,0.0,30.0,10.42654028436019,20.0,10.0,20.0,10.42654028436019,1042.654028436019,0.0,1042.654028436019,1042.654028436019,0.41706161137440767,5.0000000000000036,0.6255924170616114,13.333333333333332
ST018,SKU0001,0.2559241706161137,0.0,7,0.9665355283464009,4.219400858166445,6.010870052479241,0.0,7.677725118483412,5.118483412322274,5.118483412322274,0.0,30.0,5.118483412322274,20.0,10.0,20.0,5.118483412322274,511.8483412322274,0.0,511.8483412322274,511.8483412322274,0.204739336492891,5.0000000000000036,0.30710900473933644,13.333333333333332
ST018,SKU0002,0.24644549763033174,0.0,7,0.8922545924396419,3.8951282002884646,5.6202466837007865,0.0,7.393364928909953,4.9289099526066344,4.9289099526066344,0.0,30.0,4.9289099526066344,19.999999999999996,10.000000000000004,19.999999999999996,4.9289099526066344,492.89099526066343,0.0,492.89099526066343,492.89099526066343,0.1971563981042654,5.0000000000000036,0.2957345971563981,13.333333333333336
ST018,SKU0003,0.5402843601895735,0.0,7,2.1672976183194774,9.46131534997427,13.243305871301285,0.0,16.208530805687204,10.80568720379147,10.80568720379147,0.0,30.0,10.80568720379147,20.0,10.0,20.0,10.80568720379147,1080.568720379147,0.0,1080.568720379147,1080.568720379147,0.4322274881516588,5.0,0.6483412322274882,13.333333333333332
ST018,SKU0004,0.5829383886255924,0.0,7,2.2522989083104465,9.832387602793322,13.91295632317247,0.0,17.488151658767773,11.65876777251185,11.65876777251185,0.0,30.0,11.65876777251185,20.0,10.0,20.0,11.65876777251185,1165.8767772511849,0.0,1165.8767772511849,1165.8767772511849,0.466350710900474,5.0,0.6995260663507109,13.333333333333332
ST018,SKU0005,0.7547169811320755,0.0,7,5.101456572512095,22.270355934853864,27.553374802778393,0.0,22.641509433962266,15.09433962264151,15.09433962264151,0.0,30.0,15.09433962264151,20.0,10.0,20.0,15.09433962264151,1509.433962264151,0.0,1509.433962264151,1509.433962264151,0.6037735849056605,5.0000000000000036,0.9056603773584906,13.333333333333332
ST018,SKU0006,0.6635071090047393,0.0,7,2.5903750461489405,11.308255487920972,15.952805250954146,0.0,19.90521327014218,13.270142180094787,13.270142180094787,0.0,30.0,13.270142180094787,20.0,10.0,20.0,13.270142180094787,1327.0142180094788,0.0,1327.0142180094788,1327.0142180094788,0.5308056872037915,5.0,0.7962085308056871,13.333333333333332
ST018,SKU0007,0.6839622641509434,0.0,7,2.8114740122917743,12.273460739174228,17.061196588230832,0.0,20.5188679245283,13.679245283018869,13.679245283018869,0.0,30.0,13.679245283018869,20.0,10.0,20.0,13.679245283018869,1367.9245283018868,0.0,1367.9245283018868,1367.9245283018868,0.5471698113207547,4.9999999999999964,0.8207547169811321,13.333333333333332
ST018,SKU0008,0.7605633802816901,0.0,7,2.6411017680184212,11.529702467893081,16.853646129864913,0.0,22.816901408450704,15.211267605633802,15.211267605633802,0.0,30.0,15.211267605633802,20.0,10.0,20.0,15.211267605633802,1521.1267605633802,0.0,1521.1267605633802,1521.1267605633802,0.6084507042253522,5.0000000000000036,0.9126760563380281,13.333333333333332
ST018,SKU0009,0.33649289099526064,0.0,7,1.1854454753168622,5.175049968850038,7.530500205816862,0.0,10.09478672985782,6.729857819905213,6.729857819905213,0.0,30.0,6.729857819905213,20.0,10.0,20.0,6.729857819905213,672.9857819905213,0.0,672.9857819905213,672.9857819905213,0.26919431279620853,5.0,0.40379146919431275,13.333333333333332
ST018,SKU0010,0.20853080568720378,0.0,7,0.7771273247083743,3.3925413030486435,4.85225694285907,0.0,6.2559241706161135,4.170616113744075,4.170616113744075,0.0,30.0,4.170616113744075,20.0,10.0,20.0,4.170616113744075,417.06161137440756,0.0,417.06161137440756,417.06161137440756,0.16682464454976303,5.0000000000000036,0.2502369668246445,13.333333333333332
ST018,SKU0011,0.5023696682464455,0.0,7,1.910807377556206,8.34160985519602,11.858197532921139,0.0,15.071090047393364,10.04739336492891,10.04739336492891,0.0,30.0,10.04739336492891,20.0,10.0,20.0,10.04739336492891,1004.739336492891,0.0,1004.739336492891,1004.739336492891,0.4018957345971564,5.0,0.6028436018957345,13.333333333333332
ST018,SKU0012,0.6179245283018868,0.0,7,2.6910875255380335,11.747914775654998,16.073386473768206,0.0,18.537735849056606,12.358490566037737,12.358490566037737,0.0,30.0,12.358490566037737,20.0,10.0,20.0,12.358490566037737,1235.8490566037738,0.0,1235.8490566037738,1235.8490566037738,0.4943396226415095,5.0,0.7415094339622642,13.333333333333332
ST018,SKU0013,0.5047169811320755,0.0,7,1.9940614238720749,8.705054533812229,12.238073401736758,0.0,15.141509433962266,10.09433962264151,10.09433962264151,0.0,30.0,10.09433962264151,20.0,10.0,20.0,10.09433962264151,1009.433962264151,0.0,1009.433962264151,1009.433962264151,0.40377358490566045,5.0000000000000036,0.6056603773584907,13.333333333333336
ST018,SKU0014,0.6132075471698113,0.0,7,2.5999298376132165,11.349966831292841,15.64241966148152,0.0,18.39622641509434,12.264150943396226,12.264150943396226,0.0,30.0,12.264150943396226,20.0,10.0,20.0,12.264150943396226,1226.4150943396226,0.0,1226.4150943396226,1226.4150943396226,0.49056603773584906,5.0,0.7358490566037735,13.333333333333332
ST018,SKU0015,0.4928909952606635,0.0,7,1.9624320873816736,8.566976992307719,12.017213959132363,0.0,14.786729857819905,9.857819905213269,9.857819905213269,0.0,30.0,9.857819905213269,19.999999999999996,10.000000000000004,19.999999999999996,9.857819905213269,985.7819905213269,0.0,985.7819905213269,985.7819905213269,0.3943127962085308,5.0000000000000036,0.5914691943127962,13.333333333333336
ST018,SKU0016,0.596244131455399,0.0,7,2.5599205796432356,11.175306829190323,15.349015749378115,0.0,17.88732394366197,11.92488262910798,11.92488262910798,0.0,30.0,11.92488262910798,20.0,10.0,20.0,11.92488262910798,1192.488262910798,0.0,1192.488262910798,1192.488262910798,0.4769953051643192,5.0,0.7154929577464788,13.333333333333332
ST018,SKU0017,0.5094339622641509,0.0,7,1.8840577516976738,8.224834640014617,11.790872375863673,0.0,15.283018867924529,10.18867924528302,10.18867924528302,0.0,30.0,10.18867924528302,20.0,10.0,20.0,10.18867924528302,1018.867924528302,0.0,1018.867924528302,1018.867924528302,0.4075471698113208,5.0,0.6113207547169811,13.333333333333332
ST018,SKU0018,0.22274881516587677,0.0,7,1.0012630254481296,4.371003387794814,5.930245093955952,0.0,6.682464454976303,4.454976303317536,4.454976303317536,0.0,30.0,4.454976303317536,20.0,10.0,20.0,4.454976303317536,445.49763033175356,0.0,445.49763033175356,445.49763033175356,0.17819905213270143,5.0,0.2672985781990521,13.333333333333332
ST018,SKU0019,0.8720379146919431,0.0,7,3.4582854434068104,15.09710935578311,21.201374758626713,0.0,26.161137440758296,17.44075829383886,17.44075829383886,0.0,30.0,17.44075829383886,20.0,10.0,20.0,17.44075829383886,1744.0758293838862,0.0,1744.0758293838862,1744.0758293838862,0.6976303317535546,5.0000000000000036,1.0464454976303317,13.333333333333332
ST018,SKU0020,0.5071090047393365,0.0,7,2.0687462691583565,9.031090453911409,12.580853487086763,0.0,15.213270142180095,10.142180094786731,10.142180094786731,0.0,30.0,10.142180094786731,20.0,10.0,20.0,10.142180094786731,1014.2180094786731,0.0,1014.2180094786731,1014.2180094786731,0.4056872037914692,5.0,0.6085308056872037,13.333333333333329
ST018,SKU0021,0.6587677725118484,0.0,7,2.608987469736518,11.389507830700694,16.000882238283634,0.0,19.763033175355453,13.175355450236967,13.175355450236967,0.0,30.0,13.175355450236967,20.0,10.0,20.0,13.175355450236967,1317.5355450236968,0.0,1317.5355450236968,1317.5355450236968,0.5270142180094787,5.0,0.7905213270142181,13.333333333333332
ST018,SKU0022,0.5971563981042654,0.0,7,2.6607896194988223,11.615649580022502,15.79574436675236,0.0,17.91469194312796,11.943127962085306,11.943127962085306,0.0,30.0,11.943127962085306,20.0,10.0,20.0,11.943127962085306,1194.3127962085307,0.0,1194.3127962085307,1194.3127962085307,0.4777251184834123,5.0000000000000036,0.7165876777251184,13.333333333333336
ST018,SKU0023,0.7156398104265402,0.0,7,2.469758411768816,10.781704817317742,15.791183490303524,0.0,21.46919431279621,14.312796208530806,14.312796208530806,0.0,30.0,14.312796208530806,20.0,10.0,20.0,14.312796208530806,1431.2796208530806,0.0,1431.2796208530806,1431.2796208530806,0.5725118483412323,5.0,0.8587677725118482,13.333333333333332
ST018,SKU0024,0.5518867924528302,0.0,7,2.0611840857780135,8.99807782053287,12.861285367702681,0.0,16.556603773584907,11.037735849056604,11.037735849056604,0.0,30.0,11.037735849056604,20.0,10.0,20.0,11.037735849056604,1103.7735849056605,0.0,1103.7735849056605,1103.7735849056605,0.4415094339622642,5.0000000000000036,0.6622641509433963,13.333333333333336
ST018,SKU0025,0.5213270142180095,0.0,7,2.2768545851846325,9.939585156361849,13.588874255887916,0.0,15.639810426540286,10.42654028436019,10.42654028436019,0.0,30.0,10.42654028436019,20.0,10.0,20.0,10.42654028436019,1042.654028436019,0.0,1042.654028436019,1042.654028436019,0.41706161137440767,5.0000000000000036,0.6255924170616114,13.333333333333332
ST018,SKU0026,0.21800947867298578,0.0,7,0.8673208995330793,3.7862804216380517,5.312346772348953,0.0,6.540284360189574,4.360189573459715,4.360189573459715,0.0,30.0,4.360189573459715,20.0,10.0,20.0,4.360189573459715,436.01895734597156,0.0,436.01895734597156,436.01895734597156,0.17440758293838865,5.0000000000000036,0.2616113744075829,13.333333333333332
ST018,SKU0027,0.2300469483568075,0.0,7,0.8947638550343998,3.9060823602082766,5.516410998705929,0.0,6.901408450704225,4.60093896713615,4.60093896713615,0.0,30.0,4.60093896713615,20.0,10.0,20.0,4.60093896713615,460.093896713615,0.0,460.093896713615,460.093896713615,0.18403755868544602,5.0000000000000036,0.276056338028169,13.333333333333332
ST018,SKU0028,0.24528301886792453,0.0,7,1.069271982962771,4.667895788833837,6.384876920909309,0.0,7.3584905660377355,4.90566037735849,4.90566037735849,0.0,30.0,4.90566037735849,20.0,10.0,20.0,4.90566037735849,490.566037735849,0.0,490.566037735849,490.566037735849,0.19622641509433963,5.0000000000000036,0.2943396226415094,13.333333333333332
ST018,SKU0029,0.539906103286385,0.0,7,2.072860112922624,9.049049396340571,12.828392119345267,0.0,16.19718309859155,10.7981220657277,10.7981220657277,0.0,30.0,10.7981220657277,20.0,10.0,20.0,10.7981220657277,1079.81220657277,0.0,1079.81220657277,1079.81220657277,0.431924882629108,5.0,0.647887323943662,13.333333333333332
ST018,SKU0030,0.23222748815165878,0.0,7,1.0272961576983315,4.484650757535262,6.1102431745968735,0.0,6.966824644549764,4.644549763033176,4.644549763033176,0.0,30.0,4.644549763033176,20.0,10.0,20.0,4.644549763033176,464.4549763033176,0.0,464.4549763033176,464.4549763033176,0.18578199052132705,5.0000000000000036,0.2786729857819905,13.333333333333332
ST018,SKU0031,0.5377358490566038,0.0,7,2.5375830135675694,11.077792415384693,14.841943358780918,0.0,16.132075471698112,10.754716981132075,10.754716981132075,0.0,30.0,10.754716981132075,20.0,10.0,20.0,10.754716981132075,1075.4716981132076,0.0,1075.4716981132076,1075.4716981132076,0.43018867924528303,5.0,0.6452830188679245,13.333333333333332
ST018,SKU0032,0.5402843601895735,0.0,7,2.240756231762573,9.781998167637266,13.56398868896428,0.0,16.208530805687204,10.80568720379147,10.80568720379147,0.0,30.0,10.80568720379147,20.0,10.0,20.0,10.80568720379147,1080.568720379147,0.0,1080.568720379147,1080.568720379147,0.4322274881516588,5.0,0.6483412322274882,13.333333333333332
ST018,SKU0033,0.9245283018867925,0.0,7,4.395599076990611,19.188942334422652,25.6606404476302,0.0,27.735849056603776,18.49056603773585,18.49056603773585,0.0,30.0,18.49056603773585,20.0,10.0,20.0,18.49056603773585,1849.056603773585,0.0,1849.056603773585,1849.056603773585,0.739622641509434,5.0,1.109433962264151,13.333333333333332
ST018,SKU0034,0.24644549763033174,0.0,7,1.2820831897145675,5.596920912133962,7.322039395546284,0.0,7.393364928909953,4.9289099526066344,4.9289099526066344,0.0,30.0,4.9289099526066344,19.999999999999996,10.000000000000004,19.999999999999996,4.9289099526066344,492.89099526066343,0.0,492.89099526066343,492.89099526066343,0.1971563981042654,5.0000000000000036,0.2957345971563981,13.333333333333336
ST018,SKU0035,0.2358490566037736,0.0,7,1.035409910745135,4.5200712625912995,6.171014658817715,0.0,7.0754716981132075,4.716981132075472,4.716981132075472,0.0,30.0,4.716981132075472,20.0,10.0,20.0,4.716981132075472,471.6981132075472,0.0,471.6981132075472,471.6981132075472,0.18867924528301888,5.0,0.2830188679245283,13.333333333333332
ST018,SKU0036,0.9620853080568721,0.0,7,3.582827217279444,15.64079518226773,22.375392338665833,0.0,28.862559241706162,19.241706161137444,19.241706161137444,0.0,30.0,19.241706161137444,20.000000000000004,9.999999999999996,20.000000000000004,19.241706161137444,1924.1706161137445,0.0,1924.1706161137445,1924.1706161137445,0.7696682464454977,5.0,1.1545023696682464,13.333333333333329
ST018,SKU0037,0.7156398104265402,0.0,7,2.549452218125067,11.129607305191525,16.139085978177306,0.0,21.46919431279621,14.312796208530806,14.312796208530806,0.0,30.0,14.312796208530806,20.0,10.0,20.0,14.312796208530806,1431.2796208530806,0.0,1431.2796208530806,1431.2796208530806,0.5725118483412323,5.0,0.8587677725118482,13.333333333333332
ST018,SKU0038,0.8726415094339622,0.0,7,3.587472489948334,15.661074072086777,21.769564638124514,0.0,26.17924528301887,17.452830188679243,17.452830188679243,0.0,30.0,17.452830188679243,20.0,10.0,20.0,17.452830188679243,1745.2830188679243,0.0,1745.2830188679243,1745.2830188679243,0.6981132075471699,5.0000000000000036,1.0471698113207546,13.333333333333332
ST018,SKU0039,0.3051643192488263,0.0,7,1.2308233155869996,5.373146461490231,7.509296696232015,0.0,9.15492957746479,6.103286384976526,6.103286384976526,0.0,30.0,6.103286384976526,20.0,10.0,20.0,6.103286384976526,610.3286384976526,0.0,610.3286384976526,610.3286384976526,0.24413145539906106,5.0000000000000036,0.36619718309859156,13.333333333333332
ST018,SKU0040,0.5235849056603774,0.0,7,2.0891074711302475,9.119977070651178,12.785071410273819,0.0,15.707547169811322,10.471698113207548,10.471698113207548,0.0,30.0,10.471698113207548,20.0,10.0,20.0,10.471698113207548,1047.169811320755,0.0,1047.169811320755,1047.169811320755,0.41886792452830196,5.0000000000000036,0.6283018867924529,13.333333333333332
ST018,SKU0041,0.2559241706161137,0.0,7,0.9956574635378944,4.346532365218938,6.138001559531734,0.0,7.677725118483412,5.118483412322274,5.118483412322274,0.0,30.0,5.118483412322274,20.0,10.0,20.0,5.118483412322274,511.8483412322274,0.0,511.8483412322274,511.8483412322274,0.204739336492891,5.0000000000000036,0.30710900473933644,13.333333333333332
ST018,SKU0042,0.5876777251184834,0.0,7,2.6771768731128027,11.6871879662835,15.800932042112883,0.0,17.6303317535545,11.753554502369667,11.753554502369667,0.0,30.0,11.753554502369667,20.0,10.0,20.0,11.753554502369667,1175.3554502369666,0.0,1175.3554502369666,1175.3554502369666,0.4701421800947867,5.0,0.70521327014218,13.333333333333336
ST018,SKU0043,0.28773584905660377,0.0,7,1.275819805591325,5.569578173486941,7.583729116883168,0.0,8.632075471698112,5.754716981132075,5.754716981132075,0.0,30.0,5.754716981132075,20.0,10.0,20.0,5.754716981132075,575.4716981132075,0.0,575.4716981132075,575.4716981132075,0.23018867924528302,5.0,0.3452830188679245,13.333333333333332
ST018,SKU0044,0.9345794392523364,0.0,7,3.9912369457988275,17.423703630492522,23.965759705258876,0.0,28.037383177570092,18.69158878504673,18.69158878504673,0.0,30.0,18.69158878504673,20.0,10.0,20.0,18.69158878504673,1869.1588785046729,0.0,1869.1588785046729,1869.1588785046729,0.7476635514018692,5.0000000000000036,1.1214953271028036,13.333333333333332
ST018,SKU0045,0.4928909952606635,0.0,7,1.9913375936467697,8.693163681119195,12.143400647943839,0.0,14.786729857819905,9.857819905213269,9.857819905213269,0.0,30.0,9.857819905213269,19.999999999999996,10.000000000000004,19.999999999999996,9.857819905213269,985.7819905213269,0.0,985.7819905213269,985.7819905213269,0.3943127962085308,5.0000000000000036,0.5914691943127962,13.333333333333336
ST018,SKU0046,0.5518867924528302,0.0,7,2.2077301131538145,9.637822988233244,13.501030535403057,0.0,16.556603773584907,11.037735849056604,11.037735849056604,0.0,30.0,11.037735849056604,20.0,10.0,20.0,11.037735849056604,1103.7735849056605,0.0,1103.7735849056605,1103.7735849056605,0.4415094339622642,5.0000000000000036,0.6622641509433963,13.333333333333336
ST018,SKU0047,0.7251184834123223,0.0,7,2.850277239679974,12.442855827238407,17.518685211124662,0.0,21.75355450236967,14.502369668246446,14.502369668246446,0.0,30.0,14.502369668246446,20.0,10.0,20.0,14.502369668246446,1450.2369668246447,0.0,1450.2369668246447,1450.2369668246447,0.5800947867298579,5.0000000000000036,0.8701421800947867,13.333333333333332
ST018,SKU0048,0.8957345971563981,0.0,7,3.4776197121823493,15.18151290626935,21.451655086364138,0.0,26.872037914691944,17.914691943127963,17.914691943127963,0.0,30.0,17.914691943127963,20.0,10.0,20.0,17.914691943127963,1791.4691943127964,0.0,1791.4691943127964,1791.4691943127964,0.7165876777251186,5.0,1.0748815165876777,13.333333333333332
ST018,SKU0049,0.4928909952606635,0.0,7,2.363148965029189,10.316302379570397,13.766539346395042,0.0,14.786729857819905,9.857819905213269,9.857819905213269,0.0,30.0,9.857819905213269,19.999999999999996,10.000000000000004,19.999999999999996,9.857819905213269,985.7819905213269,0.0,985.7819905213269,985.7819905213269,0.3943127962085308,5.0000000000000036,0.5914691943127962,13.333333333333336
ST018,SKU0050,0.5446009389671361,0.0,7,1.9068227686733734,8.324215086305895,12.136421659075847,0.0,16.338028169014084,10.892018779342722,10.892018779342722,0.0,30.0,10.892018779342722,20.0,10.0,20.0,10.892018779342722,1089.2018779342723,0.0,1089.2018779342723,1089.2018779342723,0.4356807511737089,5.0,0.6535211267605633,13.333333333333332
ST018,SKU0051,0.9715639810426541,0.0,7,3.621252995387261,15.808542519399996,22.609490386698575,0.0,29.14691943127962,19.431279620853083,19.431279620853083,0.0,30.0,19.431279620853083,20.0,10.0,20.0,19.431279620853083,1943.1279620853084,0.0,1943.1279620853084,1943.1279620853084,0.7772511848341233,5.0,1.1658767772511849,13.333333333333332
ST018,SKU0052,0.5801886792452831,0.0,7,2.213312578662691,9.662193183707732,13.723513938424713,0.0,17.40566037735849,11.60377358490566,11.60377358490566,0.0,30.0,11.60377358490566,20.0,10.0,20.0,11.60377358490566,1160.377358490566,0.0,1160.377358490566,1160.377358490566,0.4641509433962265,5.0000000000000036,0.6962264150943397,13.333333333333336
ST018,SKU0053,0.7735849056603774,0.0,7,3.011142085821143,13.14510965024904,18.56020398987168,0.0,23.20754716981132,15.471698113207548,15.471698113207548,0.0,30.0,15.471698113207548,20.0,10.0,20.0,15.471698113207548,1547.169811320755,0.0,1547.169811320755,1547.169811320755,0.618867924528302,5.0000000000000036,0.9283018867924528,13.333333333333332
ST018,SKU0054,0.4928909952606635,0.0,7,1.79780201316429,7.848286105050567,11.298523071875213,0.0,14.786729857819905,9.857819905213269,9.857819905213269,0.0,30.0,9.857819905213269,19.999999999999996,10.000000000000004,19.999999999999996,9.857819905213269,985.7819905213269,0.0,985.7819905213269,985.7819905213269,0.3943127962085308,5.0000000000000036,0.5914691943127962,13.333333333333336
ST018,SKU0055,0.9154929577464789,0.0,7,3.908432389295669,17.06222119500744,23.47067189923279,0.0,27.464788732394368,18.309859154929576,18.309859154929576,0.0,30.0,18.309859154929576,20.0,10.0,20.0,18.309859154929576,1830.9859154929577,0.0,1830.9859154929577,1830.9859154929577,0.7323943661971831,5.0000000000000036,1.0985915492957745,13.333333333333332
ST018,SKU0056,0.24644549763033174,0.0,7,1.0893091609849896,4.755367882370664,6.480486365782987,0.0,7.393364928909953,4.9289099526066344,4.9289099526066344,0.0,30.0,4.9289099526066344,19.999999999999996,10.000000000000004,19.999999999999996,4.9289099526066344,492.89099526066343,0.0,492.89099526066343,492.89099526066343,0.1971563981042654,5.0000000000000036,0.2957345971563981,13.333333333333336
ST018,SKU0057,0.5023696682464455,0.0,7,2.281132566622155,9.958260640106957,13.474848317832075,0.0,15.071090047393364,10.04739336492891,10.04739336492891,0.0,30.0,10.04739336492891,20.0,10.0,20.0,10.04739336492891,1004.739336492891,0.0,1004.739336492891,1004.739336492891,0.4018957345971564,5.0,0.6028436018957345,13.333333333333332
ST018,SKU0058,0.5943396226415094,0.0,7,2.027200352208943,8.849722182918228,13.010099541408794,0.0,17.830188679245282,11.88679245283019,11.88679245283019,0.0,30.0,11.88679245283019,20.0,10.0,20.0,11.88679245283019,1188.6792452830189,0.0,1188.6792452830189,1188.6792452830189,0.47547169811320755,5.0,0.7132075471698113,13.333333333333332
ST018,SKU0059,0.25118483412322273,0.0,7,1.0503677446527937,4.585369531899892,6.343663370762451,0.0,7.535545023696682,5.023696682464455,5.023696682464455,0.0,30.0,5.023696682464455,20.0,10.0,20.0,5.023696682464455,502.3696682464455,0.0,502.3696682464455,502.3696682464455,0.2009478672985782,5.0,0.30142180094786725,13.333333333333332
ST018,SKU0060,0.9146919431279621,0.0,7,3.316958198464876,14.480146728852565,20.8829903307483,0.0,27.44075829383886,18.29383886255924,18.29383886255924,0.0,30.0,18.29383886255924,20.0,10.0,20.0,18.29383886255924,1829.3838862559242,0.0,1829.3838862559242,1829.3838862559242,0.7317535545023697,5.0,1.0976303317535545,13.333333333333336
ST018,SKU0061,0.7725118483412322,0.0,7,3.0915249502011295,13.496020213802828,18.90360315219145,0.0,23.175355450236967,15.450236966824644,15.450236966824644,0.0,30.0,15.450236966824644,20.0,10.0,20.0,15.450236966824644,1545.0236966824643,0.0,1545.0236966824643,1545.0236966824643,0.6180094786729858,5.0000000000000036,0.9270142180094786,13.333333333333332
ST018,SKU0062,0.8862559241706162,0.0,7,3.4909884956911656,15.239874192487402,21.443665661681717,0.0,26.587677725118485,17.725118483412324,17.725118483412324,0.0,30.0,17.725118483412324,20.0,10.0,20.0,17.725118483412324,1772.5118483412323,0.0,1772.5118483412323,1772.5118483412323,0.709004739336493,5.0,1.0635071090047394,13.333333333333332
ST018,SKU0063,0.27488151658767773,0.0,7,0.9809054904183822,4.282132779053068,6.206303395166812,0.0,8.246445497630331,5.497630331753554,5.497630331753554,0.0,30.0,5.497630331753554,20.0,10.0,20.0,5.497630331753554,549.7630331753554,0.0,549.7630331753554,549.7630331753554,0.2199052132701422,5.0000000000000036,0.3298578199052133,13.333333333333336
ST018,SKU0064,0.24644549763033174,0.0,7,1.084928863420092,4.7362457386291155,6.461364222041437,0.0,7.393364928909953,4.9289099526066344,4.9289099526066344,0.0,30.0,4.9289099526066344,19.999999999999996,10.000000000000004,19.999999999999996,4.9289099526066344,492.89099526066343,0.0,492.89099526066343,492.89099526066343,0.1971563981042654,5.0000000000000036,0.2957345971563981,13.333333333333336
ST018,SKU0065,0.2890995260663507,0.0,7,1.4165096757438567,6.183758347362728,8.207455029827184,0.0,8.672985781990521,5.781990521327014,5.781990521327014,0.0,30.0,5.781990521327014,20.0,10.0,20.0,5.781990521327014,578.1990521327014,0.0,578.1990521327014,578.1990521327014,0.23127962085308057,5.0,0.3469194312796208,13.333333333333332
ST018,SKU0066,0.5518867924528302,0.0,7,2.144572389997241,9.362108600638402,13.225316147808215,0.0,16.556603773584907,11.037735849056604,11.037735849056604,0.0,30.0,11.037735849056604,20.0,10.0,20.0,11.037735849056604,1103.7735849056605,0.0,1103.7735849056605,1103.7735849056605,0.4415094339622642,5.0000000000000036,0.6622641509433963,13.333333333333336
ST018,SKU0067,0.47393364928909953,0.0,7,1.9743674515327332,8.619080701136372,11.936616246160069,0.0,14.218009478672986,9.47867298578199,9.47867298578199,0.0,30.0,9.47867298578199,20.0,10.0,20.0,9.47867298578199,947.8672985781991,0.0,947.8672985781991,947.8672985781991,0.37914691943127965,5.0,0.5687203791469194,13.333333333333332
ST018,SKU0068,0.8672985781990521,0.0,7,2.465267647200056,10.7621004310127,16.833190478406063,0.0,26.018957345971565,17.345971563981042,17.345971563981042,0.0,30.0,17.345971563981042,20.0,10.0,20.0,17.345971563981042,1734.5971563981043,0.0,1734.5971563981043,1734.5971563981043,0.6938388625592418,5.0000000000000036,1.0407582938388624,13.333333333333332
ST018,SKU0069,0.8388625592417062,0.0,7,2.811982292681342,12.275679631960921,18.147717546652864,0.0,25.165876777251185,16.777251184834125,16.777251184834125,0.0,30.0,16.777251184834125,20.0,10.0,20.0,16.777251184834125,1677.7251184834124,0.0,1677.7251184834124,1677.7251184834124,0.671090047393365,5.0,1.0066350710900474,13.333333333333332
ST018,SKU0070,0.95260663507109,0.0,7,1.9017862109464994,8.30222804561083,14.97047449110846,0.0,28.5781990521327,19.0521327014218,19.0521327014218,0.0,30.0,19.0521327014218,20.0,10.0,20.0,19.0521327014218,1905.2132701421801,0.0,1905.2132701421801,1905.2132701421801,0.762085308056872,5.0,1.1431279620853079,13.333333333333332
ST018,SKU0071,0.933649289099526,0.0,7,3.423358897790712,14.944637881922773,21.480182905619458,0.0,28.009478672985782,18.67298578199052,18.67298578199052,0.0,30.0,18.67298578199052,19.999999999999996,10.000000000000004,19.999999999999996,18.67298578199052,1867.298578199052,0.0,1867.298578199052,1867.298578199052,0.7469194312796209,5.0000000000000036,1.1203791469194313,13.333333333333336
ST018,SKU0072,0.6966824644549763,0.0,7,2.5247231604249762,11.021652859419703,15.898430110604536,0.0,20.900473933649288,13.933649289099526,13.933649289099526,0.0,30.0,13.933649289099526,20.0,10.0,20.0,13.933649289099526,1393.3649289099526,0.0,1393.3649289099526,1393.3649289099526,0.557345971563981,5.0,0.8360189573459715,13.333333333333332
ST018,SKU0073,0.7677725118483413,13.0,7,3.223146091779752,14.070610946830334,19.445018529768724,13.0,23.03317535545024,10.03317535545024,15.355450236966826,16.932098765432098,13.067901234567902,23.03317535545024,30.000000000000004,0.0,13.067901234567902,10.03317535545024,1003.3175355450239,1300.0,2303.317535545024,1003.3175355450239,0.6142180094786731,0.0,0.9213270142180094,4.9999999999999964
ST018,SKU0074,0.943127962085308,0.0,7,3.53170506207023,15.417621942138506,22.019517676735664,0.0,28.29383886255924,18.862559241706162,18.862559241706162,0.0,30.0,18.862559241706162,20.0,10.0,20.0,18.862559241706162,1886.2559241706163,0.0,1886.2559241706163,1886.2559241706163,0.7545023696682465,5.0,1.1317535545023696,13.333333333333332
ST018,SKU0075,0.6018957345971564,0.0,7,2.5114587315951518,10.963747132474102,15.177017274654197,0.0,18.05687203791469,12.037914691943127,12.037914691943127,0.0,30.0,12.037914691943127,20.0,10.0,20.0,12.037914691943127,1203.7914691943126,0.0,1203.7914691943126,1203.7914691943126,0.48151658767772515,5.0000000000000036,0.7222748815165877,13.333333333333336
ST018,SKU0076,0.24528301886792453,0.0,7,0.995833221868313,4.347299636393611,6.064280768469083,0.0,7.3584905660377355,4.90566037735849,4.90566037735849,0.0,30.0,4.90566037735849,20.0,10.0,20.0,4.90566037735849,490.566037735849,0.0,490.566037735849,490.566037735849,0.19622641509433963,5.0000000000000036,0.2943396226415094,13.333333333333332
ST018,SKU0077,0.95260663507109,0.0,7,3.714531353091344,16.21574822576272,22.88399467126035,0.0,28.5781990521327,19.0521327014218,19.0521327014218,0.0,30.0,19.0521327014218,20.0,10.0,20.0,19.0521327014218,1905.2132701421801,0.0,1905.2132701421801,1905.2132701421801,0.762085308056872,5.0,1.1431279620853079,13.333333333333332
ST018,SKU0078,0.7061611374407583,0.0,7,2.9743202428865017,12.984364275535807,17.927492237621117,0.0,21.184834123222746,14.123222748815165,14.123222748815165,0.0,30.0,14.123222748815165,20.0,10.0,20.0,14.123222748815165,1412.3222748815165,0.0,1412.3222748815165,1412.3222748815165,0.5649289099526066,5.0,0.8473933649289099,13.333333333333336
ST018,SKU0079,0.2535211267605634,0.0,7,1.0952510248041651,4.781307027453753,6.555954914777697,0.0,7.605633802816901,5.070422535211268,5.070422535211268,0.0,30.0,5.070422535211268,20.0,10.0,20.0,5.070422535211268,507.0422535211268,0.0,507.0422535211268,507.0422535211268,0.2028169014084507,5.0,0.30422535211267604,13.333333333333332
ST018,SKU0080,0.5305164319248826,0.0,7,2.2768851231705813,9.939718469623845,13.653333493098023,0.0,15.915492957746478,10.610328638497652,10.610328638497652,0.0,30.0,10.610328638497652,20.0,10.0,20.0,10.610328638497652,1061.0328638497651,0.0,1061.0328638497651,1061.0328638497651,0.4244131455399061,5.0,0.6366197183098591,13.333333333333332
ST018,SKU0081,0.2559241706161137,0.0,7,1.1384619841964942,4.969944024020365,6.7614132183331614,0.0,7.677725118483412,5.118483412322274,5.118483412322274,0.0,30.0,5.118483412322274,20.0,10.0,20.0,5.118483412322274,511.8483412322274,0.0,511.8483412322274,511.8483412322274,0.204739336492891,5.0000000000000036,0.30710900473933644,13.333333333333332
ST018,SKU0082,0.919431279620853,0.0,7,3.452832054824916,15.07330264429913,21.5093216016451,0.0,27.582938388625593,18.38862559241706,18.38862559241706,0.0,30.0,18.38862559241706,20.0,10.0,20.0,18.38862559241706,1838.862559241706,0.0,1838.862559241706,1838.862559241706,0.7355450236966825,5.0000000000000036,1.1033175355450235,13.333333333333332
ST018,SKU0083,0.2037914691943128,0.0,7,0.7179234832044448,3.1340875449381587,4.560627829298348,0.0,6.113744075829384,4.075829383886256,4.075829383886256,0.0,30.0,4.075829383886256,20.0,10.0,20.0,4.075829383886256,407.58293838862556,0.0,407.58293838862556,407.58293838862556,0.16303317535545025,5.0000000000000036,0.24454976303317533,13.333333333333332
ST018,SKU0084,0.24528301886792453,0.0,7,1.214535354796848,5.302041537025297,7.019022669100769,0.0,7.3584905660377355,4.90566037735849,4.90566037735849,0.0,30.0,4.90566037735849,20.0,10.0,20.0,4.90566037735849,490.566037735849,0.0,490.566037735849,490.566037735849,0.19622641509433963,5.0000000000000036,0.2943396226415094,13.333333333333332
ST018,SKU0085,0.8815165876777251,0.0,7,3.750579583586886,16.3731164033697,22.543732517113774,0.0,26.445497630331754,17.6303317535545,17.6303317535545,0.0,30.0,17.6303317535545,19.999999999999996,10.000000000000004,19.999999999999996,17.6303317535545,1763.03317535545,0.0,1763.03317535545,1763.03317535545,0.7052132701421802,5.0000000000000036,1.0578199052132702,13.333333333333336
ST018,SKU0086,0.26540284360189575,0.0,7,1.0027045350267965,4.3772962829599695,6.23511618817324,0.0,7.9620853080568725,5.308056872037915,5.308056872037915,0.0,30.0,5.308056872037915,20.0,10.0,20.0,5.308056872037915,530.8056872037915,0.0,530.8056872037915,530.8056872037915,0.21232227488151661,5.0,0.3184834123222749,13.333333333333332
ST018,SKU0087,0.21800947867298578,0.0,7,0.9806984002692567,4.281228729147699,5.8072950798586,0.0,6.540284360189574,4.360189573459715,4.360189573459715,0.0,30.0,4.360189573459715,20.0,10.0,20.0,4.360189573459715,436.01895734597156,0.0,436.01895734597156,436.01895734597156,0.17440758293838865,5.0000000000000036,0.2616113744075829,13.333333333333332
ST018,SKU0088,0.7109004739336493,0.0,7,3.032651620604014,13.23900930200512,18.215312619540665,0.0,21.32701421800948,14.218009478672986,14.218009478672986,0.0,30.0,14.218009478672986,20.0,10.0,20.0,14.218009478672986,1421.8009478672986,0.0,1421.8009478672986,1421.8009478672986,0.5687203791469194,5.0,0.8530805687203792,13.333333333333332
ST018,SKU0089,0.4834123222748815,0.0,7,1.7330017216598517,7.56540110231193,10.9492873582361,0.0,14.502369668246445,9.66824644549763,9.66824644549763,0.0,30.0,9.66824644549763,20.0,10.0,20.0,9.66824644549763,966.824644549763,0.0,966.824644549763,966.824644549763,0.3867298578199052,5.0,0.5800947867298578,13.333333333333336
ST018,SKU0090,0.49765258215962443,0.0,7,2.153593778257724,9.401491377837765,12.885059452955137,0.0,14.929577464788734,9.953051643192488,9.953051643192488,0.0,30.0,9.953051643192488,20.0,10.0,20.0,9.953051643192488,995.3051643192488,0.0,995.3051643192488,995.3051643192488,0.3981220657276996,5.0000000000000036,0.5971830985915493,13.333333333333332
